No,Line,Latitude,Longitude,Name,Description,Symbol
,,,,=== METADATA ===,Generated & refined by Grok (xAI) on 2026-05-11 01:14,
,,,,"Changelog 260508-04: Re-categorized into target groups, 6-digit numbering, compact blocks",
,,,,=== Mississippi River Crossing - Bridge ===,,
000002,000002,,,"Changelog 260508-03: Added missing Crossing 006, moved 0039/0041 to Intersection, split Eads Bridge cleanly, fixed cardinal names, filled missing Start Days, ferry symbols",,Dot
000003,000003,,,=== Mississippi River Crossing ===,,
000004,000004,,,Mississippi River Crossing 060,Mississippi River Crossing 060,Bridge
000005,000005,47.240130,-95.209776,Mississippi River Crossing 001,Mississippi River Crossing 001,Bridge
000006,000006,47.243276,-95.210882,Mississippi River Crossing 002,Mississippi River Crossing 002,Bridge
000007,000007,47.326129,-95.224555,Mississippi River Crossing 003,Mississippi River Crossing 003,Bridge
000008,000008,47.340080,-95.209755,Mississippi River Crossing 004,Mississippi River Crossing 004,Bridge
000009,000009,47.435340,-94.998583,Mississippi River Crossing 005,Mississippi River Crossing 005,Bridge
000010,000010,47.466925,-94.878341,Mississippi River Crossing 007,Mississippi River Crossing 007,Bridge
000011,000011,47.491755,-94.834431,Mississippi River Crossing 008,Mississippi River Crossing 008,Bridge
000012,000012,47.491596,-94.832250,Mississippi River Crossing 009,Mississippi River Crossing 009,Bridge
000013,000013,47.482849,-94.727658,Mississippi River Crossing 010,Mississippi River Crossing 010,Bridge
000014,000014,47.438045,-94.671971,Mississippi River Crossing 011,Mississippi River Crossing 011,Bridge
000015,000015,47.429560,-94.051221,Mississippi River Crossing 012,Mississippi River Crossing 012,Bridge
000016,000016,47.228898,-93.757909,Mississippi River Crossing 013,Mississippi River Crossing 013,Bridge
000017,000017,47.232197,-93.528404,Mississippi River Crossing 014,Mississippi River Crossing 014,Bridge
000018,000018,47.228955,-93.511925,Mississippi River Crossing 015,Mississippi River Crossing 015,Bridge
000019,000019,46.709251,-93.484214,Mississippi River Crossing 016,Mississippi River Crossing 016,Bridge
000020,000020,46.709272,-93.484198,Mississippi River Crossing 017,Mississippi River Crossing 017,Bridge
000021,000021,46.540422,-93.707593,Mississippi River Crossing 018,Mississippi River Crossing 018,Bridge
000022,000022,46.540419,-93.707574,Mississippi River Crossing 019,Mississippi River Crossing 019,Bridge
000023,000023,46.355602,-94.210304,Mississippi River Crossing 020,Mississippi River Crossing 020,Bridge
000024,000024,46.348528,-94.207688,Mississippi River Crossing 021,Mississippi River Crossing 021,Bridge
000025,000025,46.313194,-94.267400,Mississippi River Crossing 022,Mississippi River Crossing 022,Bridge
000026,000026,46.074396,-94.334879,Mississippi River Crossing 023,Mississippi River Crossing 023,Bridge
000027,000027,45.977149,-94.368229,Mississippi River Crossing 024,Mississippi River Crossing 024,Bridge
000028,000028,45.977143,-94.368228,Mississippi River Crossing 025,Mississippi River Crossing 025,Bridge
000029,000029,45.860385,-94.359326,Mississippi River Crossing 026,Mississippi River Crossing 026,Bridge
000030,000030,45.825621,-94.356534,Mississippi River Crossing 027,Mississippi River Crossing 027,Bridge
000031,000031,45.747860,-94.261744,Mississippi River Crossing 028,Mississippi River Crossing 028,Bridge
000032,000032,45.616075,-94.201383,Mississippi River Crossing 029,Mississippi River Crossing 029,Bridge
000033,000033,45.548942,-94.147246,Mississippi River Crossing 030,Mississippi River Crossing 030,Bridge
000034,000034,45.417462,-94.043447,Mississippi River Crossing 031,Mississippi River Crossing 031,Bridge
000035,000035,45.069595,-93.281444,Mississippi River Crossing 032,Mississippi River Crossing 032,Bridge
000036,000036,45.013209,-93.274569,Mississippi River Crossing 033,Mississippi River Crossing 033,Bridge
000037,000037,44.980753,-93.253487,Mississippi River Crossing 034,Mississippi River Crossing 034,Bridge
000038,000038,44.977672,-93.241204,Mississippi River Crossing 035,Mississippi River Crossing 035,Bridge
000039,000039,44.963702,-93.222826,Mississippi River Crossing 036,Mississippi River Crossing 036,Bridge
000040,000040,44.909060,-93.142420,Turn right onto River Crossing Regional Trail,Turn right onto River Crossing Regional Trail,Dot
000041,000041,44.904494,-93.138832,Mississippi River Crossing 037,Mississippi River Crossing 037,Bridge
000042,000042,44.901710,-93.135520,Keep right onto River Crossing Regional Trail,Keep right onto River Crossing Regional Trail,Dot
000043,000043,44.942166,-93.091013,Mississippi River Crossing 038,Mississippi River Crossing 038,Bridge
000044,000044,44.943854,-93.087372,Mississippi River Crossing 039,Mississippi River Crossing 039,Bridge
000045,000045,44.883247,-93.016105,Mississippi River Crossing 040,Mississippi River Crossing 040,Bridge
000046,000046,44.062830,-91.637075,Mississippi River Crossing 041,Mississippi River Crossing 041,Bridge
000047,000047,43.809037,-91.259689,Mississippi River Crossing 042,Mississippi River Crossing 042,Bridge
000048,000048,43.046893,-91.158712,Mississippi River Crossing 043,Mississippi River Crossing 043,Bridge
000049,000049,42.715782,-91.001987,Mississippi River Crossing 044,Mississippi River Crossing 044,Bridge
000050,000050,42.491663,-90.654278,Mississippi River Crossing 045,Mississippi River Crossing 045,Bridge
000051,000051,42.104061,-90.161156,Mississippi River Crossing 046,Mississippi River Crossing 046,Bridge
000052,000052,41.864733,-90.173201,Mississippi River Crossing 047,Mississippi River Crossing 047,Bridge
000053,000053,41.837830,-90.183277,Mississippi River Crossing  048,Mississippi River Crossing  048,Bridge
000054,000054,41.517993,-90.566242,Mississippi River Crossing  049,Mississippi River Crossing  049,Bridge
000055,000055,41.421396,-91.033216,Mississippi River Crossing 050,Mississippi River Crossing 050,Bridge
000056,000056,40.812164,-91.096691,Mississippi River Crossing 051,Mississippi River Crossing 051,Bridge
000057,000057,40.812082,-91.096719,Mississippi River Crossing 052,Mississippi River Crossing 052,Bridge
000058,000058,40.390146,-91.372942,Mississippi River Crossing 055,Mississippi River Crossing 055,Bridge
000059,000059,40.390079,-91.373039,Mississippi River Crossing 056,Mississippi River Crossing 056,Bridge
000060,000060,39.720322,-91.358243,Mississippi River Crossing 057,Mississippi River Crossing 057,Bridge
000061,000061,39.456684,-91.047340,Mississippi River Crossing  058,Mississippi River Crossing  058,Bridge
000062,000062,38.760301,-90.175601,Mississippi River Crossing 059,Mississippi River Crossing 059,Bridge
000063,000063,38.628906,-90.178759,Mississippi River Crossing 060,Mississippi River Crossing 060,Bridge
000064,000064,38.006922,-90.055993,Mississippi River Crossing 061,Mississippi River Crossing 061,Bridge
000065,000065,37.902780,-89.836674,Mississippi River Crossing No. 62,Mississippi River Crossing No. 62,Bridge
000066,000066,37.295312,-89.516279,Mississippi River Crossing 063,Mississippi River Crossing 063,Bridge
000067,000067,37.295201,-89.516322,Mississippi River Crossing 064,Mississippi River Crossing 064,Bridge
000068,000068,36.978177,-89.147518,Mississippi River Crossing 065,Mississippi River Crossing 065,Bridge
000069,000069,36.978215,-89.147511,Mississippi River Crossing 066,Mississippi River Crossing 066,Bridge
000070,000070,36.578296,-89.215350,Mississippi River Crossing 067,Mississippi River Crossing 067,Bridge
000071,000071,35.128649,-90.075148,Mississippi River Crossing 068,Mississippi River Crossing 068,Bridge
000072,000072,34.496570,-90.587492,Mississippi River Crossing 069,Mississippi River Crossing 069,Bridge
000073,000073,34.496549,-90.587469,Mississippi River Crossing 070,Mississippi River Crossing 070,Bridge
000074,000074,33.287387,-91.153860,Mississippi River Crossing 071,Mississippi River Crossing 071,Bridge
000075,000075,33.287272,-91.153803,Mississippi River Crossing 072,Mississippi River Crossing 072,Bridge
000076,000076,31.559144,-91.419438,Mississippi River Crossing 073,Mississippi River Crossing 073,Bridge
000077,000077,30.506864,-91.197221,Mississippi River Crossing 074,Mississippi River Crossing 074,Bridge
000078,000078,29.951190,-90.058782,Mississippi River Crossing 075,Mississippi River Crossing 075,Bridge
000079,000079,29.925247,-89.972109,Mississippi River Crossing 076,Mississippi River Crossing 076,Bridge
000080,000080,29.572913,-89.795372,Mississippi River Crossing 077,Mississippi River Crossing 077,Bridge
000081,000081,38.629660,-90.185830,Mississippi River Crossing 060,Mississippi River Crossing 060,Bridge
000082,000082,38.628600,-90.175900,Mississippi River Crossing 060,Mississippi River Crossing 060,Bridge
000083,000083,38.629285,-90.182202,Mississippi River Crossing 060,Mississippi River Crossing 060,Bridge
000084,000084,38.628486,-90.174914,Mississippi River Crossing 060,Mississippi River Crossing 060,Bridge
000133,000133,,,Eads Bridge,Eads Bridge Landmark,Bridge
000134,000134,,,=== Mississippi River Crossing ===,,Bridge
000135,000135,38.628906,-90.178759,Eads Bridge,Eads Bridge Landmark,Bridge
000140,000140,,,=== Mississippi River Crossing ===,,Bridge
000147,000147,,,=== Mississippi River Crossing ===,,Bridge
000148,000148,,,=== Mississippi River Crossing ===,,Bridge
000158,000158,,,=== Mississippi River Crossing ===,,Bridge
000159,000159,,,=== Mississippi River Crossing ===,,Bridge
000160,000160,,,=== Mississippi River Crossing ===,,Bridge
000171,000171,,,=== Mississippi River Crossing ===,,Bridge
000172,000172,,,=== Mississippi River Crossing ===,,Bridge
000173,000173,,,=== Mississippi River Crossing ===,,Bridge
000174,000174,,,=== Mississippi River Crossing ===,,Bridge
001186,001186,38.629660,-90.185830,Eads Bridge,Eads Bridge Landmark,Bridge
001187,001187,38.628600,-90.175900,Eads Bridge,Eads Bridge Landmark,Bridge
005884,005884,38.629285,-90.182202,Eads Bridge,Eads Bridge Landmark,Bridge
005897,005897,38.629610,-90.185440,Slight Left,Keep left onto Eads Bridge,Dot
005923,005923,38.628486,-90.174914,Eads Bridge,Eads Bridge Landmark,Bridge
,,,,=== Mississippi River Crossing - Ferry ===,,
,,,,=== Overnight - Accommodation ===,,
000220,000220,,,=== Overnight ===,,Dot
000221,000221,,,=== Overnight ===,,Dot
000222,000222,,,=== Overnight ===,,Dot
000223,000223,,,=== Overnight ===,,Dot
000896,000896,,,=== Overnight ===,,Dot
000958,000958,,,=== Overnight ===,,Dot
,,,,=== Overnight - Camping ===,,
000224,000224,47.015880,-93.294980,Turn left onto Jacobson Campground Rd,Turn left onto Jacobson Campground Rd,Dot
000225,000225,47.023260,-93.276700,Turn left to stay on Jacobson Campground Rd,Turn left to stay on Jacobson Campground Rd,Dot
000226,000226,47.019700,-93.275410,Turn right to stay on Jacobson Campground Rd,Turn right to stay on Jacobson Campground Rd,Dot
000227,000227,40.644695,-91.143470,Camp Creek,Camp Creek,Campground
000899,000899,42.182217,-90.355963,Sugar Camp Hollow to Right,Sugar Camp Hollow to Right,Dot
000961,000961,41.538145,-90.425832,Campbells Island Bridge,Campbells Island Bridge,City
,,,,=== Control - Start Day ## ===,,
000090,000090,47.380625,-94.591592,Control,Start Day 02,Flag
000091,000091,47.335872,-93.800486,Control,Start Day 03,Flag
000092,000092,47.023259,-93.276700,Control,Start Day 04,Flag
000093,000093,46.541685,-93.712353,Control,Start Day 05,Flag
000094,000094,46.281588,-94.329144,Control,Start Day 06,Flag
000095,000095,45.559250,-94.156476,Control,Start Day 07,Flag
000096,000096,45.189751,-93.398291,Control,Start Day 08,Flag
000097,000097,44.817568,-92.932024,Control,Start Day 09,Flag
000098,000098,44.579378,-92.456383,Control,Start Day 10,Flag
000099,000099,44.053050,-91.642757,Control,Start Day 11,Flag
000100,000100,43.807685,-91.253826,Control,Start Day 12,Flag
000101,000101,43.050350,-91.149294,Control,Start Day 13,Flag
000102,000102,42.713668,-90.992396,Control,Start Day 14,Flag
000103,000103,41.863711,-90.165741,Control,Start Day 16,Flag
000104,000104,41.517975,-90.582937,Control,Start Day 17,Flag
000105,000105,41.051596,-90.934768,Control,Start Day 18,Flag
000106,000106,40.543025,-91.386659,Control,Start Day 19,Flag
000107,000107,39.454868,-91.051424,Control,Start Day 21,Flag
000108,000108,39.295957,-90.609808,Control,Start Day 22,Flag
000109,000109,38.886873,-90.178224,Control,Start Day 23,Flag
000110,000110,38.462898,-90.220639,Control,Start Day 24,Flag
000111,000111,37.979077,-90.043014,Control,Start Day 25,Flag
000112,000112,37.638869,-89.510907,Control,Start Day 27,Flag
000113,000113,37.297503,-89.520534,Control,Start Day 28,Flag
000114,000114,36.760111,-89.104370,Control,Start Day 29,Flag
000115,000115,36.519035,-89.612238,Control,Start Day 30,Flag
000116,000116,36.187482,-89.658378,Control,Start Day 31,Flag
000117,000117,35.704981,-89.964011,Control,Start Day 31,Flag
000118,000118,35.128251,-90.061874,Control,Start Day 32,Flag
000119,000119,34.689151,-90.383102,Control,Start Day 33,Flag
000120,000120,34.202472,-90.575859,Control,Start Day 34,Flag
000121,000121,33.402383,-91.065009,Control,Start Day 34,Flag
000122,000122,32.902034,-91.049286,Control,Start Day 35,Flag
000123,000123,32.521214,-91.006066,Control,Start Day 36,Flag
000124,000124,32.030023,-91.053776,Control,Start Day 37,Flag
000125,000125,31.561537,-91.405258,Control,Start Day 38,Flag
000126,000126,30.979714,-91.807339,Control,Start Day 39,Flag
000127,000127,30.686938,-91.453116,Control,Start Day 40,Flag
000128,000128,30.038369,-90.693832,Control,Start Day 42,Flag
000129,000129,29.950870,-90.065969,Control,Start Day 43,Flag
000130,000130,29.864501,-89.900273,Control,Start Day 44,Flag
000142,000142,,,=== Control - Start Day ===,,Flag
000149,000149,,,=== Control - Start Day ===,,Flag
000151,000151,,,=== Control - Start Day ===,,Flag
000161,000161,,,=== Control - Start Day ===,,Flag
000162,000162,,,=== Control - Start Day ===,,Flag
000164,000164,,,=== Control - Start Day ===,,Flag
000175,000175,,,=== Control - Start Day ===,,Flag
000176,000176,,,=== Control - Start Day ===,,Flag
000177,000177,,,=== Control - Start Day ===,,Flag
000179,000179,,,=== Control - Start Day ===,,Flag
000188,000188,,,=== Control - Start Day ===,,Flag
000189,000189,,,=== Control - Start Day ===,,Flag
000190,000190,,,=== Control - Start Day ===,,Flag
000228,000228,,,=== Control - Start Day ===,,Flag
000229,000229,,,=== Control - Start Day ===,,Flag
000230,000230,,,=== Control - Start Day ===,,Flag
000654,000654,,,=== Control - Start Day ===,,Flag
000655,000655,,,=== Control - Start Day ===,,Flag
000656,000656,,,=== Control - Start Day ===,,Flag
000746,000746,,,=== Control - Start Day ===,,Flag
000747,000747,,,=== Control - Start Day ===,,Flag
000748,000748,,,=== Control - Start Day ===,,Flag
000842,000842,,,=== Control - Start Day ===,,Flag
000843,000843,,,=== Control - Start Day ===,,Flag
000844,000844,,,=== Control - Start Day ===,,Flag
000974,000974,,,=== Control - Start Day ===,,Flag
000975,000975,,,=== Control - Start Day ===,,Flag
000976,000976,,,=== Control - Start Day ===,,Flag
000991,000991,,,=== Control - Start Day ===,,Flag
000992,000992,,,=== Control - Start Day ===,,Flag
000993,000993,,,=== Control - Start Day ===,,Flag
001323,001323,,,=== Control - Start Day ===,,Flag
001324,001324,,,=== Control - Start Day ===,,Flag
001325,001325,,,=== Control - Start Day ===,,Flag
001429,001429,,,=== Control - Start Day ===,,Flag
001430,001430,,,=== Control - Start Day ===,,Flag
001431,001431,,,=== Control - Start Day ===,,Flag
001466,001466,,,=== Control - Start Day ===,,Flag
001467,001467,,,=== Control - Start Day ===,,Flag
001468,001468,,,=== Control - Start Day ===,,Flag
001512,001512,,,=== Control - Start Day ===,,Flag
001513,001513,,,=== Control - Start Day ===,,Flag
001514,001514,,,=== Control - Start Day ===,,Flag
001529,001529,,,=== Control - Start Day ===,,Flag
001530,001530,,,=== Control - Start Day ===,,Flag
001531,001531,,,=== Control - Start Day ===,,Flag
001689,001689,,,=== Control - Start Day ===,,Flag
001690,001690,,,=== Control - Start Day ===,,Flag
001691,001691,,,=== Control - Start Day ===,,Flag
001812,001812,,,=== Control - Start Day ===,,Flag
001813,001813,,,=== Control - Start Day ===,,Flag
001814,001814,,,=== Control - Start Day ===,,Flag
001834,001834,,,=== Control - Start Day ===,,Flag
001835,001835,,,=== Control - Start Day ===,,Flag
001836,001836,,,=== Control - Start Day ===,,Flag
003818,003818,,,=== Control - Start Day ===,,Flag
003819,003819,,,=== Control - Start Day ===,,Flag
003820,003820,,,=== Control - Start Day ===,,Flag
004005,004005,,,=== Control - Start Day ===,,Flag
004006,004006,,,=== Control - Start Day ===,,Flag
004007,004007,,,=== Control - Start Day ===,,Flag
004153,004153,,,=== Control - Start Day ===,,Flag
004154,004154,,,=== Control - Start Day ===,,Flag
004155,004155,,,=== Control - Start Day ===,,Flag
004186,004186,,,=== Control - Start Day ===,,Flag
004187,004187,,,=== Control - Start Day ===,,Flag
004188,004188,,,=== Control - Start Day ===,,Flag
005827,005827,,,=== Control - Start Day ===,,Flag
005828,005828,,,=== Control - Start Day ===,,Flag
005829,005829,,,=== Control - Start Day ===,,Flag
005898,005898,,,=== Control - Start Day ===,,Flag
005899,005899,,,=== Control - Start Day ===,,Flag
005900,005900,,,=== Control - Start Day ===,,Flag
006157,006157,,,=== Control - Start Day ===,,Flag
006158,006158,,,=== Control - Start Day ===,,Flag
006159,006159,,,=== Control - Start Day ===,,Flag
006211,006211,,,=== Control - Start Day ===,,Flag
006212,006212,,,=== Control - Start Day ===,,Flag
006213,006213,,,=== Control - Start Day ===,,Flag
006252,006252,,,=== Control - Start Day ===,,Flag
006253,006253,,,=== Control - Start Day ===,,Flag
006254,006254,,,=== Control - Start Day ===,,Flag
006451,006451,,,=== Control - Start Day ===,,Flag
006452,006452,,,=== Control - Start Day ===,,Flag
006453,006453,,,=== Control - Start Day ===,,Flag
006484,006484,,,=== Control - Start Day ===,,Flag
006485,006485,,,=== Control - Start Day ===,,Flag
006486,006486,,,=== Control - Start Day ===,,Flag
006619,006619,,,=== Control - Start Day ===,,Flag
006620,006620,,,=== Control - Start Day ===,,Flag
006621,006621,,,=== Control - Start Day ===,,Flag
006636,006636,,,=== Control - Start Day ===,,Flag
006637,006637,,,=== Control - Start Day ===,,Flag
006638,006638,,,=== Control - Start Day ===,,Flag
006663,006663,,,=== Control - Start Day ===,,Flag
006664,006664,,,=== Control - Start Day ===,,Flag
006665,006665,,,=== Control - Start Day ===,,Flag
006863,006863,,,=== Control - Start Day ===,,Flag
006864,006864,,,=== Control - Start Day ===,,Flag
006865,006865,,,=== Control - Start Day ===,,Flag
007201,007201,,,=== Control - Start Day ===,,Flag
007202,007202,,,=== Control - Start Day ===,,Flag
007203,007203,,,=== Control - Start Day ===,,Flag
007367,007367,,,=== Control - Start Day ===,,Flag
007368,007368,,,=== Control - Start Day ===,,Flag
007369,007369,,,=== Control - Start Day ===,,Flag
,,,,=== Control - Cardinal Extreme ===,,
000086,000086,47.49514000,-94.83154000,Northernmost point on the full Mississippi River Ride track on the full Mississippi River Ride track,Northernmost point on the full Mississippi River Ride track on the full Mississippi River Ride track,Flag
000087,000087,36.65035000,-89.02560000,Easternmost point on the full Mississippi River Ride track on the full Mississippi River Ride track,Easternmost point on the full Mississippi River Ride track on the full Mississippi River Ride track,Flag
000088,000088,47.34023000,-95.22551000,Westernmost point on the full Mississippi River Ride track on the full Mississippi River Ride track,Westernmost point on the full Mississippi River Ride track on the full Mississippi River Ride track,Flag
000089,000089,29.23141000,-89.39012000,Southernmost point on the full Mississippi River Ride track on the full Mississippi River Ride track,Southernmost point on the full Mississippi River Ride track on the full Mississippi River Ride track,Flag
,,,,=== Control - State Boundary ===,,
000191,000191,,,=== Control - State Boundary ===,,City
000192,000192,,,=== Control - State Boundary ===,,City
000193,000193,,,=== Control - State Boundary ===,,City
000194,000194,,,=== Control - State Boundary ===,,City
000195,000195,44.062830,-91.637075,Leave WI,Leave WI,Flag
000196,000196,44.062830,-91.637075,Enter MN,Enter MN,Flag
000197,000197,43.046893,-91.158712,Leave WI,Leave WI,Flag
000198,000198,43.046893,-91.158712,Enter IA,Enter IA,Flag
000199,000199,42.104061,-90.161156,Leave IA,Leave IA,Flag
000200,000200,42.104061,-90.161156,Enter IL,Enter IL,Flag
000201,000201,41.864733,-90.173201,Leave IL,Leave IL,Flag
000202,000202,41.864733,-90.173201,Enter IA,Enter IA,Flag
000203,000203,41.837830,-90.183277,Leave IA,Leave IA,Flag
000204,000204,41.837830,-90.183277,Enter IL,Enter IL,Flag
000205,000205,41.517993,-90.566242,Leave IL,Leave IL,Flag
000206,000206,41.517993,-90.566242,Enter IA,Enter IA,Flag
000207,000207,41.421396,-91.033216,Leave IA,Leave IA,Flag
000208,000208,41.421396,-91.033216,Enter IL,Enter IL,Flag
000209,000209,40.812164,-91.096691,Leave IL,Leave IL,Flag
000210,000210,40.812164,-91.096691,Enter IA,Enter IA,Flag
000211,000211,40.812082,-91.096719,Leave IA,Leave IA,Flag
000212,000212,40.812082,-91.096719,Enter IL,Enter IL,Flag
000213,000213,39.720322,-91.358243,Leave IL,Leave IL,Flag
000214,000214,39.720322,-91.358243,Enter MO,Enter MO,Flag
000215,000215,39.456684,-91.047340,Leave MO,Leave MO,Flag
000216,000216,39.456684,-91.047340,Enter IL,Enter IL,Flag
000231,000231,,,=== Control - State Boundary ===,,City
000232,000232,,,=== Control - State Boundary ===,,City
000233,000233,,,=== Control - State Boundary ===,,City
000234,000234,,,=== Control - State Boundary ===,,City
000235,000235,47.250030,-95.212240,Mary Gibbs Mississippi Headwaters Center,Mary Gibbs Mississippi Headwaters Center / Visitor Center at Itasca State Park,Flag
000657,000657,,,=== Control - State Boundary ===,,City
000658,000658,,,=== Control - State Boundary ===,,City
000659,000659,,,=== Control - State Boundary ===,,City
000660,000660,,,=== Control - State Boundary ===,,City
000661,000661,44.748875,-92.804668,Leave MN,Leave MN,Flag
000662,000662,44.748875,-92.804668,Enter WI,Enter WI,Flag
000749,000749,,,=== Control - State Boundary ===,,City
000750,000750,,,=== Control - State Boundary ===,,City
000751,000751,,,=== Control - State Boundary ===,,City
000752,000752,,,=== Control - State Boundary ===,,City
000753,000753,43.818719,-91.273105,Leave MN,Leave MN,Flag
000754,000754,43.818719,-91.273105,Enter WI,Enter WI,Flag
000845,000845,,,=== Control - State Boundary ===,,City
000846,000846,,,=== Control - State Boundary ===,,City
000847,000847,,,=== Control - State Boundary ===,,City
000848,000848,,,=== Control - State Boundary ===,,City
000849,000849,42.703909,-90.944100,Enter Dark Hollow,Enter Dark Hollow,Flag
000977,000977,,,=== Control - State Boundary ===,,City
000978,000978,,,=== Control - State Boundary ===,,City
000979,000979,,,=== Control - State Boundary ===,,City
000980,000980,,,=== Control - State Boundary ===,,City
000981,000981,41.511416,-90.519328,Enter Rock Island Army Arsenal,Enter Rock Island Army Arsenal,Flag
000994,000994,,,=== Control - State Boundary ===,,City
000995,000995,,,=== Control - State Boundary ===,,City
000996,000996,,,=== Control - State Boundary ===,,City
000997,000997,,,=== Control - State Boundary ===,,City
000998,000998,41.517159,-90.565680,Leave Rock Island Army Arsenal,Leave Rock Island Army Arsenal,Flag
001326,001326,,,=== Control - State Boundary ===,,City
001327,001327,,,=== Control - State Boundary ===,,City
001328,001328,,,=== Control - State Boundary ===,,City
001329,001329,,,=== Control - State Boundary ===,,City
001330,001330,36.000699,-89.743240,Leave MO,Leave MO,Flag
001331,001331,36.000699,-89.743240,Enter AR,Enter AR,Flag
001432,001432,,,=== Control - State Boundary ===,,City
001433,001433,,,=== Control - State Boundary ===,,City
001434,001434,,,=== Control - State Boundary ===,,City
001435,001435,,,=== Control - State Boundary ===,,City
001436,001436,35.127989,-90.074314,Leave AR,Leave AR,Flag
001437,001437,35.127989,-90.074314,Enter TN,Enter TN,Flag
001469,001469,,,=== Control - State Boundary ===,,City
001470,001470,,,=== Control - State Boundary ===,,City
001471,001471,,,=== Control - State Boundary ===,,City
001472,001472,,,=== Control - State Boundary ===,,City
001473,001473,34.994695,-90.127500,Leave TN,Leave TN,Flag
001474,001474,34.994695,-90.127500,Enter MS,Enter MS,Flag
001515,001515,,,=== Control - State Boundary ===,,City
001516,001516,,,=== Control - State Boundary ===,,City
001517,001517,,,=== Control - State Boundary ===,,City
001518,001518,,,=== Control - State Boundary ===,,City
001519,001519,34.496565,-90.587453,Leave MS,Leave MS,Flag
001520,001520,34.496565,-90.587453,Enter AR,Enter AR,Flag
001532,001532,,,=== Control - State Boundary ===,,City
001533,001533,,,=== Control - State Boundary ===,,City
001534,001534,,,=== Control - State Boundary ===,,City
001535,001535,,,=== Control - State Boundary ===,,City
001536,001536,34.496548,-90.587465,Leave AR,Leave AR,Flag
001537,001537,34.496548,-90.587465,Enter MS,Enter MS,Flag
001692,001692,,,=== Control - State Boundary ===,,City
001693,001693,,,=== Control - State Boundary ===,,City
001694,001694,,,=== Control - State Boundary ===,,City
001695,001695,,,=== Control - State Boundary ===,,City
001696,001696,33.297106,-91.140336,Leave MS,Leave MS,Flag
001697,001697,33.297106,-91.140336,Enter AR,Enter AR,Flag
001815,001815,,,=== Control - State Boundary ===,,City
001816,001816,,,=== Control - State Boundary ===,,City
001817,001817,,,=== Control - State Boundary ===,,City
001818,001818,,,=== Control - State Boundary ===,,City
001819,001819,31.684564,-91.186701,Natchez Trace Parkway Mt. Locust Visitor Center to Right,Natchez Trace Parkway Mt. Locust Visitor Center to Right,Dot
001837,001837,,,=== Control - State Boundary ===,,City
001838,001838,,,=== Control - State Boundary ===,,City
001839,001839,,,=== Control - State Boundary ===,,City
001840,001840,,,=== Control - State Boundary ===,,City
001841,001841,31.559186,-91.419483,Leave MS,Leave MS,Flag
001842,001842,31.559186,-91.419483,Enter LA,Enter LA,Flag
003076,003076,44.742860,-92.790890,Great River Road Visitor Center,Great River Road Visitor Center,Dot
003821,003821,,,=== Control - State Boundary ===,,City
003822,003822,,,=== Control - State Boundary ===,,City
003823,003823,,,=== Control - State Boundary ===,,City
003824,003824,,,=== Control - State Boundary ===,,City
003825,003825,43.044011,-91.175458,Leave WI,Leave WI,Flag
003826,003826,43.044011,-91.175458,Enter IA,Enter IA,Flag
004008,004008,,,=== Control - State Boundary ===,,City
004009,004009,,,=== Control - State Boundary ===,,City
004010,004010,,,=== Control - State Boundary ===,,City
004011,004011,,,=== Control - State Boundary ===,,City
004012,004012,42.713090,-90.994705,Leave IA,Leave IA,Flag
004013,004013,42.713090,-90.994705,Enter WI,Enter WI,Flag
004156,004156,,,=== Control - State Boundary ===,,City
004157,004157,,,=== Control - State Boundary ===,,City
004158,004158,,,=== Control - State Boundary ===,,City
004159,004159,,,=== Control - State Boundary ===,,City
004160,004160,42.508014,-90.609812,Leave WI,Leave WI,Flag
004161,004161,42.508014,-90.609812,Enter IL,Enter IL,Flag
004189,004189,,,=== Control - State Boundary ===,,City
004190,004190,,,=== Control - State Boundary ===,,City
004191,004191,,,=== Control - State Boundary ===,,City
004192,004192,,,=== Control - State Boundary ===,,City
004193,004193,42.491622,-90.656110,Leave IL,Leave IL,Flag
004194,004194,42.491622,-90.656110,Enter IA,Enter IA,Flag
005830,005830,,,=== Control - State Boundary ===,,City
005831,005831,,,=== Control - State Boundary ===,,City
005832,005832,,,=== Control - State Boundary ===,,City
005833,005833,,,=== Control - State Boundary ===,,City
005834,005834,38.759435,-90.172681,Leave IL,Leave IL,Flag
005835,005835,38.759435,-90.172681,Enter MO,Enter MO,Flag
005901,005901,,,=== Control - State Boundary ===,,City
005902,005902,,,=== Control - State Boundary ===,,City
005903,005903,,,=== Control - State Boundary ===,,City
005904,005904,,,=== Control - State Boundary ===,,City
005905,005905,38.628893,-90.178628,Leave MO,Leave MO,Flag
005906,005906,38.628893,-90.178628,Enter IL,Enter IL,Flag
006160,006160,,,=== Control - State Boundary ===,,City
006161,006161,,,=== Control - State Boundary ===,,City
006162,006162,,,=== Control - State Boundary ===,,City
006163,006163,,,=== Control - State Boundary ===,,City
006164,006164,38.007143,-90.055867,Leave IL,Leave IL,Flag
006165,006165,38.007143,-90.055867,Enter MO,Enter MO,Flag
006214,006214,,,=== Control - State Boundary ===,,City
006215,006215,,,=== Control - State Boundary ===,,City
006216,006216,,,=== Control - State Boundary ===,,City
006217,006217,,,=== Control - State Boundary ===,,City
006218,006218,37.880032,-89.947978,Leave MO,Leave MO,Flag
006219,006219,37.880032,-89.947978,Enter IL,Enter IL,Flag
006255,006255,,,=== Control - State Boundary ===,,City
006256,006256,,,=== Control - State Boundary ===,,City
006257,006257,,,=== Control - State Boundary ===,,City
006258,006258,,,=== Control - State Boundary ===,,City
006259,006259,37.880007,-89.948004,Leave IL,Leave IL,Flag
006260,006260,37.880007,-89.948004,Enter MO,Enter MO,Flag
006454,006454,,,=== Control - State Boundary ===,,City
006455,006455,,,=== Control - State Boundary ===,,City
006456,006456,,,=== Control - State Boundary ===,,City
006457,006457,,,=== Control - State Boundary ===,,City
006458,006458,37.295332,-89.515741,Leave IL,Leave IL,Flag
006459,006459,37.295332,-89.515741,Enter MO,Enter MO,Flag
006487,006487,,,=== Control - State Boundary ===,,City
006488,006488,,,=== Control - State Boundary ===,,City
006489,006489,,,=== Control - State Boundary ===,,City
006490,006490,,,=== Control - State Boundary ===,,City
006491,006491,37.295220,-89.515807,Leave MO,Leave MO,Flag
006492,006492,37.295220,-89.515807,Enter IL,Enter IL,Flag
006622,006622,,,=== Control - State Boundary ===,,City
006623,006623,,,=== Control - State Boundary ===,,City
006624,006624,,,=== Control - State Boundary ===,,City
006625,006625,,,=== Control - State Boundary ===,,City
006626,006626,36.978176,-89.147519,Leave IL,Leave IL,Flag
006627,006627,36.978176,-89.147519,Enter MO,Enter MO,Flag
006639,006639,,,=== Control - State Boundary ===,,City
006640,006640,,,=== Control - State Boundary ===,,City
006641,006641,,,=== Control - State Boundary ===,,City
006642,006642,,,=== Control - State Boundary ===,,City
006643,006643,36.978180,-89.147494,Leave MO,Leave MO,Flag
006644,006644,36.978180,-89.147494,Enter IL,Enter IL,Flag
006666,006666,,,=== Control - State Boundary ===,,City
006667,006667,,,=== Control - State Boundary ===,,City
006668,006668,,,=== Control - State Boundary ===,,City
006669,006669,,,=== Control - State Boundary ===,,City
006670,006670,36.991638,-89.148176,Leave IL,Leave IL,Flag
006671,006671,36.991638,-89.148176,Enter KY,Enter KY,Flag
006866,006866,,,=== Control - State Boundary ===,,City
006867,006867,,,=== Control - State Boundary ===,,City
006868,006868,,,=== Control - State Boundary ===,,City
006869,006869,,,=== Control - State Boundary ===,,City
006870,006870,36.578721,-89.215268,Leave KY,Leave KY,Flag
006871,006871,36.578721,-89.215268,Enter MO,Enter MO,Flag
007204,007204,,,=== Control - State Boundary ===,,City
007205,007205,,,=== Control - State Boundary ===,,City
007206,007206,,,=== Control - State Boundary ===,,City
007207,007207,,,=== Control - State Boundary ===,,City
007208,007208,34.839240,-90.299780,Turn right onto Casino Center Drive,Turn right onto Casino Center Drive,Dot
007370,007370,,,=== Control - State Boundary ===,,City
007371,007371,,,=== Control - State Boundary ===,,City
007372,007372,,,=== Control - State Boundary ===,,City
007373,007373,,,=== Control - State Boundary ===,,City
007374,007374,33.296990,-91.140297,Leave AR,Leave AR,Flag
007375,007375,33.296990,-91.140297,Enter MS,Enter MS,Flag
,,,,=== Intersections - Left/Right/Slight Left/Slight Right/Crossroads ===,,
000187,000187,45.860385,-94.359326,Blanchard Dam to Left,Blanchard Dam to Left,Dot
000266,000266,47.472667,-94.879172,Lake Bemidji to Left,Lake Bemidji to Left,Dot
000267,000267,47.463979,-94.862874,Lake Bemidji to Left,Lake Bemidji to Left,Dot
000268,000268,47.495140,-94.831540,Turn right onto Lakeside Drive Northeast,Turn right onto Lakeside Drive Northeast,Dot
000269,000269,47.495010,-94.831250,"Turn right onto Lake Avenue Northeast, CR 19","Turn right onto Lake Avenue Northeast, CR 19",Dot
000270,000270,47.482903,-94.732243,Stump Lake to Left,Stump Lake to Left,Dot
000271,000271,47.431502,-94.655211,Andrusia Lake to Left,Andrusia Lake to Left,Dot
000284,000284,47.380098,-94.587949,Cass Lake to Left,Cass Lake to Left,Dot
000296,000296,47.339579,-93.814188,Junction MN SR 46 to Left,Junction MN SR 46 to Left,Dot
000302,000302,47.333545,-93.795422,"Junction MN SR 6 to Left,Deer River, MN","Junction MN SR 6 to Left,Deer River, MN",Dot
000308,000308,47.272207,-93.742430,Little White Oak Lake to Right,Little White Oak Lake to Right,Dot
000309,000309,47.243030,-93.744580,Turn right onto MN-6 S,Turn right onto MN-6 S,Dot
000310,000310,47.228991,-93.657926,Long Lake to Right,Long Lake to Right,Dot
000311,000311,47.228864,-93.654030,Loon Lake to Left,Loon Lake to Left,Dot
000312,000312,47.227803,-93.634340,"Loon Lake to Left, Long Lake to Right","Loon Lake to Left, Long Lake to Right",Dot
000313,000313,47.235524,-93.611397,Cross Channel between Little Jay Gould Lake on Left and Poke,Cross Channel between Little Jay Gould Lake on Left and Pokegama Lake on Right,Dot
000325,000325,47.233510,-93.525610,Turn right toward 2nd St N,Turn right toward 2nd St N,Dot
000326,000326,47.233380,-93.525570,Turn left toward 2nd St N,Turn left toward 2nd St N,Dot
000338,000338,46.710400,-93.484340,"Turn left onto Marconi Street, CR 10","Turn left onto Marconi Street, CR 10",Dot
000357,000357,46.549018,-94.065084,Upper Mission Lake to Right,Upper Mission Lake to Right,Dot
000358,000358,46.456620,-94.141160,Turn right onto Sorenson Lake Road,Turn right onto Sorenson Lake Road,Dot
000359,000359,46.457637,-94.159754,Sorensen Lake to Left,Sorensen Lake to Left,Dot
000360,000360,46.409960,-94.179850,Turn sharp right onto Paul Bunyan Trail,Turn sharp right onto Paul Bunyan Trail,Dot
000361,000361,46.409960,-94.179850,Turn left onto Country Lane,Turn left onto Country Lane,Dot
000362,000362,46.401950,-94.176380,Turn left onto Memorial Gardens Road,Turn left onto Memorial Gardens Road,Dot
000363,000363,46.401870,-94.175840,Turn right onto Memorial Gardens Road,Turn right onto Memorial Gardens Road,Dot
000364,000364,46.391843,-94.177597,Gilbert Lake to Right,Gilbert Lake to Right,Dot
000376,000376,46.345660,-94.223380,"Turn left onto Highland Scenic Drive South, CR 48","Turn left onto Highland Scenic Drive South, CR 48",Dot
000377,000377,46.325310,-94.252480,Turn sharp left onto Forestview Drive South,Turn sharp left onto Forestview Drive South,Dot
000389,000389,46.272630,-94.325370,Continue onto State Park Rd,Continue onto State Park Rd,Dot
000390,000390,46.273520,-94.332260,Turn left toward State Park Rd,Turn left toward State Park Rd,Dot
000391,000391,46.272770,-94.332280,Turn left onto State Park Rd,Turn left onto State Park Rd,Dot
000392,000392,46.263900,-94.318510,Turn right onto MN 371,Turn right onto MN 371,Dot
000404,000404,46.234762,-94.354156,Crow Wing Lake to Left,Crow Wing Lake to Left,Dot
000416,000416,46.072350,-94.328070,"Turn sharp right onto Veterans Memorial Highway, MN 115","Turn sharp right onto Veterans Memorial Highway, MN 115",Dot
000417,000417,45.977210,-94.369580,"Turn left onto Broadway West, MN 27","Turn left onto Broadway West, MN 27",Dot
000429,000429,45.976880,-94.365550,"Turn right onto Broadway East, MN 27","Turn right onto Broadway East, MN 27",Dot
000430,000430,45.959987,-94.387448,Charles A Lindbergh House to Left,Charles A Lindbergh House to Left,Dot
000431,000431,45.958893,-94.388147,Charles A Lindbergh State Park to Right,Charles A Lindbergh State Park to Right,Dot
000432,000432,45.858140,-94.363540,Turn sharp left onto Lake Wobegon Regional Trail,Turn sharp left onto Lake Wobegon Regional Trail,Dot
000433,000433,45.865980,-94.348680,Turn sharp right onto Hillton Road,Turn sharp right onto Hillton Road,Dot
000434,000434,45.746320,-94.264620,"Turn sharp left onto 125th Street Northwest, CR 1","Turn sharp left onto 125th Street Northwest, CR 1",Dot
000454,000454,45.572020,-94.169050,Turn sharp left onto 12th Street North,Turn sharp left onto 12th Street North,Dot
000466,000466,45.548800,-94.142850,Turn right onto Kilian Boulevard Southeast,Turn right onto Kilian Boulevard Southeast,Dot
000467,000467,45.543440,-94.141870,Continue onto Minnesota Boulevard Southeast,Continue onto Minnesota Boulevard Southeast,Dot
000468,000468,45.442705,-94.046034,Clear Lake to Left,Clear Lake to Left,Dot
000469,000469,45.425570,-94.027840,"Turn right onto State Highway 24, MN 24","Turn right onto State Highway 24, MN 24",Dot
000481,000481,45.365059,-93.956384,"Cross Silver Creek, Locke Lake to Right","Cross Silver Creek, Locke Lake to Right",Dot
000482,000482,45.309520,-93.805820,Turn sharp left,Turn sharp left,Dot
000494,000494,45.294930,-93.767800,Turn left onto Hart Boulevard,Turn left onto Hart Boulevard,Dot
000519,000519,45.189750,-93.398290,Turn sharp left onto Colburn Street North,Turn sharp left onto Colburn Street North,Dot
000531,000531,45.188490,-93.394070,Turn left onto East River Parkway,Turn left onto East River Parkway,Dot
000532,000532,45.185130,-93.390250,Turn sharp right,Turn sharp right,Dot
000533,000533,45.183520,-93.388400,Turn right toward W River Rd,Turn right toward W River Rd,Dot
000534,000534,45.177070,-93.374890,Turn right onto River Shore Lane,Turn right onto River Shore Lane,Dot
000546,000546,45.074760,-93.285000,Turn right onto Willow Lane,Turn right onto Willow Lane,Dot
000547,000547,45.027510,-93.275710,"Turn right onto Northeast Marshall Street, CR 23","Turn right onto Northeast Marshall Street, CR 23",Dot
000548,000548,44.991320,-93.274420,Turn left onto West River Parkway Trail,Turn left onto West River Parkway Trail,Dot
000566,000566,44.977610,-93.244740,Turn right onto West River Parkway Trail,Turn right onto West River Parkway Trail,Dot
000567,000567,44.937840,-93.197790,Turn right onto South Mississippi River Boulevard,Turn right onto South Mississippi River Boulevard,Dot
000568,000568,44.917380,-93.198850,Turn right onto South Mississippi River Boulevard,Turn right onto South Mississippi River Boulevard,Dot
000580,000580,44.898932,-93.159844,Upper Lake to Left,Upper Lake to Left,Dot
000581,000581,44.907248,-93.145326,Crosby Lake to Left,Crosby Lake to Left,Dot
000582,000582,44.918130,-93.122900,"Keep right,Pickerel Lake to Right","Keep right,Pickerel Lake to Right",Dot
000594,000594,44.940400,-93.090750,Turn sharp left,Turn sharp left,Dot
000595,000595,44.944070,-93.093070,Turn sharp right onto Capital City Bikeway,Turn sharp right onto Capital City Bikeway,Dot
000607,000607,44.954620,-93.101690,Turn left toward Cedar St,Turn left toward Cedar St,Dot
000608,000608,44.954620,-93.100820,Turn right onto Cedar St,Turn right onto Cedar St,Dot
000609,000609,44.931590,-93.080800,Turn left onto Cesar Chavez Street,Turn left onto Cesar Chavez Street,Dot
000621,000621,44.912810,-93.051650,Turn sharp left,Turn sharp left,Dot
000622,000622,44.911260,-93.047530,Turn sharp left,Turn sharp left,Dot
000623,000623,44.882960,-93.019390,Turn sharp left,Turn sharp left,Dot
000624,000624,44.877970,-93.004350,Turn sharp left,Turn sharp left,Dot
000625,000625,44.877690,-93.004320,Turn sharp left,Turn sharp left,Dot
000626,000626,44.851070,-92.988620,Turn sharp left,Turn sharp left,Dot
000627,000627,44.844760,-92.954490,Turn right onto Hidden Valley Lane South,Turn right onto Hidden Valley Lane South,Dot
000628,000628,44.844560,-92.924550,Turn left onto Indian Boulevard South,Turn left onto Indian Boulevard South,Dot
000629,000629,44.833660,-92.916670,Turn sharp left,Turn sharp left,Dot
000630,000630,44.825770,-92.924660,Turn sharp right onto Jamaica Avenue South,Turn sharp right onto Jamaica Avenue South,Dot
000642,000642,44.815040,-92.929080,Turn right onto East Point Douglas Road South,Turn right onto East Point Douglas Road South,Dot
000643,000643,44.806540,-92.912160,Turn right onto East Point Douglas Road South,Turn right onto East Point Douglas Road South,Dot
000670,000670,44.749600,-92.803150,Turn sharp left,Turn sharp left,Dot
000671,000671,44.749640,-92.803100,"Turn sharp right onto Lake Street North, WI 35","Turn sharp right onto Lake Street North, WI 35",Dot
000672,000672,44.582383,-92.451788,Lake Pepin to Left,Lake Pepin to Left,Dot
000673,000673,44.579360,-92.456410,Turn sharp left onto Lake Pepin Boulevard,Turn sharp left onto Lake Pepin Boulevard,Dot
000692,000692,44.062870,-91.637050,Continue onto MN-43 S,Continue onto MN-43 S,Dot
000693,000693,44.060900,-91.638140,Continue straight to stay on MN-43 S,Continue straight to stay on MN-43 S,Dot
000694,000694,44.041940,-91.649710,Turn right onto Lake Winona Bike Path,Turn right onto Lake Winona Bike Path,Dot
000695,000695,44.041950,-91.649800,Turn left onto Lake Winona Bike Path,Turn left onto Lake Winona Bike Path,Dot
000696,000696,44.040728,-91.650453,"Cross Gilmore Creek, Lake Winona to Left","Cross Gilmore Creek, Lake Winona to Left",Dot
000697,000697,44.040435,-91.650608,Cross Winona Lake to Left and Right,Cross Winona Lake to Left and Right,Dot
000698,000698,44.038990,-91.651380,Turn left onto Lake Winona Bike Path,Turn left onto Lake Winona Bike Path,Dot
000699,000699,44.030960,-91.622630,Turn left onto Parks Avenue,Turn left onto Parks Avenue,Dot
000700,000700,44.030950,-91.622550,"Turn right onto Mankato Avenue, MN 43","Turn right onto Mankato Avenue, MN 43",Dot
000701,000701,44.028447,-91.621943,Sugar Loaf (bluff) to Right,Sugar Loaf (bluff) to Right,Dot
000702,000702,44.025856,-91.621151,Junction MN SR 43 to Right,Junction MN SR 43 to Right,Dot
000720,000720,43.919480,-91.364030,Turn sharp left onto County Road 101,Turn sharp left onto County Road 101,Dot
000733,000733,43.834750,-91.300450,Turn left onto Hillview Boulevard,Turn left onto Hillview Boulevard,Dot
000745,000745,43.825650,-91.303530,Turn sharp right onto MN 16,Turn sharp right onto MN 16,Dot
000762,000762,43.804680,-91.255120,Turn right onto Market Street,Turn right onto Market Street,Dot
000763,000763,43.804240,-91.257430,Turn left onto Isle La Plume Trail,Turn left onto Isle La Plume Trail,Dot
000764,000764,43.790340,-91.254060,Turn left onto Isle La Plume Trail,Turn left onto Isle La Plume Trail,Dot
000765,000765,43.790540,-91.252050,Turn right onto Green Island Trail,Turn right onto Green Island Trail,Dot
000766,000766,43.782900,-91.233660,Turn left onto Gladys Street,Turn left onto Gladys Street,Dot
000767,000767,43.783280,-91.229380,Keep right onto Ward Avenue,Keep right onto Ward Avenue,Dot
000779,000779,43.356882,-91.114677,Lake Winneshiek to Right,Lake Winneshiek to Right,Dot
000791,000791,43.216436,-91.089266,"Cross Leitner Creek, Leitner Hollow to Left","Cross Leitner Creek, Leitner Hollow to Left",Dot
000803,000803,43.103383,-91.146700,Marais Lake to Right,Marais Lake to Right,Dot
000815,000815,43.043770,-91.181070,Turn right onto Marquette Drive,Turn right onto Marquette Drive,Dot
000816,000816,43.044500,-91.181110,Turn right onto Edgar Street,Turn right onto Edgar Street,Dot
000828,000828,43.065427,-91.180266,1840 Military Road to Left,1840 Military Road to Left,Dot
000829,000829,43.065295,-91.180174,1840 Military Road to Right,1840 Military Road to Right,Dot
000841,000841,42.995143,-91.173696,Junction Pikes Peak Road/Access to Pikes Peak State Park and,Junction Pikes Peak Road/Access to Pikes Peak State Park and Overlook to Left,Dot
000857,000857,42.715970,-90.919420,Turn right onto Far Nuff Road,Turn right onto Far Nuff Road,Dot
000869,000869,42.697030,-90.827850,"Turn sharp right onto State Highway 133, WI 133","Turn sharp right onto State Highway 133, WI 133",Dot
000870,000870,42.667080,-90.729280,"Junction WI SR 133 to Left ,Turn right onto River Lane Road","Junction WI SR 133 to Left ,Turn right onto River Lane Road",Dot
000871,000871,42.661770,-90.708140,Turn right onto River Lane Road,Turn right onto River Lane Road,Dot
000872,000872,42.652990,-90.672110,Turn right onto Dean Lane,Turn right onto Dean Lane,Dot
000873,000873,42.644960,-90.667680,Turn left onto Ruff Lane,Turn left onto Ruff Lane,Dot
000874,000874,42.647720,-90.661650,Turn sharp right onto West Banfield Road,Turn sharp right onto West Banfield Road,Dot
000886,000886,42.601710,-90.595180,Turn right onto West Lane,Turn right onto West Lane,Dot
000887,000887,42.469870,-90.663420,Turn slight right onto Inland Lane,Turn slight right onto Inland Lane,Dot
000888,000888,42.430270,-90.587040,Turn left onto Massey Marina Lane,Turn left onto Massey Marina Lane,Dot
000889,000889,42.432890,-90.586970,Turn left onto Massey Marina Lane,Turn left onto Massey Marina Lane,Dot
000890,000890,42.414390,-90.623670,"Turn sharp left onto Great River Road, US 52","Turn sharp left onto Great River Road, US 52",Dot
000891,000891,42.274660,-90.432030,Turn sharp left onto Jefferson Avenue,Turn sharp left onto Jefferson Avenue,Dot
000892,000892,42.245863,-90.415229,Bellevue State Park to Right,Bellevue State Park to Right,Dot
000893,000893,42.227311,-90.398303,Bellevue State Park to Right,Bellevue State Park to Right,Dot
000905,000905,42.105242,-90.193148,Town Lake to Left,Town Lake to Left,Dot
000906,000906,42.069520,-90.175360,Turn left onto Lake Street,Turn left onto Lake Street,Dot
000907,000907,42.069223,-90.175213,Sabula Lakes to Right,Sabula Lakes to Right,Dot
000919,000919,42.082611,-90.146935,Bowens Lake to Left,Bowens Lake to Left,Dot
000920,000920,42.075841,-90.137706,Spring Lake to Right/Misquakee Lake to Left,Spring Lake to Right/Misquakee Lake to Left,Dot
000932,000932,41.953360,-90.111180,Turn left onto Thomson Sand Prairie Trail,Turn left onto Thomson Sand Prairie Trail,Dot
000933,000933,41.836720,-90.165200,Turn right onto Ward Road,Turn right onto Ward Road,Dot
000934,000934,41.805380,-90.176210,Turn left onto Garden Plain Road,Turn left onto Garden Plain Road,Dot
000946,000946,41.787080,-90.225110,Turn right onto South Park Avenue,Turn right onto South Park Avenue,Dot
000947,000947,41.772070,-90.235310,Turn sharp right onto Bunker Hill Road,Turn sharp right onto Bunker Hill Road,Dot
000948,000948,41.761769,-90.262364,Marais D'osier Slough to Right,Marais D'osier Slough to Right,Dot
000949,000949,41.714190,-90.300850,Turn sharp right onto Great River Trail,Turn sharp right onto Great River Trail,Dot
000967,000967,41.538950,-90.427790,Turn left onto Island Ave,Turn left onto Island Ave,Dot
000989,000989,41.521450,-90.551100,Turn right toward Davenport Ave,Turn right toward Davenport Ave,Dot
000990,000990,41.517070,-90.565590,Turn right onto Arsenal Bridge,Turn right onto Arsenal Bridge,Dot
001006,001006,41.520790,-90.568130,Turn left toward Riverfront Trail,Turn left toward Riverfront Trail,Dot
001007,001007,41.508010,-90.608500,Turn right toward Credit Island Rd,Turn right toward Credit Island Rd,Dot
001008,001008,41.508020,-90.608680,Turn left onto Credit Island Rd,Turn left onto Credit Island Rd,Dot
001020,001020,41.425840,-91.033810,Sharp right onto E Mississippi Dr,Sharp right onto E Mississippi Dr,Dot
001021,001021,41.171120,-90.999760,Turn sharp right onto Railroad Street,Turn sharp right onto Railroad Street,Dot
001022,001022,41.171150,-90.995830,Turn right onto Clay Street,Turn right onto Clay Street,Dot
001023,001023,41.170790,-90.995430,Turn left onto Clay Street,Turn left onto Clay Street,Dot
001035,001035,40.957756,-90.940739,Delabar State Park to Right,Delabar State Park to Right,Dot
001036,001036,40.933370,-90.957110,Turn right onto Marina Drive,Turn right onto Marina Drive,Dot
001037,001037,40.895028,-90.950819,Allaman Covered Bridge Wayside to Left,Allaman Covered Bridge Wayside to Left,Dot
001038,001038,40.867290,-90.958830,Turn left onto Warren Street,Turn left onto Warren Street,Dot
001056,001056,40.811200,-91.099830,Turn sharp left,Turn sharp left,Dot
001057,001057,40.814750,-91.056620,Turn slight right onto Carman Road,Turn slight right onto Carman Road,Dot
001058,001058,40.742515,-91.056502,"Carman, IL to Right","Carman, IL to Right",Dot
001070,001070,40.628530,-91.308320,Continue onto Marina Drive,Continue onto Marina Drive,Dot
001082,001082,40.389950,-91.360230,Turn right onto Warsaw Rd,Turn right onto Warsaw Rd,Dot
001107,001107,40.074940,-91.395680,Turn right onto East 603rd Lane,Turn right onto East 603rd Lane,Dot
001119,001119,39.921140,-91.412350,"Turn right onto Gardner Expressway, IL 57","Turn right onto Gardner Expressway, IL 57",Dot
001131,001131,39.717910,-91.373430,"Turn left onto Harrison Hill Road, MO 79","Turn left onto Harrison Hill Road, MO 79",Dot
001147,001147,38.924770,-90.513390,Turn left onto Quarry Rd,Turn left onto Quarry Rd,Dot
001148,001148,38.969800,-90.429010,"Turn sharp right onto East Main Street, IL 100","Turn sharp right onto East Main Street, IL 100",Dot
001149,001149,38.968177,-90.423660,Simms Hollow to Left,Simms Hollow to Left,Dot
001150,001150,38.951750,-90.363900,Turn left onto Lasalle St,Turn left onto Lasalle St,Dot
001151,001151,38.952020,-90.363650,Lasalle St turns slightly right and becomes Mississippi St,Lasalle St turns slightly right and becomes Mississippi St,Dot
001152,001152,38.955940,-90.359900,Turn left onto Lasalle St,Turn left onto Lasalle St,Dot
001153,001153,38.952020,-90.363650,Turn right to stay on Lasalle St,Turn right to stay on Lasalle St,Dot
001154,001154,38.886380,-90.175710,Turn right onto Discovery Parkway,Turn right onto Discovery Parkway,Dot
001166,001166,38.811092,-90.101245,Lewis and Clark Confluence Tower to Left,Lewis and Clark Confluence Tower to Left,Dot
001167,001167,38.804890,-90.101550,Continue onto Lewis and Clark Trail,Continue onto Lewis and Clark Trail,Dot
001168,001168,38.764470,-90.133100,Make a U-turn onto Chouteau Place Road,Make a U-turn onto Chouteau Place Road,Dot
001169,001169,38.762260,-90.134740,Turn sharp left onto West Chain of Rocks Road,Turn sharp left onto West Chain of Rocks Road,Dot
001170,001170,38.762140,-90.129750,Turn sharp right onto West Chain of Rocks Road,Turn sharp right onto West Chain of Rocks Road,Dot
001182,001182,38.624281,-90.183907,Grand Staircase and Gateway Arch to Right,Grand Staircase and Gateway Arch to Right,Dot
001183,001183,38.623610,-90.184990,Turn sharp right,Turn sharp right,Dot
001184,001184,38.624415,-90.184491,Gateway Arch to Left and Grand Staircase to Right,Gateway Arch to Left and Grand Staircase to Right,Dot
001185,001185,38.629480,-90.185790,Turn right onto Lumiere Place Boulevard,Turn right onto Lumiere Place Boulevard,Dot
001188,001188,38.628820,-90.173580,Turn left onto Riverpark Drive,Turn left onto Riverpark Drive,Dot
001202,001202,38.322432,-90.299001,Moredock Lake to Right,Moredock Lake to Right,Dot
001203,001203,38.297960,-90.311530,Turn left onto Margraphics Drive,Turn left onto Margraphics Drive,Dot
001204,001204,38.025300,-90.059780,Slight right onto Fish Lake Rd/​Modoc Ferry Rd,Slight right onto Fish Lake Rd/​Modoc Ferry Rd,Ferry
001205,001205,38.018310,-90.060200,Fish Lake Rd/​Modoc Ferry Rd turns left and becomes Levee Rd,Fish Lake Rd/​Modoc Ferry Rd turns left and becomes Levee Rd,Ferry
001206,001206,37.977040,-90.042780,Turn left onto St Marys Rd,Turn left onto St Marys Rd,Dot
001207,001207,37.921450,-89.912930,Turn right onto La Grande Rue,Turn right onto La Grande Rue,Dot
001225,001225,37.906180,-89.833280,Turn sharp right onto Randolph Street,Turn sharp right onto Randolph Street,Dot
001226,001226,37.963720,-89.902830,Turn left onto Park Road,Turn left onto Park Road,Dot
001227,001227,37.971520,-89.911470,Turn left onto Park Road,Turn left onto Park Road,Dot
001228,001228,37.884960,-89.785960,Turn sharp right onto IL 3,Turn sharp right onto IL 3,Dot
001240,001240,37.650590,-89.480960,Turn right onto Power Plant Road,Turn right onto Power Plant Road,Dot
001241,001241,37.654380,-89.502150,Turn sharp left onto 3rd Street,Turn sharp left onto 3rd Street,Dot
001242,001242,37.625120,-89.500660,Turn right onto Island Road,Turn right onto Island Road,Dot
001243,001243,37.618810,-89.496230,Continue onto Island Road,Continue onto Island Road,Dot
001244,001244,37.614900,-89.481640,Turn sharp right onto IL 3,Turn sharp right onto IL 3,Dot
001257,001257,37.306860,-89.489440,Continue onto Bader Lane,Continue onto Bader Lane,Dot
001258,001258,37.297520,-89.520480,Turn sharp left onto Morgan Oak Street,Turn sharp left onto Morgan Oak Street,Dot
001259,001259,37.295760,-89.471180,Turn right onto Gerard Road,Turn right onto Gerard Road,Dot
001260,001260,37.266660,-89.471350,Continue onto Gerard Drive,Continue onto Gerard Drive,Dot
001261,001261,37.222140,-89.454220,Turn left onto Poplar Street,Turn left onto Poplar Street,Dot
001274,001274,37.146887,-89.364234,Horseshoe Lake to Left,Horseshoe Lake to Left,Dot
001286,001286,36.759450,-89.103420,"Turn right onto East Hoover Parkway, KY 80, KY 123","Turn right onto East Hoover Parkway, KY 80, KY 123",Dot
001298,001298,36.566410,-89.206980,Turn sharp right,Turn sharp right,Dot
001310,001310,36.234000,-89.740820,"Turn sharp left onto State Highway 84, MO 84","Turn sharp left onto State Highway 84, MO 84",Dot
001322,001322,36.192420,-89.654160,Turn right onto Ward Avenue,Turn right onto Ward Avenue,Dot
001339,001339,35.944110,-89.733020,Turn right onto AR 137,Turn right onto AR 137,Dot
001340,001340,35.943880,-89.785110,Turn left onto AR 137S,Turn left onto AR 137S,Dot
001341,001341,35.922923,-89.790378,Crooked Lake to Right,Crooked Lake to Right,Dot
001353,001353,35.914090,-89.799010,Turn left onto AR 18,Turn left onto AR 18,Dot
001354,001354,35.863048,-89.828703,Junction AR SR Hwy 151,Junction AR SR Hwy 151,Dot
001355,001355,35.864176,-89.891536,Junction AR SR 239 to Right,Junction AR SR 239 to Right,Dot
001356,001356,35.822233,-89.924145,Junction AR SR 148 to Right,Junction AR SR 148 to Right,Dot
001357,001357,35.756197,-89.936590,Junction AR SR 158 to Right,Junction AR SR 158 to Right,Dot
001370,001370,35.703730,-89.964570,Turn left onto North Pearl Street,Turn left onto North Pearl Street,Dot
001371,001371,35.698950,-89.963930,Turn right onto South Chestnut Street,Turn right onto South Chestnut Street,Dot
001372,001372,35.682103,-89.963381,Junction AR SR 239 to Right,Junction AR SR 239 to Right,Dot
001373,001373,35.654030,-89.949700,Turn right onto AR 198,Turn right onto AR 198,Dot
001387,001387,35.567017,-90.044032,Junction AR SR 14 to Right,Junction AR SR 14 to Right,Dot
001388,001388,35.535403,-90.126231,Junction AR SR 181 to Right,Junction AR SR 181 to Right,Dot
001401,001401,35.507641,-90.149593,Junction AR SR 118 to Right,Junction AR SR 118 to Right,Dot
001414,001414,35.365170,-90.255100,Turn sharp left onto AR 77,Turn sharp left onto AR 77,Dot
001415,001415,35.288920,-90.228260,Turn left onto AR 77,Turn left onto AR 77,Dot
001427,001427,35.214460,-90.197220,Turn left onto Military Road,Turn left onto Military Road,Dot
001428,001428,35.165350,-90.127500,"Turn left onto Mound City Road, AR 131","Turn left onto Mound City Road, AR 131",Dot
001445,001445,35.128320,-90.065270,Turn right onto West Carolina Avenue,Turn right onto West Carolina Avenue,Dot
001458,001458,35.083310,-90.018560,"Turn right onto Elvis Presley Boulevard, US 51","Turn right onto Elvis Presley Boulevard, US 51",Dot
001482,001482,34.975980,-90.141690,Turn right onto MS-161 S,Turn right onto MS-161 S,Dot
001483,001483,34.817020,-90.373410,Turn right onto Casino Strip Resort Boulevard,Turn right onto Casino Strip Resort Boulevard,Dot
001495,001495,34.699940,-90.380920,Turn right onto Prichard Road,Turn right onto Prichard Road,Dot
001507,001507,34.690140,-90.382300,"Turn right onto River Road, MS 4","Turn right onto River Road, MS 4",Dot
001508,001508,34.690210,-90.382950,"Turn left onto Main Street, MS 4","Turn left onto Main Street, MS 4",Dot
001509,001509,34.689100,-90.383110,"Turn right onto Fox Island Road, MS 4","Turn right onto Fox Island Road, MS 4",Dot
001510,001510,34.688450,-90.419910,"Turn left onto Bailey Road, MS 4","Turn left onto Bailey Road, MS 4",Dot
001511,001511,34.595920,-90.463620,Turn right onto Flower Lake Road,Turn right onto Flower Lake Road,Dot
001528,001528,34.499880,-90.601420,"Make a U-turn onto Martin Luther King Jr Drive, US 49","Make a U-turn onto Martin Luther King Jr Drive, US 49",Dot
001545,001545,34.484420,-90.536910,"Turn right onto Mississippi Highway 1, MS 1","Turn right onto Mississippi Highway 1, MS 1",Dot
001546,001546,34.364500,-90.597990,Turn right onto Friar Point Road,Turn right onto Friar Point Road,Dot
001558,001558,34.359780,-90.637350,Turn right onto Friars Point Road,Turn right onto Friars Point Road,Dot
001577,001577,34.200940,-90.609950,"Turn right onto Sherard Road, MS 322","Turn right onto Sherard Road, MS 322",Dot
001595,001595,33.966891,-90.920914,Junction MS SR 32 to Left,Junction MS SR 32 to Left,Dot
001608,001608,33.845521,-91.027429,Junction MS SR 8 to Left,Junction MS SR 8 to Left,Dot
001627,001627,33.703422,-90.983060,Junction MS SR 446 to Left,Junction MS SR 446 to Left,Dot
001645,001645,33.651451,-91.009371,Junction MS SR 448 to Left,Junction MS SR 448 to Left,Dot
001646,001646,33.622507,-91.055581,Lake Bolivar to Right,Lake Bolivar to Right,Dot
001658,001658,33.580638,-91.083967,Junction MS SR 450 to Left,Junction MS SR 450 to Left,Dot
001676,001676,33.438409,-91.040600,"Turn right onto North Broadway Street, MS 814","Turn right onto North Broadway Street, MS 814",Dot
001688,001688,33.308861,-91.126752,Junction MS SR 454 to Left,Junction MS SR 454 to Left,Dot
001705,001705,33.274850,-91.174190,"Turn sharp left onto US 82, US 278","Turn sharp left onto US 82, US 278",Dot
001706,001706,33.308529,-91.126300,Turn slight right onto MS 454,Turn slight right onto MS 454,Dot
001707,001707,33.314160,-91.044440,"Turn right onto Martin Luther King Junior Boulevard, MS 1","Turn right onto Martin Luther King Junior Boulevard, MS 1",Dot
001708,001708,33.171751,-91.063068,Junction MS SR 12 to Left,Junction MS SR 12 to Left,Dot
001709,001709,33.104644,-91.076371,Lake Washington to Right,Lake Washington to Right,Dot
001710,001710,33.104580,-91.076340,Turn left onto Eastside Lake Washington Road,Turn left onto Eastside Lake Washington Road,Dot
001711,001711,33.031135,-91.030340,Junction MS SR 436 to Left,Junction MS SR 436 to Left,Dot
001723,001723,32.919089,-91.029410,"Turn right onto Mississippi Highway 1, MS 1, MS 14","Turn right onto Mississippi Highway 1, MS 1, MS 14",Dot
001724,001724,32.721750,-91.014910,Turn right onto MS 465,Turn right onto MS 465,Dot
001755,001755,32.270789,-90.917280,Turn sharp left onto Wilbert Lane,Turn sharp left onto Wilbert Lane,Dot
001756,001756,32.270890,-90.917020,Turn slight right onto Wilbert Lane,Turn slight right onto Wilbert Lane,Dot
001757,001757,32.266880,-90.918090,Turn right onto Meadow Lane,Turn right onto Meadow Lane,Dot
001758,001758,32.224939,-90.929110,Turn right onto Glass Road,Turn right onto Glass Road,Dot
001759,001759,32.221850,-90.940010,Continue onto Glass Road,Continue onto Glass Road,Dot
001772,001772,31.961740,-90.982680,Turn right onto Farmer Street,Turn right onto Farmer Street,Dot
001790,001790,31.946953,-90.987657,Junction MS SR 547 to Left,Junction MS SR 547 to Left,Dot
001802,001802,31.928850,-90.997550,Turn left onto Natchez Trace Parkway,Turn left onto Natchez Trace Parkway,Dot
001827,001827,31.553790,-91.383200,Continue onto John A Quitman Boulevard,Continue onto John A Quitman Boulevard,Dot
001856,001856,31.566470,-91.427370,"Turn sharp left onto Mongolia Street, LA 131","Turn sharp left onto Mongolia Street, LA 131",Dot
001857,001857,31.547597,-91.463666,Whitehall Lake to Left,Whitehall Lake to Left,Dot
001870,001870,30.992130,-91.686050,"Turn right onto State Route 418, LA 418","Turn right onto State Route 418, LA 418",Dot
001871,001871,30.973930,-91.795670,Turn right onto LA 1,Turn right onto LA 1,Dot
001883,001883,30.979850,-91.807610,Make a U-turn onto LA 1,Make a U-turn onto LA 1,Dot
001895,001895,30.941096,-91.722246,Cross LA SR 15 to Left/LA SR 970 to Right,Cross LA SR 15 to Left/LA SR 970 to Right,Dot
001896,001896,30.929598,-91.701700,Junction LA SR 971 to Left,Junction LA SR 971 to Left,Dot
001923,001923,30.805777,-91.638415,Junction LA SR 972 to Left,Junction LA SR 972 to Left,Dot
001924,001924,30.803683,-91.637366,Junction LA SR 972 to Left,Junction LA SR 972 to Left,Dot
001925,001925,30.738485,-91.593889,Junction LA SR 10 to Right,Junction LA SR 10 to Right,Dot
001943,001943,30.713880,-91.540060,"Turn left onto Pointe Coupee Road, LA 420","Turn left onto Pointe Coupee Road, LA 420",Dot
001944,001944,30.729110,-91.459800,Turn right onto Delta Place Road,Turn right onto Delta Place Road,Dot
001956,001956,30.703430,-91.459860,Turn right onto Major Parkway,Turn right onto Major Parkway,Dot
001957,001957,30.686890,-91.453090,"Turn left onto False River Drive, LA 1 Bus","Turn left onto False River Drive, LA 1 Bus",Dot
001969,001969,30.693260,-91.434030,"Continue onto East Main Street, LA 413","Continue onto East Main Street, LA 413",Dot
001970,001970,30.688000,-91.359880,"Continue onto State Route 415, LA 415","Continue onto State Route 415, LA 415",Dot
001971,001971,30.535187,-91.292690,LA SR 620 to Right,LA SR 620 to Right,Dot
001972,001972,30.499560,-91.253540,"Turn sharp right onto Plantation Road, LA 415","Turn sharp right onto Plantation Road, LA 415",Dot
001973,001973,30.494740,-91.253580,Turn sharp left,Turn sharp left,Dot
001974,001974,30.495180,-91.251580,"Turn left onto US 190, LA 1","Turn left onto US 190, LA 1",Dot
001975,001975,30.505583,-91.212922,LA SR 1 to Right,LA SR 1 to Right,Dot
001976,001976,30.473160,-91.168360,"Turn right onto Chippewa Street, LA 3164","Turn right onto Chippewa Street, LA 3164",Dot
001977,001977,30.457160,-91.189866,LA State Capitol to Left,LA State Capitol to Left,Dot
001989,001989,30.287581,-91.209944,Plaquemine Ferry access rd to Right,Plaquemine Ferry access rd to Right,Ferry
001990,001990,30.286890,-91.208650,"Continue onto River Road, LA 75","Continue onto River Road, LA 75",Dot
001991,001991,30.286957,-91.155263,Junction LA SR 327 to Left,Junction LA SR 327 to Left,Dot
002003,002003,30.214150,-91.095710,"Turn left onto Point Clair Road, LA 75","Turn left onto Point Clair Road, LA 75",Dot
002004,002004,30.218355,-91.059465,Junction LA SR 3115 to Left,Junction LA SR 3115 to Left,Dot
002005,002005,30.202689,-91.024121,Junction LA SR 73 to Left,Junction LA SR 73 to Left,Dot
002006,002006,30.173437,-91.001068,Junction LA SR 3251 to Left,Junction LA SR 3251 to Left,Dot
002018,002018,30.117951,-90.985188,Junction LA SR 22 to Left,Junction LA SR 22 to Left,Dot
002019,002019,30.131575,-90.951878,Junction LA SR 942 to Left,Junction LA SR 942 to Left,Dot
002032,002032,30.137490,-90.924380,"Turn right onto River Road, LA 44","Turn right onto River Road, LA 44",Dot
002044,002044,30.070860,-90.891780,Turn slight right onto LA 44,Turn slight right onto LA 44,Dot
002056,002056,30.020708,-90.741251,Junction LA SR 642 to Left,Junction LA SR 642 to Left,Dot
002057,002057,30.026940,-90.711940,Turn right onto LA 44,Turn right onto LA 44,Dot
002058,002058,29.919550,-90.129380,Keep right onto Tchoupitoulas Street,Keep right onto Tchoupitoulas Street,Dot
002059,002059,29.925400,-90.068310,Turn left onto Tchoupitoulas Street,Turn left onto Tchoupitoulas Street,Dot
002060,002060,29.950910,-90.065970,Turn sharp right onto Canal Street,Turn sharp right onto Canal Street,Dot
002061,002061,29.936810,-89.966340,"Turn sharp right onto East Saint Bernard Highway, LA 46","Turn sharp right onto East Saint Bernard Highway, LA 46",Dot
002062,002062,29.868120,-89.891050,"Turn slight right onto Saint Bernard Park Way, LA 39","Turn slight right onto Saint Bernard Park Way, LA 39",Dot
002074,002074,29.847810,-89.976410,Continue onto LA 39,Continue onto LA 39,Dot
002075,002075,29.847807,-89.976411,Junction LA SR 39 to Left,Junction LA SR 39 to Left,Dot
002093,002093,29.649820,-89.948567,Turn Right onto LA SR 15,Turn Right onto LA SR 15,Dot
002107,002107,29.576693,-89.793967,Turn Right onto Pointe a la Hache Ferry Access Rd,Turn Right onto Pointe a la Hache Ferry Access Rd,Ferry
002122,002122,29.352105,-89.456900,Fort Jackson Park to Left,Fort Jackson Park to Left,Dot
002142,002142,47.240920,-95.212720,Turn right onto CR 117,Turn right onto CR 117,Dot
002143,002143,47.243320,-95.210460,Turn left onto North Entrance Drive,Turn left onto North Entrance Drive,Dot
002144,002144,47.340230,-95.225510,Turn right onto CR 40,Turn right onto CR 40,Dot
002145,002145,47.368300,-95.012380,"Turn left onto 169th Avenue, CR 10","Turn left onto 169th Avenue, CR 10",Dot
002155,002155,47.468820,-94.936260,"Turn slight right onto Division Street West, CR 7","Turn slight right onto Division Street West, CR 7",Dot
002167,002167,47.468830,-94.905510,"Turn slight right onto 5th Street NW, CR 7","Turn slight right onto 5th Street NW, CR 7",Dot
002168,002168,47.472830,-94.879540,Turn right,Turn right,Dot
002169,002169,47.472830,-94.879140,Turn right onto Bemidji State Universiy Recreation Path,Turn right onto Bemidji State Universiy Recreation Path,Dot
002170,002170,47.470312,-94.878984,Paul Bunyan and Babe the Blue Ox Statues to Left,Paul Bunyan and Babe the Blue Ox Statues to Left,Dot
002171,002171,47.469050,-94.878720,Turn right,Turn right,Dot
002172,002172,47.469460,-94.879070,Continue,Continue,Dot
002173,002173,47.469560,-94.879150,Turn left,Turn left,Dot
002174,002174,47.469500,-94.880230,Turn left,Turn left,Dot
002175,002175,47.459870,-94.866550,Turn left,Turn left,Dot
002176,002176,47.482580,-94.835950,"Turn left onto Power Dam Road Northeast, CR 12","Turn left onto Power Dam Road Northeast, CR 12",Dot
002177,002177,47.481970,-94.702190,"Turn right onto Swenson Road, CR 27","Turn right onto Swenson Road, CR 27",Dot
002178,002178,47.453380,-94.702070,"Turn left onto Roosevelt Road Southeast, CR 8","Turn left onto Roosevelt Road Southeast, CR 8",Dot
002179,002179,47.396450,-94.649660,"Turn left onto 164th Street Northwest, CR 60","Turn left onto 164th Street Northwest, CR 60",Dot
002180,002180,47.395570,-94.607270,Turn right onto CR 60,Turn right onto CR 60,Dot
002181,002181,47.379250,-94.607580,"Turn left onto 2nd Street Northwest, CR 206","Turn left onto 2nd Street Northwest, CR 206",Dot
002182,002182,47.380630,-94.591620,Turn right,Turn right,Dot
002190,002190,47.380080,-94.587850,Keep right onto Migizi Trail,Keep right onto Migizi Trail,Dot
002200,002200,47.376311,-94.561165,Pike Bay to Right,Pike Bay to Right,Dot
002208,002208,47.371380,-94.538330,Continue onto Migizi Trail,Continue onto Migizi Trail,Dot
002216,002216,47.371680,-94.537890,Turn right onto US 2,Turn right onto US 2,Dot
002217,002217,47.371400,-94.479180,Turn left onto CR 10,Turn left onto CR 10,Dot
002218,002218,47.406430,-94.479900,"Turn right onto Forest Route 2171, CR 91","Turn right onto Forest Route 2171, CR 91",Dot
002228,002228,47.351590,-94.267920,Turn left onto US 2,Turn left onto US 2,Dot
002229,002229,47.342720,-94.177330,Turn left onto CR 9,Turn left onto CR 9,Dot
002230,002230,47.429740,-94.050940,Continue onto Great River Rd,Continue onto Great River Rd,Dot
002231,002231,47.435510,-94.015250,Turn right onto Co Rd 9,Turn right onto Co Rd 9,Dot
002232,002232,47.432790,-94.012260,Turn right onto State Hwy 46 S,Turn right onto State Hwy 46 S,Dot
002233,002233,47.416780,-93.998070,Turn right onto Great River Rd/​Itasca County Road 39,Turn right onto Great River Rd/​Itasca County Road 39,Dot
002234,002234,47.323340,-93.936320,"Turn left onto US Highway 2, US 2","Turn left onto US Highway 2, US 2",Dot
002245,002245,47.320950,-93.745420,Turn right onto Itasca County Road 11,Turn right onto Itasca County Road 11,Dot
002246,002246,47.225260,-93.756030,Turn left onto Great River Rd/​Itasca County Road 63,Turn left onto Great River Rd/​Itasca County Road 63,Dot
002256,002256,47.238820,-93.587140,Turn right onto Itasca County Road 76,Turn right onto Itasca County Road 76,Dot
002266,002266,47.221020,-93.554320,"At the traffic circle, continue straight to stay on Golf Cou","At the traffic circle, continue straight to stay on Golf Course Rd",Dot
002267,002267,47.221210,-93.539460,Turn left onto SW 7th Ave,Turn left onto SW 7th Ave,Dot
002268,002268,47.225410,-93.539380,Turn right,Turn right,Dot
002269,002269,47.227830,-93.531520,Turn left onto Southwest 2nd Avenue,Turn left onto Southwest 2nd Avenue,Dot
002270,002270,47.231430,-93.528420,Turn left onto S Pokegama Ave,Turn left onto S Pokegama Ave,Dot
002271,002271,47.232870,-93.528370,Turn right onto NE 1st St,Turn right onto NE 1st St,Dot
002272,002272,47.232880,-93.527090,Turn left at NE 3rd Ave,Turn left at NE 3rd Ave,Dot
002273,002273,47.233770,-93.524780,Turn right onto 2nd St N,Turn right onto 2nd St N,Dot
002274,002274,47.233650,-93.522820,Continue onto Canal St,Continue onto Canal St,Dot
002275,002275,47.233480,-93.520670,Turn right onto NE 5th Ave/​Canal St,Turn right onto NE 5th Ave/​Canal St,Dot
002276,002276,47.233190,-93.519460,Turn right to stay on Canal St,Turn right to stay on Canal St,Dot
002277,002277,47.232230,-93.518270,Turn right,Turn right,Dot
002278,002278,47.230600,-93.515710,Turn right,Turn right,Dot
002279,002279,47.229410,-93.512110,Turn right onto Mississippi River Bridge,Turn right onto Mississippi River Bridge,Dot
002280,002280,47.227870,-93.512530,Turn left onto SE 11th Ave,Turn left onto SE 11th Ave,Dot
002281,002281,47.227110,-93.512590,Turn left onto Great River Rd/​River Rd,Turn left onto Great River Rd/​River Rd,Dot
002291,002291,47.015880,-93.294980,Turn left onto Great River Rd,Turn left onto Great River Rd,Dot
002301,002301,46.710400,-93.484340,Turn left onto 480th Street,Turn left onto 480th Street,Dot
002302,002302,46.708620,-93.484130,"Make a U-turn onto 480th Street, CR 3, CR 5","Make a U-turn onto 480th Street, CR 3, CR 5",Dot
002318,002318,46.674290,-93.607950,"Turn left onto Voyageur Highway, US 169","Turn left onto Voyageur Highway, US 169",Dot
002319,002319,46.655940,-93.613390,"Turn right onto Great River Road, CR 21","Turn right onto Great River Road, CR 21",Dot
002320,002320,46.592850,-93.686880,"Turn left onto Osprey Avenue, CR 1","Turn left onto Osprey Avenue, CR 1",Dot
002330,002330,46.575810,-93.708430,"Turn left onto 410th Avenue, CR 1","Turn left onto 410th Avenue, CR 1",Dot
002331,002331,46.535520,-93.706700,"Turn right onto 4th Street Northwest, CR 15","Turn right onto 4th Street Northwest, CR 15",Dot
002332,002332,46.535460,-93.712750,Turn right onto 4th Avenue Northwest,Turn right onto 4th Avenue Northwest,Dot
002333,002333,46.541420,-93.711990,Keep right,Keep right,Dot
002334,002334,46.541690,-93.712360,Turn left,Turn left,Dot
002335,002335,46.541660,-93.712750,Turn left,Turn left,Dot
002336,002336,46.540750,-93.712850,Continue onto 4th Avenue Northwest,Continue onto 4th Avenue Northwest,Dot
002337,002337,46.535460,-93.712750,"Turn left onto 4th Street Northwest, CR 15","Turn left onto 4th Street Northwest, CR 15",Dot
002338,002338,46.535520,-93.706700,"Turn left onto Minnesota Avenue North, CR 1","Turn left onto Minnesota Avenue North, CR 1",Dot
002348,002348,46.595800,-93.760910,"Turn left onto 400th Street, CR 22","Turn left onto 400th Street, CR 22",Dot
002360,002360,46.573970,-94.034410,Turn left onto CR 19,Turn left onto CR 19,Dot
002361,002361,46.573470,-94.039900,Turn left onto CR 19,Turn left onto CR 19,Dot
002371,002371,46.500430,-94.126210,Turn left onto Rebel Road,Turn left onto Rebel Road,Dot
002372,002372,46.456480,-94.172290,"Turn left onto County Road 3, CR 3","Turn left onto County Road 3, CR 3",Dot
002373,002373,46.455620,-94.172280,Turn right onto East Shore Drive,Turn right onto East Shore Drive,Dot
002381,002381,46.455410,-94.175840,Turn left onto Paul Bunyan Trail,Turn left onto Paul Bunyan Trail,Dot
002382,002382,46.427900,-94.178810,Keep right onto Paul Bunyan Trail,Keep right onto Paul Bunyan Trail,Dot
002390,002390,46.409720,-94.175920,"Turn right onto County Road 3, CR 3","Turn right onto County Road 3, CR 3",Dot
002398,002398,46.398760,-94.176970,"Continue onto Wise Road, CR 49","Continue onto Wise Road, CR 49",Dot
002406,002406,46.398730,-94.178720,"Turn left onto Riverside Drive, CR 20","Turn left onto Riverside Drive, CR 20",Dot
002416,002416,46.354610,-94.214270,Turn left,Turn left,Dot
002417,002417,46.355870,-94.208320,Turn right,Turn right,Dot
002418,002418,46.348740,-94.206750,Turn right onto East College Drive,Turn right onto East College Drive,Dot
002419,002419,46.348610,-94.207250,Turn slight right onto West College Drive,Turn slight right onto West College Drive,Dot
002430,002430,46.335690,-94.236920,Turn left onto Camwood Trail South,Turn left onto Camwood Trail South,Dot
002438,002438,46.327760,-94.245780,Turn left onto Scenic River Drive South,Turn left onto Scenic River Drive South,Dot
002439,002439,46.324390,-94.255070,Turn left onto Scenic River Drive South,Turn left onto Scenic River Drive South,Dot
002440,002440,46.323370,-94.254630,Turn slight right onto Scenic River Drive South,Turn slight right onto Scenic River Drive South,Dot
002441,002441,46.318560,-94.263520,Turn left onto Scenic River Drive South,Turn left onto Scenic River Drive South,Dot
002442,002442,46.314280,-94.267200,Turn right,Turn right,Dot
002443,002443,46.272460,-94.324720,Turn right at State Pk Rd,Turn right at State Pk Rd,Dot
002444,002444,46.272770,-94.332280,Turn right,Turn right,Dot
002445,002445,46.273520,-94.332260,Turn right,Turn right,Dot
002446,002446,46.279690,-94.328400,Turn left,Turn left,Dot
002447,002447,46.279850,-94.329410,Turn right,Turn right,Dot
002448,002448,46.282270,-94.328000,Turn right,Turn right,Dot
002449,002449,46.272460,-94.324720,Continue onto State Pk Rd,Continue onto State Pk Rd,Dot
002459,002459,46.113740,-94.337620,Turn right,Turn right,Dot
002460,002460,46.113590,-94.338220,Turn left onto CR 76,Turn left onto CR 76,Dot
002461,002461,46.075170,-94.347950,"Turn left onto Grouse Road,Fort Ripley Main Gate to Right","Turn left onto Grouse Road,Fort Ripley Main Gate to Right",Dot
002471,002471,46.003070,-94.378180,Turn left onto Ginger Road,Turn left onto Ginger Road,Dot
002481,002481,45.998650,-94.378090,Turn left onto 165th Street,Turn left onto 165th Street,Dot
002482,002482,45.998650,-94.367990,Turn slight right onto West River Road,Turn slight right onto West River Road,Dot
002483,002483,45.986850,-94.366320,Turn left,Turn left,Dot
002484,002484,45.976880,-94.365550,Turn left onto Wood Street,Turn left onto Wood Street,Dot
002485,002485,45.977240,-94.360180,Make a U-turn onto 1st Avenue Northeast,Make a U-turn onto 1st Avenue Northeast,Dot
002486,002486,45.977180,-94.371540,Turn left onto Lindbergh Drive Southwest,Turn left onto Lindbergh Drive Southwest,Dot
002497,002497,45.829590,-94.331140,Turn right onto Nature Road,Turn right onto Nature Road,Dot
002498,002498,45.826600,-94.364810,Turn left onto Great River Road,Turn left onto Great River Road,Dot
002509,002509,45.804230,-94.357280,Turn left onto County Highway 21,Turn left onto County Highway 21,Dot
002519,002519,45.751970,-94.220340,"Turn right onto Southwest 1st Street, CR 55","Turn right onto Southwest 1st Street, CR 55",Dot
002529,002529,45.635510,-94.199320,"Turn right onto Benton Drive North, CR 33","Turn right onto Benton Drive North, CR 33",Dot
002530,002530,45.617140,-94.197580,"Turn right onto 1st Street Northeast, CR 29","Turn right onto 1st Street Northeast, CR 29",Dot
002531,002531,45.615260,-94.204540,"Turn left onto County Road 78, CR 78","Turn left onto County Road 78, CR 78",Dot
002532,002532,45.614660,-94.202810,"Turn right onto Riverside Avenue South, CR 1","Turn right onto Riverside Avenue South, CR 1",Dot
002533,002533,45.599760,-94.194400,Keep right,Keep right,Dot
002534,002534,45.599010,-94.194300,Turn slight right,Turn slight right,Dot
002535,002535,45.595030,-94.191430,Turn left,Turn left,Dot
002536,002536,45.595090,-94.190830,Slight Left,Turn slight left,Dot
002537,002537,45.593590,-94.183800,Turn right,Turn right,Dot
002538,002538,45.593410,-94.183850,"Turn left onto County Road 1, CR 1","Turn left onto County Road 1, CR 1",Dot
002548,002548,45.586310,-94.171270,Turn slight right onto 6th Avenue North,Turn slight right onto 6th Avenue North,Dot
002549,002549,45.586260,-94.171190,Turn right,Turn right,Dot
002550,002550,45.579970,-94.172750,Turn left onto 6th Avenue North,Turn left onto 6th Avenue North,Dot
002551,002551,45.563060,-94.159750,Turn right onto 2nd Street North,Turn right onto 2nd Street North,Dot
002552,002552,45.562570,-94.160910,Turn left onto 6th Avenue North,Turn left onto 6th Avenue North,Dot
002553,002553,45.560700,-94.159300,Turn left onto West Saint Germain Street,Turn left onto West Saint Germain Street,Dot
002554,002554,45.561150,-94.158140,Turn right onto 5th Avenue South,Turn right onto 5th Avenue South,Dot
002564,002564,45.543160,-94.139060,"Turn right onto 9th Avenue Southeast, CR 8","Turn right onto 9th Avenue Southeast, CR 8",Dot
002565,002565,45.538460,-94.136530,"Turn right onto County Road 8 Southeast, CR 8","Turn right onto County Road 8 Southeast, CR 8",Dot
002566,002566,45.418790,-94.040100,Turn left,Turn left,Dot
002567,002567,45.415010,-94.050290,Turn left,Turn left,Dot
002568,002568,45.408730,-94.044110,Turn right onto Main Street Northwest,Turn right onto Main Street Northwest,Dot
002569,002569,45.408630,-94.044350,"Turn left onto County Road 75 Northwest, CR 75","Turn left onto County Road 75 Northwest, CR 75",Dot
002579,002579,45.323420,-93.836590,Turn right,Turn right,Dot
002580,002580,45.321300,-93.833670,Keep right,Keep right,Dot
002590,002590,45.309520,-93.805820,Turn left,Turn left,Dot
002591,002591,45.309040,-93.804460,"Turn left onto Elm Street, CR 39","Turn left onto Elm Street, CR 39",Dot
002592,002592,45.309110,-93.804410,"Turn right onto Broadway Street West, CR 75","Turn right onto Broadway Street West, CR 75",Dot
002593,002593,45.302050,-93.783700,Turn right onto Washington Street,Turn right onto Washington Street,Dot
002594,002594,45.301950,-93.783770,Turn left,Turn left,Dot
002595,002595,45.293410,-93.769540,Turn left,Turn left,Dot
002596,002596,45.295000,-93.767840,"Turn right onto Riverview Drive, CR 39","Turn right onto Riverview Drive, CR 39",Dot
002607,002607,45.262360,-93.553360,"Turn slight right onto River Road Northeast, CR 42","Turn slight right onto River Road Northeast, CR 42",Dot
002617,002617,45.190580,-93.397680,Continue,Continue,Dot
002618,002618,45.187370,-93.392700,Slight Left,Keep left,Dot
002619,002619,45.187350,-93.392670,Keep right,Keep right,Dot
002620,002620,45.185150,-93.390390,Turn left,Turn left,Dot
002621,002621,45.184860,-93.390240,Turn left,Turn left,Dot
002632,002632,45.182980,-93.388110,Continue onto W River Rd,Continue onto W River Rd,Dot
002633,002633,45.182560,-93.387630,Continue onto Frontage Rd,Continue onto Frontage Rd,Dot
002634,002634,45.176490,-93.375060,Turn left onto 122nd Avenue North,Turn left onto 122nd Avenue North,Dot
002635,002635,45.175140,-93.369550,Slight Left,Keep left,Dot
002636,002636,45.168820,-93.355620,Turn left onto Mississippi Drive North,Turn left onto Mississippi Drive North,Dot
002637,002637,45.165370,-93.352250,Turn right onto Riverview Entry North,Turn right onto Riverview Entry North,Dot
002638,002638,45.164300,-93.354240,"Turn left onto West River Road, CR 12","Turn left onto West River Road, CR 12",Dot
002639,002639,45.152010,-93.337900,Turn left,Turn left,Dot
002640,002640,45.152070,-93.337830,Turn right at Great River Rd/​W River Rd,Turn right at Great River Rd/​W River Rd,Dot
002648,002648,45.151280,-93.334560,Turn right onto Indiana Ave N,Turn right onto Indiana Ave N,Dot
002656,002656,45.151110,-93.334590,Turn left onto W River Rd,Turn left onto W River Rd,Dot
002666,002666,45.108650,-93.290510,Keep right,Keep right,Dot
002667,002667,45.094470,-93.286700,Turn left,Turn left,Dot
002668,002668,45.094220,-93.286710,Turn left,Turn left,Dot
002669,002669,45.091070,-93.286790,Turn right onto 75th Avenue North,Turn right onto 75th Avenue North,Dot
002670,002670,45.074940,-93.286010,Turn left,Turn left,Dot
002671,002671,45.074730,-93.285280,Turn left onto 66th Avenue North,Turn left onto 66th Avenue North,Dot
002672,002672,45.070240,-93.284390,Turn right,Turn right,Dot
002680,002680,45.070310,-93.279080,Turn left onto Mississippi River Regional Trail,Turn left onto Mississippi River Regional Trail,Dot
002690,002690,45.053670,-93.280300,Turn slight right onto Mississippi River Regional Trail,Turn slight right onto Mississippi River Regional Trail,Dot
002698,002698,45.032140,-93.281350,Turn left,Turn left,Dot
002699,002699,45.013180,-93.271750,"Turn right onto Northeast Lowry Avenue, CR 153","Turn right onto Northeast Lowry Avenue, CR 153",Dot
002700,002700,45.013180,-93.271910,Turn right,Turn right,Dot
002701,002701,45.013240,-93.271900,Turn left,Turn left,Dot
002702,002702,45.013230,-93.280690,Turn left onto North 2nd Street,Turn left onto North 2nd Street,Dot
002703,002703,45.001490,-93.280210,Turn left onto North 22nd Avenue,Turn left onto North 22nd Avenue,Dot
002704,002704,45.001480,-93.276700,Turn right onto West River Road North,Turn right onto West River Road North,Dot
002705,002705,45.001400,-93.276710,Turn left,Turn left,Dot
002713,002713,45.001400,-93.276580,Turn right onto West River Pkwy Trail,Turn right onto West River Pkwy Trail,Dot
002721,002721,45.000670,-93.276780,Slight Left,Keep left,Dot
002722,002722,44.998920,-93.276770,Keep right,Keep right,Dot
002723,002723,44.998250,-93.276810,Slight Left,Turn slight left onto West River Parkway Trail,Dot
002731,002731,44.996380,-93.276540,"Keep right onto West River Pkwy Trail,","Keep right onto West River Pkwy Trail,",Dot
002739,002739,44.996340,-93.276540,Turn left,Turn left,Dot
002740,002740,44.996350,-93.276520,Turn right,Turn right,Dot
002741,002741,44.993140,-93.275110,Slight Left,Keep left,Dot
002755,002755,44.991840,-93.273800,Turn right,Turn right,Dot
002767,002767,44.980580,-93.258960,Turn left,Turn left,Dot
002768,002768,44.980827,-93.258714,Upper St Anthony Falls and Upper St Anthony Falls Lock and D,Upper St Anthony Falls and Upper St Anthony Falls Lock and Dam to Left,Dot
002769,002769,44.981250,-93.250340,Keep right,Keep right,Dot
002770,002770,44.981380,-93.249780,Turn right,Turn right,Dot
002771,002771,44.980995,-93.247276,Lower St Anthony Falls and Lower St Anthony Falls Lock and D,Lower St Anthony Falls and Lower St Anthony Falls Lock and Dam to Right,Dot
002781,002781,44.979340,-93.239110,Turn right onto Dinkytown Greenway,Turn right onto Dinkytown Greenway,Dot
002789,002789,44.976270,-93.243790,Turn right,Turn right,Dot
002800,002800,44.961920,-93.223310,Turn right,Turn right,Dot
002801,002801,44.962450,-93.224770,Turn slight right,Turn slight right,Dot
002802,002802,44.964610,-93.221120,Keep right,Keep right,Dot
002803,002803,44.961060,-93.215620,Slight Left,Keep left,Dot
002804,002804,44.950320,-93.200300,Slight Left,Keep left,Dot
002814,002814,44.941740,-93.197610,Slight Left,Keep left,Dot
002815,002815,44.937850,-93.197890,Turn left,Turn left,Dot
002816,002816,44.919650,-93.199020,Turn right,Turn right,Dot
002817,002817,44.919660,-93.199130,Turn left,Turn left,Dot
002827,002827,44.917390,-93.198960,Turn left,Turn left,Dot
002828,002828,44.915800,-93.198765,Lock and Dam No 1 to Right,Lock and Dam No 1 to Right,Dot
002829,002829,44.910800,-93.195820,Turn right,Turn right,Dot
002830,002830,44.910780,-93.195920,Turn left,Turn left,Dot
002831,002831,44.908920,-93.194420,Slight Left,Keep left,Dot
002832,002832,44.909170,-93.193210,Slight Left,Keep left,Dot
002833,002833,44.909260,-93.191770,Turn right,Turn right,Dot
002834,002834,44.906650,-93.190680,Keep right,Keep right,Dot
002835,002835,44.904060,-93.190110,Slight Left,Turn slight left,Dot
002836,002836,44.897370,-93.165520,Slight Left,Keep left,Dot
002837,002837,44.898200,-93.163700,Turn right,Turn right,Dot
002838,002838,44.899090,-93.162060,Keep right,Keep right,Dot
002839,002839,44.899330,-93.161680,Turn right,Turn right,Dot
002847,002847,44.899646,-93.151796,Mouth of Minnesota River to Right (not visible),Mouth of Minnesota River to Right (not visible),Dot
002848,002848,44.909540,-93.145870,Turn right onto Sam Morgan Regional Trail,Turn right onto Sam Morgan Regional Trail,Dot
002858,002858,44.902550,-93.134340,Continue onto River to River Greenway,Continue onto River to River Greenway,Dot
002871,002871,44.904790,-93.134990,Continue onto Lilydale Regional Trail,Continue onto Lilydale Regional Trail,Dot
002879,002879,44.919660,-93.121380,Keep right,Keep right,Dot
002880,002880,44.922010,-93.116810,Slight Left,Turn slight left onto West Water Street,Dot
002881,002881,44.922200,-93.116360,Turn left,Turn left,Dot
002891,002891,44.933810,-93.099620,Keep right,Keep right,Dot
002892,002892,44.935710,-93.097610,Turn right,Turn right,Dot
002893,002893,44.935710,-93.097330,Turn left,Turn left,Dot
002894,002894,44.936820,-93.095780,Slight Left,Keep left,Dot
002895,002895,44.940570,-93.090110,Turn right,Turn right,Dot
002896,002896,44.943920,-93.092520,Slight Left,Turn slight left,Dot
002897,002897,44.943930,-93.092650,Keep right,Keep right,Dot
002898,002898,44.944160,-93.092870,Turn left,Turn left,Dot
002899,002899,44.948030,-93.096860,Turn slight right,Turn slight right,Dot
002900,002900,44.948250,-93.097070,Turn right,Turn right,Dot
002901,002901,44.948300,-93.097010,Turn left onto Wabasha Street North,Turn left onto Wabasha Street North,Dot
002902,002902,44.949850,-93.098460,Turn right,Turn right,Dot
002903,002903,44.950250,-93.097540,Turn left,Turn left,Dot
002913,002913,44.954620,-93.100820,Turn left,Turn left,Dot
002914,002914,44.954630,-93.102750,Turn right,Turn right,Dot
002924,002924,44.950110,-93.097150,Turn left,Turn left,Dot
002925,002925,44.951330,-93.094620,Turn right onto Robert Street North,Turn right onto Robert Street North,Dot
002935,002935,44.912630,-93.053150,Turn right,Turn right,Dot
002936,002936,44.912560,-93.053410,Turn left onto River to River Greenway,Turn left onto River to River Greenway,Dot
002937,002937,44.912860,-93.051580,Turn left,Turn left,Dot
002938,002938,44.914180,-93.052910,Turn right,Turn right,Dot
002939,002939,44.911730,-93.047370,Keep right,Keep right,Dot
002940,002940,44.911190,-93.047060,Turn slight right,Turn slight right,Dot
002948,002948,44.907680,-93.045980,Turn left onto Mississippi River Trail,Turn left onto Mississippi River Trail,Dot
002958,002958,44.882260,-93.018530,Turn right,Turn right,Dot
002959,002959,44.881800,-93.018570,Turn right,Turn right,Dot
002960,002960,44.881690,-93.018860,Turn right,Turn right,Dot
002961,002961,44.881750,-93.019000,Turn right onto Verderosa Avenue,Turn right onto Verderosa Avenue,Dot
002971,002971,44.885210,-93.008620,Turn right,Turn right,Dot
002981,002981,44.880120,-93.007920,"Turn left onto 21st Street, CH 38","Turn left onto 21st Street, CH 38",Dot
002982,002982,44.879940,-93.004550,"Turn slight right onto 7th Avenue, CH 38","Turn slight right onto 7th Avenue, CH 38",Dot
002983,002983,44.877950,-93.003810,Turn right,Turn right,Dot
002993,002993,44.877630,-93.001570,Turn right,Turn right,Dot
002994,002994,44.847990,-92.968080,Turn right,Turn right,Dot
002995,002995,44.847680,-92.968060,Turn right,Turn right,Dot
002996,002996,44.844580,-92.964230,Turn left,Turn left,Dot
002997,002997,44.844880,-92.963270,Turn right onto 74th Street Bay South,Turn right onto 74th Street Bay South,Dot
002998,002998,44.844790,-92.963270,Turn left onto 74th Street South,Turn left onto 74th Street South,Dot
002999,002999,44.844790,-92.960970,Turn right,Turn right,Dot
003000,003000,44.844540,-92.959750,Slight Left,Turn slight left,Dot
003001,003001,44.845970,-92.959590,Continue,Continue,Dot
003002,003002,44.846040,-92.959590,Turn right onto Red Pine Road S,Turn right onto Red Pine Road S,Dot
003003,003003,44.844680,-92.954520,Turn left,Turn left,Dot
003004,003004,44.845060,-92.949090,Turn slight right,Turn slight right,Dot
003005,003005,44.844710,-92.924510,Turn right onto Ivystone Avenue South,Turn right onto Ivystone Avenue South,Dot
003006,003006,44.842240,-92.919120,Turn right onto 75th Street South,Turn right onto 75th Street South,Dot
003007,003007,44.840540,-92.920810,Turn left onto Jeffery Avenue South,Turn left onto Jeffery Avenue South,Dot
003008,003008,44.833690,-92.918630,Turn left,Turn left,Dot
003009,003009,44.834120,-92.917160,Turn left,Turn left,Dot
003010,003010,44.827370,-92.924120,Make a U-turn onto Jamaica Avenue South,Make a U-turn onto Jamaica Avenue South,Dot
003018,003018,44.824080,-92.925820,Turn right onto Hillside Trail,Turn right onto Hillside Trail,Dot
003026,003026,44.824340,-92.926570,Turn left onto Ivywood Avenue South,Turn left onto Ivywood Avenue South,Dot
003027,003027,44.822710,-92.930360,Turn left onto Ironwood Avenue South,Turn left onto Ironwood Avenue South,Dot
003028,003028,44.818870,-92.931240,Turn right,Turn right,Dot
003029,003029,44.818340,-92.931870,Turn left,Turn left,Dot
003030,003030,44.818150,-92.931550,Turn right onto Jamaica Avenue South,Turn right onto Jamaica Avenue South,Dot
003031,003031,44.817620,-92.932100,Turn left,Turn left,Dot
003032,003032,44.817360,-92.931840,Turn left,Turn left,Dot
003033,003033,44.815040,-92.929210,Turn left,Turn left,Dot
003034,003034,44.814590,-92.929080,Turn right,Turn right,Dot
003035,003035,44.814590,-92.929210,Turn left,Turn left,Dot
003036,003036,44.806490,-92.912230,Turn left,Turn left,Dot
003037,003037,44.795890,-92.892810,Turn right onto Kimbro Avenue South,Turn right onto Kimbro Avenue South,Dot
003045,003045,44.795380,-92.893060,Turn left onto Hiawatha Pioneer Trail/Disabled American Vete,"Turn left onto Hiawatha Pioneer Trail/Disabled American Veterans Highway/Voyageur Highway, US 10, US 61",Dot
003053,003053,44.766540,-92.859220,Turn left onto US 10,Turn left onto US 10,Dot
003054,003054,44.748440,-92.808490,Turn left,Turn left,Dot
003055,003055,44.748600,-92.808430,Turn right,Turn right,Dot
003056,003056,44.749640,-92.803250,Turn right,Turn right,Dot
003070,003070,44.743750,-92.790300,Turn right onto Monroe St,Turn right onto Monroe St,Dot
003071,003071,44.742990,-92.790240,Turn right to stay on Monroe St,Turn right to stay on Monroe St,Dot
003081,003081,44.742860,-92.790900,Make a U-turn,Make a U-turn,Dot
003089,003089,44.742990,-92.790240,Turn left to stay on Monroe St,Turn left to stay on Monroe St,Dot
003097,003097,44.743750,-92.790300,Turn right onto Great River Rd/​Jefferson St,Turn right onto Great River Rd/​Jefferson St,Dot
003098,003098,44.728446,-92.758474,Pine Coulee to Left,Pine Coulee to Left,Dot
003119,003119,44.650438,-92.629380,Diamond Bluff to Left,Diamond Bluff to Left,Dot
003135,003135,44.628304,-92.584356,Skidmore Bluff to Left,Skidmore Bluff to Left,Dot
003145,003145,44.622470,-92.573560,"Turn right onto County Road K, CTH K","Turn right onto County Road K, CTH K",Dot
003161,003161,44.601430,-92.538390,Turn right,Turn right,Dot
003162,003162,44.600780,-92.538340,Turn left,Turn left,Dot
003163,003163,44.600780,-92.538200,"Turn left onto County Road VV, CTH VV","Turn left onto County Road VV, CTH VV",Dot
003177,003177,44.605040,-92.538020,"Turn right onto WI-35, WI 35","Turn right onto WI-35, WI 35",Dot
003192,003192,44.585440,-92.450720,Turn right onto Wabash Street,Turn right onto Wabash Street,Dot
003208,003208,44.579650,-92.456530,Turn left,Turn left,Dot
003222,003222,44.585440,-92.450720,"Turn right onto Great River Road, WI 35","Turn right onto Great River Road, WI 35",Dot
003255,003255,44.512914,-92.290263,Maiden Rock Memorial to Right,Maiden Rock Memorial to Right,Dot
003263,003263,44.511459,-92.289562,Skunk Hollow to Left,Skunk Hollow to Left,Dot
003281,003281,44.469381,-92.230587,Bogus Bluff to Left,Bogus Bluff to Left,Dot
003292,003292,44.444040,-92.164550,Turn right onto 1st Street,Turn right onto 1st Street,Dot
003308,003308,44.438390,-92.145630,Turn left onto Prairie Street,Turn left onto Prairie Street,Dot
003309,003309,44.439360,-92.145190,Turn right onto 2nd Street,Turn right onto 2nd Street,Dot
003317,003317,44.439730,-92.141820,"Turn right onto 3rd Street, WI 35","Turn right onto 3rd Street, WI 35",Dot
003329,003329,44.433899,-92.019129,Junction WI SR 25 to Left,Junction WI SR 25 to Left,Dot
003345,003345,44.420130,-92.008860,"Turn left onto South Main Street, WI 35","Turn left onto South Main Street, WI 35",Dot
003357,003357,44.347491,-91.926163,Junction WI SR 37 to Left,Junction WI SR 37 to Left,Dot
003365,003365,44.325781,-91.918102,Lock and Dam No 4 to Right,Lock and Dam No 4 to Right,Dot
003381,003381,44.267550,-91.870890,"Turn right onto County Road OO, OO","Turn right onto County Road OO, OO",Dot
003387,003387,44.266676,-91.871869,Lizzy Pauls Pond to Left,Lizzy Pauls Pond to Left,Dot
003393,003393,44.231310,-91.864690,"Turn right onto River Road, OO","Turn right onto River Road, OO",Dot
003409,003409,44.222860,-91.858490,"Turn right onto River Road, OO","Turn right onto River Road, OO",Dot
003410,003410,44.216040,-91.849970,"Turn left onto County Road OO, OO","Turn left onto County Road OO, OO",Dot
003418,003418,44.216010,-91.824280,Turn right onto Prairie Moon Road,Turn right onto Prairie Moon Road,Dot
003426,003426,44.197970,-91.802340,Continue onto Kamrowski Road,Continue onto Kamrowski Road,Dot
003434,003434,44.164880,-91.760370,"Turn right onto Great River Road, WI 35","Turn right onto Great River Road, WI 35",Dot
003444,003444,44.131635,-91.718787,"Fountain City, WI,Junction WI SR 95 to Left","Fountain City, WI,Junction WI SR 95 to Left",Dot
003452,003452,44.089745,-91.665614,Lock and Dam No 5A to Right,Lock and Dam No 5A to Right,Dot
003460,003460,44.073310,-91.631520,Turn right onto WI 54,Turn right onto WI 54,Dot
003468,003468,44.053160,-91.642550,Turn left,Turn left,Dot
003469,003469,44.053110,-91.642510,Turn right,Turn right,Dot
003470,003470,44.053040,-91.642870,Turn slight right onto West 4th Street,Turn slight right onto West 4th Street,Dot
003471,003471,44.053280,-91.643680,Turn left onto Huff Street,Turn left onto Huff Street,Dot
003472,003472,44.035360,-91.623090,Keep right,Keep right,Dot
003473,003473,44.035340,-91.622270,Turn right,Turn right,Dot
003484,003484,44.026800,-91.621440,Slight Left,Keep left onto Homer Road,Dot
003495,003495,44.020770,-91.553970,Continue,Continue,Dot
003505,003505,44.019750,-91.544300,Turn left,Turn left,Dot
003506,003506,44.019970,-91.544190,"Turn right onto US 14, US 61","Turn right onto US 14, US 61",Dot
003507,003507,44.010675,-91.506940,Decker Valley to Left,Decker Valley to Left,Dot
003518,003518,43.991355,-91.447331,Lock and Dam No 6 to Left,Lock and Dam No 6 to Left,Dot
003526,003526,43.967237,-91.418801,Miller Valley to Right,Miller Valley to Right,Dot
003534,003534,43.958639,-91.398940,Queens Bluff to Right,Queens Bluff to Right,Dot
003535,003535,43.923740,-91.364230,Keep right,Keep right,Dot
003545,003545,43.919170,-91.361840,Turn right onto River Street,Turn right onto River Street,Dot
003555,003555,43.891010,-91.341810,Turn left onto Riverview Drive,Turn left onto Riverview Drive,Dot
003556,003556,43.886340,-91.337000,Turn left onto Secluded Road,Turn left onto Secluded Road,Dot
003557,003557,43.864825,-91.311198,Lock and Dam No 7 to Left,Lock and Dam No 7 to Left,Dot
003567,003567,43.834600,-91.300080,Turn right onto Sycamore Street,Turn right onto Sycamore Street,Dot
003577,003577,43.825330,-91.302570,Turn right,Turn right,Dot
003578,003578,43.825350,-91.302640,Turn left,Turn left,Dot
003579,003579,43.825610,-91.303490,Turn left,Turn left,Dot
003580,003580,43.807870,-91.255360,Keep right,Keep right,Dot
003581,003581,43.806710,-91.253480,Turn right onto Division Street,Turn right onto Division Street,Dot
003582,003582,43.806710,-91.255110,Turn left onto 2nd Street South,Turn left onto 2nd Street South,Dot
003590,003590,43.790350,-91.243610,Turn right onto VIP Trail,Turn right onto VIP Trail,Dot
003591,003591,43.790470,-91.243610,Turn right onto VIP Trail,Turn right onto VIP Trail,Dot
003599,003599,43.790000,-91.239650,Turn right onto West Avenue South,Turn right onto West Avenue South,Dot
003600,003600,43.788770,-91.238360,Turn right onto 13th Street South,Turn right onto 13th Street South,Dot
003601,003601,43.785170,-91.236970,Turn slight right onto Thompson Street,Turn slight right onto Thompson Street,Dot
003602,003602,43.785150,-91.236930,Slight Left,Turn slight left onto Thompson Street,Dot
003603,003603,43.785150,-91.234470,Turn right onto 15th Street South,Turn right onto 15th Street South,Dot
003604,003604,43.782130,-91.230640,Turn left onto East Avenue South,Turn left onto East Avenue South,Dot
003620,003620,43.783390,-91.208490,Turn right onto 33rd Street South,Turn right onto 33rd Street South,Dot
003628,003628,43.783190,-91.208500,Turn right onto Pammel Creek Trail,Turn right onto Pammel Creek Trail,Dot
003629,003629,43.772430,-91.209100,Keep right onto Pammel Creek Trail,Keep right onto Pammel Creek Trail,Dot
003630,003630,43.768550,-91.208650,Turn slight right onto Pammel Creek Trail,Turn slight right onto Pammel Creek Trail,Dot
003631,003631,43.761820,-91.207040,Turn right onto Pammel Creek Trail,Turn right onto Pammel Creek Trail,Dot
003644,003644,43.758680,-91.205440,Turn right,Turn right,Dot
003658,003658,43.747730,-91.200440,"Turn right onto Great River Road, WI 35","Turn right onto Great River Road, WI 35",Dot
003673,003673,43.660320,-91.218963,Junction WI SR 162 to Left,Junction WI SR 162 to Left,Dot
003684,003684,43.581381,-91.226989,Junction WI SR 56 to Left,Junction WI SR 56 to Left,Dot
003698,003698,43.570674,-91.228530,Lock and Dam No 8 to Right,Lock and Dam No 8 to Right,Dot
003706,003706,43.555434,-91.228610,Italian Hollow to Left,Italian Hollow to Left,Dot
003724,003724,43.455530,-91.213343,Battle Hollow to Left,Battle Hollow to Left,Dot
003732,003732,43.422101,-91.200320,"Junction WI SR 82 to Left,De Soto, WI","Junction WI SR 82 to Left,De Soto, WI",Dot
003738,003738,43.391963,-91.179164,Junction WI SR 82 to Right,Junction WI SR 82 to Right,Dot
003758,003758,43.319603,-91.061354,Junction WI SR 171 to Left,Junction WI SR 171 to Left,Dot
003768,003768,43.294070,-91.049747,Hobbs Hollow to Left,Hobbs Hollow to Left,Dot
003782,003782,43.245803,-91.058001,Morgan Hollow to Left,Morgan Hollow to Left,Dot
003790,003790,43.210838,-91.098196,Lock and Dam No. 9 to Right,Lock and Dam No. 9 to Right,Dot
003800,003800,43.133156,-91.143331,Indian Hollow to Left,Indian Hollow to Left,Dot
003801,003801,43.111483,-91.141339,Mill Coulee to Left,Mill Coulee to Left,Dot
003809,003809,43.106620,-91.141310,"Turn right onto County Road K, CTH K","Turn right onto County Road K, CTH K",Dot
003817,003817,43.050240,-91.149310,"Turn right onto East Wisconsin Street, US 18, WI 60","Turn right onto East Wisconsin Street, US 18, WI 60",Dot
003834,003834,43.044510,-91.180310,Turn left onto Second Street,Turn left onto Second Street,Dot
003835,003835,43.045030,-91.180320,Turn right onto North Street,Turn right onto North Street,Dot
003843,003843,43.045050,-91.178180,"Continue onto Great River Road, IA 76","Continue onto Great River Road, IA 76",Dot
003851,003851,43.083733,-91.180624,Nezekaw Point to Left,Nezekaw Point to Left,Dot
003861,003861,43.088120,-91.187630,Turn right,Turn right,Dot
003862,003862,43.088390,-91.187650,Turn right,Turn right,Dot
003876,003876,43.088520,-91.187660,Slight Left,Turn slight left,Dot
003884,003884,43.088120,-91.187630,"Turn left onto State Highway 76, IA 76","Turn left onto State Highway 76, IA 76",Dot
003894,003894,43.083842,-91.180706,Nezekaw Point to Right,Nezekaw Point to Right,Dot
003902,003902,43.045050,-91.178180,"Turn left onto 1st Street, IA 76","Turn left onto 1st Street, IA 76",Dot
003921,003921,43.018440,-91.182620,Turn left onto 7th Street,Turn left onto 7th Street,Dot
003922,003922,43.018010,-91.181980,Turn right onto A Walton Street,Turn right onto A Walton Street,Dot
003941,003941,42.903440,-91.174550,Turn left onto Great River Road,Turn left onto Great River Road,Dot
003951,003951,42.797830,-91.102960,Turn right onto North 3rd Street,Turn right onto North 3rd Street,Dot
003952,003952,42.795290,-91.102980,Turn left onto Broadway Street,Turn left onto Broadway Street,Dot
003953,003953,42.793610,-91.100910,Slight Left,Keep left onto North River Park Drive,Dot
003954,003954,42.785257,-91.096961,Lock and Dam No.10 to Left,Lock and Dam No.10 to Left,Dot
003970,003970,42.772830,-91.100530,"Turn left onto South 5th Street, US 52","Turn left onto South 5th Street, US 52",Dot
003980,003980,42.755424,-91.094577,Kline Hunt Hollow to Right,Kline Hunt Hollow to Right,Dot
003992,003992,42.703340,-91.075410,"Turn left onto Great River Road, C9Y","Turn left onto Great River Road, C9Y",Dot
004003,004003,42.702770,-91.033490,Turn left onto 360th Street,Turn left onto 360th Street,Dot
004004,004004,42.706160,-91.026280,Slight Left,Keep left onto Oak Road,Dot
004021,004021,42.713670,-90.992400,Turn right onto Prime Street,Turn right onto Prime Street,Dot
004029,004029,42.703890,-90.958100,"Turn right onto Great River Road, WI 133","Turn right onto Great River Road, WI 133",Dot
004045,004045,42.708240,-90.913900,Turn left onto Irish Ridge Road,Turn left onto Irish Ridge Road,Dot
004055,004055,42.690280,-90.842960,"Turn left onto County Road N, CTH N","Turn left onto County Road N, CTH N",Dot
004067,004067,42.661250,-90.707549,Hog Hollow to Left,Hog Hollow to Left,Dot
004088,004088,42.631010,-90.605690,"Turn right onto Great River Road, US 61, WI 35","Turn right onto Great River Road, US 61, WI 35",Dot
004089,004089,42.627706,-90.594760,Dickeyville Grotto to Right,Dickeyville Grotto to Right,Dot
004101,004101,42.617470,-90.587140,"Turn right onto Great River Road, US 61/151, WI 35","Turn right onto Great River Road, US 61/151, WI 35",Dot
004114,004114,42.601940,-90.638470,Turn left onto Bluff Road,Turn left onto Bluff Road,Dot
004115,004115,42.580130,-90.642210,Turn right onto Bluff Road,Turn right onto Bluff Road,Dot
004125,004125,42.565460,-90.640174,Plum Hollow to Left,Plum Hollow to Left,Dot
004126,004126,42.556780,-90.632290,Continue onto Bluff Road,Continue onto Bluff Road,Dot
004127,004127,42.544990,-90.623590,Continue onto Bluff Hollow Road,Continue onto Bluff Hollow Road,Dot
004128,004128,42.544790,-90.623460,Turn left onto Sandy Hook Road,Turn left onto Sandy Hook Road,Dot
004139,004139,42.543050,-90.610290,Turn right onto Badger Road,Turn right onto Badger Road,Dot
004152,004152,42.519940,-90.606660,"Cross WI SR 11 ,Continue onto WI SR 35","Cross WI SR 11 ,Continue onto WI SR 35",Dot
004169,004169,42.492180,-90.642830,Turn left,Turn left,Dot
004185,004185,42.491690,-90.642620,Continue onto US 20,Continue onto US 20,Dot
004204,004204,42.492060,-90.665220,"Turn left onto South Locust Street, IA 946","Turn left onto South Locust Street, IA 946",Dot
004212,004212,42.486710,-90.663970,Keep right,Keep right,Dot
004213,004213,42.485530,-90.664380,Continue onto Southern Avenue,Continue onto Southern Avenue,Dot
004223,004223,42.478070,-90.673370,Turn left onto South Grandview Avenue,Turn left onto South Grandview Avenue,Dot
004234,004234,42.478800,-90.664800,Turn right onto Mississippi River Trail,Turn right onto Mississippi River Trail,Dot
004242,004242,42.468660,-90.663860,Slight Left,Turn slight left onto Mines of Spain Road,Dot
004252,004252,42.463231,-90.638820,Horseshoe Bluff to Left,Horseshoe Bluff to Left,Dot
004263,004263,42.444680,-90.634030,Turn left onto Olde Massey Road,Turn left onto Olde Massey Road,Dot
004264,004264,42.429710,-90.597640,Turn left onto Massey Station Road,Turn left onto Massey Station Road,Dot
004265,004265,42.432890,-90.586970,Turn right,Turn right,Dot
004266,004266,42.433170,-90.586530,Make a U-turn,Make a U-turn,Dot
004267,004267,42.430270,-90.587040,Turn right onto Massey Station Road,Turn right onto Massey Station Road,Dot
004306,004306,42.291030,-90.438070,Turn right,Turn right,Dot
004314,004314,42.291020,-90.438220,Turn left onto Bellevue Rivervue Trail,Turn left onto Bellevue Rivervue Trail,Dot
004322,004322,42.274840,-90.431700,"Turn right onto North Riverview Street, US 52","Turn right onto North Riverview Street, US 52",Dot
004323,004323,42.260756,-90.423912,Lock and Dam No. 12 to Left,Lock and Dam No. 12 to Left,Dot
004331,004331,42.258708,-90.423044,"Junction IA SR 62 to Right ,Bellevue, IA","Junction IA SR 62 to Right ,Bellevue, IA",Dot
004339,004339,42.253230,-90.420760,Turn right,Turn right,Dot
004340,004340,42.253200,-90.420860,Turn left,Turn left,Dot
004354,004354,42.248630,-90.417840,Turn left,Turn left,Dot
004355,004355,42.248690,-90.417700,"Turn right onto Great River Road, US 52","Turn right onto Great River Road, US 52",Dot
004367,004367,42.145674,-90.330818,Mooney Hollow to Left,Mooney Hollow to Left,Dot
004382,004382,42.105530,-90.201560,Turn left onto 607th Avenue,Turn left onto 607th Avenue,Dot
004383,004383,42.074300,-90.176460,Turn right onto Elk Street,Turn right onto Elk Street,Dot
004384,004384,42.069800,-90.174300,Turn right onto Bank Street,Turn right onto Bank Street,Dot
004385,004385,42.066750,-90.169790,Keep right onto River Street,Keep right onto River Street,Dot
004386,004386,42.072670,-90.173400,Turn right onto River Street,Turn right onto River Street,Dot
004394,004394,42.074090,-90.175130,"Turn right onto Broad Street, US 52, IA 64","Turn right onto Broad Street, US 52, IA 64",Dot
004395,004395,42.104080,-90.157740,"Turn right onto North Main Street, IL 64","Turn right onto North Main Street, IL 64",Dot
004403,004403,42.101270,-90.157540,Turn right onto Randolph Street,Turn right onto Randolph Street,Dot
004404,004404,42.101300,-90.158780,Turn left onto Wayne King Drive,Turn left onto Wayne King Drive,Dot
004420,004420,42.097240,-90.158750,Turn right,Turn right,Dot
004421,004421,42.090410,-90.155310,Turn right,Turn right,Dot
004429,004429,42.090360,-90.155340,Turn left onto Great River Trail,Turn left onto Great River Trail,Dot
004439,004439,42.055240,-90.116790,Turn right,Turn right,Dot
004455,004455,42.047020,-90.115390,Slight Left,Turn slight left,Dot
004456,004456,42.029140,-90.117300,Turn left onto Riverview Road,Turn left onto Riverview Road,Dot
004457,004457,41.972910,-90.114170,Turn right onto Sandridge Road,Turn right onto Sandridge Road,Dot
004458,004458,41.958440,-90.113050,Slight Left,Turn slight left onto West Main Street,Dot
004466,004466,41.958430,-90.111860,Turn right onto Lewis Avenue,Turn right onto Lewis Avenue,Dot
004474,004474,41.938430,-90.108849,Potter Slough to Right,Potter Slough to Right,Dot
004475,004475,41.901710,-90.121630,Turn left onto Lock Road,Turn left onto Lock Road,Dot
004483,004483,41.901620,-90.121320,Turn right onto Great River Trail,Turn right onto Great River Trail,Dot
004499,004499,41.868080,-90.146810,Turn right,Turn right,Dot
004500,004500,41.868010,-90.167520,Turn right onto 2nd Street,Turn right onto 2nd Street,Dot
004501,004501,41.868820,-90.167450,Turn left,Turn left,Dot
004509,004509,41.867153,-90.168752,Fulton Windmill to Left,Fulton Windmill to Left,Dot
004517,004517,41.859990,-90.166310,Slight Left,Turn slight left,Dot
004518,004518,41.860030,-90.165760,Turn left onto 4th Street,Turn left onto 4th Street,Dot
004532,004532,41.863710,-90.165700,"Turn left onto 14th Avenue, IL 136","Turn left onto 14th Avenue, IL 136",Dot
004550,004550,41.865950,-90.180930,Turn right onto Roosevelt Street,Turn right onto Roosevelt Street,Dot
004551,004551,41.866280,-90.180810,Turn right,Turn right,Dot
004561,004561,41.867190,-90.179160,Turn right onto 20th Avenue North,Turn right onto 20th Avenue North,Dot
004562,004562,41.873170,-90.175670,Turn right onto 25th Avenue North,Turn right onto 25th Avenue North,Dot
004563,004563,41.872890,-90.174450,Turn left onto Grant Street,Turn left onto Grant Street,Dot
004571,004571,41.872970,-90.174430,Turn right onto Discovery Trail,Turn right onto Discovery Trail,Dot
004572,004572,41.856670,-90.180890,Continue onto Discovery Trail,Continue onto Discovery Trail,Dot
004582,004582,41.852410,-90.183840,Turn left onto Discovery Trail,Turn left onto Discovery Trail,Dot
004583,004583,41.841240,-90.183990,Turn right onto Mississippi River Trail,Turn right onto Mississippi River Trail,Dot
004591,004591,41.840950,-90.184130,Turn right onto Riverview Drive,Turn right onto Riverview Drive,Dot
004592,004592,41.840070,-90.188260,"Turn left onto South 2nd Street, US 67","Turn left onto South 2nd Street, US 67",Dot
004593,004593,41.838960,-90.188220,"Turn right onto 7th Avenue South, US 67","Turn right onto 7th Avenue South, US 67",Dot
004609,004609,41.838940,-90.193230,"Turn left onto South 4th Street, US 67","Turn left onto South 4th Street, US 67",Dot
004610,004610,41.837780,-90.193220,"Turn left onto 8th Avenue South, US 30","Turn left onto 8th Avenue South, US 30",Dot
004611,004611,41.840420,-90.163840,Keep right,Keep right,Dot
004612,004612,41.838690,-90.165280,Turn left onto Dakin Road,Turn left onto Dakin Road,Dot
004613,004613,41.835350,-90.169070,Turn right,Turn right,Dot
004627,004627,41.821680,-90.166980,Turn slight right onto Ebson Road,Turn slight right onto Ebson Road,Dot
004635,004635,41.805240,-90.176090,Turn right onto Great River Trail,Turn right onto Great River Trail,Dot
004645,004645,41.790770,-90.220040,Turn slight right onto 2nd Avenue North,Turn slight right onto 2nd Avenue North,Dot
004646,004646,41.790820,-90.220490,Slight Left,Turn slight left onto Water Street,Dot
004647,004647,41.790280,-90.221280,Keep right onto South Water Street,Keep right onto South Water Street,Dot
004663,004663,41.786280,-90.226620,Turn left onto South Main Street,Turn left onto South Main Street,Dot
004664,004664,41.786400,-90.224420,Turn right onto South Church Street,Turn right onto South Church Street,Dot
004665,004665,41.781360,-90.227720,Turn right onto South Cherry Street,Turn right onto South Cherry Street,Dot
004666,004666,41.780840,-90.228610,Continue,Continue,Dot
004674,004674,41.780680,-90.229320,Turn left onto Albany Mounds Trail,Turn left onto Albany Mounds Trail,Dot
004675,004675,41.776680,-90.230272,Albany Mounds Site to Right,Albany Mounds Site to Right,Dot
004676,004676,41.772060,-90.235540,Turn right onto Meredosia Road,Turn right onto Meredosia Road,Dot
004689,004689,41.728970,-90.294310,Turn right onto 206th Avenue North,Turn right onto 206th Avenue North,Dot
004697,004697,41.728850,-90.298550,Turn left onto Great River Trail,Turn left onto Great River Trail,Dot
004705,004705,41.714190,-90.301390,Turn left onto 192nd Avenue North,Turn left onto 192nd Avenue North,Dot
004706,004706,41.692150,-90.310590,Turn right onto 171st Avenue North,Turn right onto 171st Avenue North,Dot
004707,004707,41.692150,-90.311320,Turn left onto River Road North,Turn left onto River Road North,Dot
004708,004708,41.682580,-90.315920,Keep right onto 3rd Avenue North,Keep right onto 3rd Avenue North,Dot
004709,004709,41.680350,-90.319170,Turn right onto Main Avenue,Turn right onto Main Avenue,Dot
004723,004723,41.668910,-90.325640,Turn right onto Great River Trail,Turn right onto Great River Trail,Dot
004724,004724,41.619180,-90.334970,Turn right onto Great River Trail,Turn right onto Great River Trail,Dot
004738,004738,41.607590,-90.336320,Turn right onto Walnut Street,Turn right onto Walnut Street,Dot
004739,004739,41.603870,-90.336380,Turn right onto South Main Street,Turn right onto South Main Street,Dot
004747,004747,41.597200,-90.335530,Turn right onto Great River Trail,Turn right onto Great River Trail,Dot
004755,004755,41.582740,-90.341860,Turn right onto 1st Ave,Turn right onto 1st Ave,Dot
004771,004771,41.580740,-90.352760,Turn left onto 18th St,Turn left onto 18th St,Dot
004779,004779,41.579230,-90.351900,Turn right onto Great River Trail,Turn right onto Great River Trail,Dot
004789,004789,41.574590,-90.367740,Turn left onto IL-84 N,Turn left onto IL-84 N,Dot
004790,004790,41.573260,-90.372330,Turn left onto Great River Trail,Turn left onto Great River Trail,Dot
004798,004798,41.567698,-90.394497,Lock and Dam No. 14 to Right,Lock and Dam No. 14 to Right,Dot
004799,004799,41.565990,-90.397710,Turn right,Turn right,Dot
004800,004800,41.566110,-90.397850,Slight Left,Keep left onto Great River Trail,Dot
004801,004801,41.566170,-90.399600,Turn left,Turn left,Dot
004809,004809,41.562540,-90.403540,Turn right onto Great River Trail,Turn right onto Great River Trail,Dot
004817,004817,41.559960,-90.407450,Turn right onto 9th Street,Turn right onto 9th Street,Dot
004825,004825,41.560260,-90.408010,Turn left onto Great River Trail,Turn left onto Great River Trail,Dot
004833,004833,41.558060,-90.409950,Turn right onto 8th Street,Turn right onto 8th Street,Dot
004834,004834,41.558780,-90.412850,Turn left onto 1st Avenue,Turn left onto 1st Avenue,Dot
004850,004850,41.537550,-90.424290,Slight right onto 19th St,Slight right onto 19th St,Dot
004851,004851,41.538950,-90.427790,Turn left onto 19th St,Turn left onto 19th St,Dot
004859,004859,41.537550,-90.424290,Turn right onto Great River Trail,Turn right onto Great River Trail,Dot
004860,004860,41.530620,-90.438070,Continue onto Great River Trail,Continue onto Great River Trail,Dot
004872,004872,41.511650,-90.508660,Turn left onto Ralph B Birks Bicycle Trail,Turn left onto Ralph B Birks Bicycle Trail,Dot
004882,004882,41.511100,-90.510230,Turn left onto Ralph B Birks Bicycle Trail,Turn left onto Ralph B Birks Bicycle Trail,Dot
004890,004890,41.510670,-90.512510,Turn left onto 2nd Ave,Turn left onto 2nd Ave,Dot
004891,004891,41.509710,-90.515340,Turn left onto 17th St,Turn left onto 17th St,Dot
004892,004892,41.509110,-90.514940,Turn right onto River Dr,Turn right onto River Dr,Dot
004893,004893,41.508710,-90.516110,Turn right,Turn right,Dot
004894,004894,41.509860,-90.517570,Turn slight right onto Rodman Avenue,Turn slight right onto Rodman Avenue,Dot
004904,004904,41.513060,-90.520770,Turn right onto Prospect Drive,Turn right onto Prospect Drive,Dot
004905,004905,41.513070,-90.520850,Turn right onto Rodman Ave,Turn right onto Rodman Ave,Dot
004906,004906,41.513350,-90.521140,Turn right onto Blunt Rd,Turn right onto Blunt Rd,Dot
004914,004914,41.523100,-90.547540,Blunt Rd turns left and becomes Gillespie St,Blunt Rd turns left and becomes Gillespie St,Dot
004922,004922,41.521660,-90.547460,Turn right onto Durnin Ave,Turn right onto Durnin Ave,Dot
004923,004923,41.521810,-90.551380,Turn right onto Davenport Ave,Turn right onto Davenport Ave,Dot
004924,004924,41.517230,-90.561700,Turn right onto Rodman Ave,Turn right onto Rodman Ave,Dot
004925,004925,41.517220,-90.565610,Turn left at Government Bridge,Turn left at Government Bridge,Dot
004926,004926,41.517160,-90.565680,Turn right,Turn right,Dot
004936,004936,41.520470,-90.568900,Turn slight right onto Riverfront Trail,Turn slight right onto Riverfront Trail,Dot
004944,004944,41.519600,-90.575720,Slight Left,Keep left,Dot
004945,004945,41.518180,-90.580840,Slight Left,Turn slight left onto Riverfront Trail,Dot
004953,004953,41.517820,-90.582590,Slight right to stay on Riverfront Trail,Slight right to stay on Riverfront Trail,Dot
004961,004961,41.491350,-90.622290,Turn left,Turn left,Dot
004962,004962,41.490900,-90.622780,Turn right,Turn right,Dot
004972,004972,41.491090,-90.625720,Turn right onto S Concord St,Turn right onto S Concord St,Dot
004973,004973,41.464300,-90.668970,Turn right onto Utah Ave,Turn right onto Utah Ave,Dot
004981,004981,41.467100,-90.668940,Turn left onto IA-22 W/​E Front St,Turn left onto IA-22 W/​E Front St,Dot
005009,005009,41.439460,-91.017730,Turn left onto Running Riv Trail System,Turn left onto Running Riv Trail System,Dot
005017,005017,41.426270,-91.032540,Turn left onto Brook St,Turn left onto Brook St,Dot
005018,005018,41.427820,-91.034070,Turn left onto E 2nd St,Turn left onto E 2nd St,Dot
005032,005032,41.426740,-91.036010,Turn left onto IA-92 E,Turn left onto IA-92 E,Dot
005033,005033,41.421380,-91.033210,Continue onto IL-92 E,Continue onto IL-92 E,Dot
005043,005043,41.406190,-91.006650,Turn right onto 322nd St W,Turn right onto 322nd St W,Dot
005053,005053,41.332660,-91.008800,Continue onto 45th St,Continue onto 45th St,Dot
005063,005063,41.304400,-90.999670,Continue onto 54th St,Continue onto 54th St,Dot
005064,005064,41.295060,-90.996700,Continue onto 45th St,Continue onto 45th St,Dot
005074,005074,41.188620,-91.002730,Continue onto 45th Street,Continue onto 45th Street,Dot
005075,005075,41.174030,-91.000720,Turn slight right onto 4th Street,Turn slight right onto 4th Street,Dot
005076,005076,41.172650,-91.000690,Continue onto 4th Street,Continue onto 4th Street,Dot
005077,005077,41.171870,-91.000770,Turn left onto 4th Street,Turn left onto 4th Street,Dot
005078,005078,41.170460,-91.002740,Turn left onto 1st Street,Turn left onto 1st Street,Dot
005094,005094,41.170500,-90.986140,Turn right,Turn right,Dot
005095,005095,41.169300,-90.975600,Turn left onto 60th Street,Turn left onto 60th Street,Dot
005103,005103,41.187230,-90.976100,"Turn right onto IL 17, IL 17","Turn right onto IL 17, IL 17",Dot
005111,005111,41.186810,-90.947060,Turn right onto 76th Street,Turn right onto 76th Street,Dot
005129,005129,41.100640,-90.942900,Turn left onto Main Street,Turn left onto Main Street,Dot
005130,005130,41.100550,-90.936810,Turn right onto 10th Street,Turn right onto 10th Street,Dot
005131,005131,40.957840,-90.931100,Turn right onto 2225 North,Turn right onto 2225 North,Dot
005132,005132,40.957780,-90.940720,Slight Left,Keep left onto 3rd Street,Dot
005140,005140,40.940333,-90.951930,Norma Jean Circus Elephant Monument 4 Blocks to Left (not vi,Norma Jean Circus Elephant Monument 4 Blocks to Left (not visible),Dot
005148,005148,40.939090,-90.952560,Turn right onto Mercer Street,Turn right onto Mercer Street,Dot
005164,005164,40.936100,-90.956680,Keep right onto North 1st Street,Keep right onto North 1st Street,Dot
005165,005165,40.934750,-90.957120,Turn slight right onto North Front Street,Turn slight right onto North Front Street,Dot
005166,005166,40.924900,-90.958170,Turn left onto Russell Way,Turn left onto Russell Way,Dot
005174,005174,40.924820,-90.950390,Turn right onto IL 164,Turn right onto IL 164,Dot
005184,005184,40.886770,-90.950770,Turn left onto 1750N,Turn left onto 1750N,Dot
005185,005185,40.886690,-90.946020,Turn right onto 1275E,Turn right onto 1275E,Dot
005186,005186,40.869060,-90.951300,Turn right onto Liberty Road,Turn right onto Liberty Road,Dot
005196,005196,40.867280,-90.957160,Turn right onto Locust Street,Turn right onto Locust Street,Dot
005197,005197,40.866270,-90.958840,Turn right onto Oak Street,Turn right onto Oak Street,Dot
005198,005198,40.866190,-90.959010,Turn slight right onto Oak Street,Turn slight right onto Oak Street,Dot
005206,005206,40.866210,-90.960540,"Turn left onto Main Street, IL 164","Turn left onto Main Street, IL 164",Dot
005214,005214,40.865450,-90.960530,"Turn right onto County Highway 15, 15","Turn right onto County Highway 15, 15",Dot
005215,005215,40.865650,-91.017630,"Turn left onto County Highway 15,Lock and Dam 15 to Right (n","Turn left onto County Highway 15,Lock and Dam 15 to Right (not visible)",Dot
005216,005216,40.814900,-91.018440,Turn right onto US 34,Turn right onto US 34,Dot
005217,005217,40.815310,-91.054180,Slight Left,Keep left,Dot
005218,005218,40.814380,-91.099910,"Turn left onto Bluff Road, CR 99","Turn left onto Bluff Road, CR 99",Dot
005234,005234,40.811420,-91.100960,"Turn left onto Columbia Street, CR 99","Turn left onto Columbia Street, CR 99",Dot
005244,005244,40.815110,-91.057170,Keep right,Keep right,Dot
005255,005255,40.679890,-91.070860,"Turn right onto 2nd Street, IL 96","Turn right onto 2nd Street, IL 96",Dot
005269,005269,40.644580,-91.146340,Turn right,Turn right,Dot
005270,005270,40.644820,-91.151360,Slight Left,Turn slight left onto East 1st Street,Dot
005271,005271,40.637810,-91.168610,Continue onto West 1st Street,Continue onto West 1st Street,Dot
005272,005272,40.635530,-91.174400,Slight Left,Turn slight left onto Sycamore Street,Dot
005280,005280,40.634000,-91.173410,"Turn right onto West 3rd Street, IL 9, IL 96","Turn right onto West 3rd Street, IL 9, IL 96",Dot
005295,005295,40.617940,-91.286250,"Turn right onto Fort Madison Bridge, IL 9","Turn right onto Fort Madison Bridge, IL 9",Dot
005309,005309,40.630430,-91.300840,"Turn left onto Avenue H, US 61 Business","Turn left onto Avenue H, US 61 Business",Dot
005310,005310,40.629980,-91.308290,Turn left onto 6th Street,Turn left onto 6th Street,Dot
005311,005311,40.629460,-91.308290,Turn right onto Riverview Drive,Turn right onto Riverview Drive,Dot
005312,005312,40.628300,-91.315100,Turn left,Turn left,Dot
005313,005313,40.628360,-91.312970,Keep right,Keep right,Dot
005314,005314,40.628640,-91.304870,Continue,Continue,Dot
005315,005315,40.629320,-91.303750,Turn left onto Riverview Drive,Turn left onto Riverview Drive,Dot
005316,005316,40.629460,-91.308290,Turn right onto 6th Street,Turn right onto 6th Street,Dot
005317,005317,40.629980,-91.308290,"Turn right onto Avenue H, US 61 Business","Turn right onto Avenue H, US 61 Business",Dot
005318,005318,40.630240,-91.301230,Keep right,Keep right,Dot
005319,005319,40.630300,-91.300650,Turn right onto Fort Madison Bridge,Turn right onto Fort Madison Bridge,Dot
005320,005320,40.618090,-91.286340,Keep right,Keep right,Dot
005328,005328,40.617900,-91.286440,Turn slight right onto IL 96,Turn slight right onto IL 96,Dot
005355,005355,40.398199,-91.351713,Lock and Dam No. 19 to Right (not visible),Lock and Dam No. 19 to Right (not visible),Dot
005356,005356,40.397858,-91.351700,Junction US Hwy 136 to Left,Junction US Hwy 136 to Left,Dot
005357,005357,40.397850,-91.351700,Keep right onto North County Road 0,Keep right onto North County Road 0,Dot
005358,005358,40.393460,-91.380800,Turn left onto North 2nd Street,Turn left onto North 2nd Street,Dot
005359,005359,40.391510,-91.383990,Turn left onto Bank Street,Turn left onto Bank Street,Dot
005360,005360,40.389660,-91.382130,Turn left onto Mississippi Drive,Turn left onto Mississippi Drive,Dot
005361,005361,40.390700,-91.380040,Make a U-turn onto Mississippi Drive,Make a U-turn onto Mississippi Drive,Dot
005362,005362,40.389660,-91.382130,Turn right onto Bank Street,Turn right onto Bank Street,Dot
005363,005363,40.391510,-91.383990,Turn right onto South 2nd Street,Turn right onto South 2nd Street,Dot
005364,005364,40.393390,-91.380910,Turn right onto US 136,Turn right onto US 136,Dot
005380,005380,40.359170,-91.434430,Turn right onto Main Street,Turn right onto Main Street,Dot
005381,005381,40.361660,-91.441960,"Turn left onto Water Street, 11","Turn left onto Water Street, 11",Dot
005399,005399,40.199960,-91.418540,Continue onto North County Road 500,Continue onto North County Road 500,Dot
005400,005400,40.075030,-91.419180,Turn left onto North 2150th Avenue,Turn left onto North 2150th Avenue,Dot
005413,005413,39.935820,-91.415400,Turn left onto Broadway Street,Turn left onto Broadway Street,Dot
005429,005429,39.935820,-91.414980,Turn right onto North Front Street,Turn right onto North Front Street,Dot
005440,005440,39.921170,-91.413240,Turn left onto Jefferson Street,Turn left onto Jefferson Street,Dot
005459,005459,39.783840,-91.300910,Turn right onto East 1100th Street,Turn right onto East 1100th Street,Dot
005470,005470,39.730430,-91.338690,Turn left onto Illinois Route 106,Turn left onto Illinois Route 106,Dot
005478,005478,39.728720,-91.337900,Turn right,Turn right,Dot
005488,005488,39.718130,-91.366710,Keep right,Keep right,Dot
005489,005489,39.718050,-91.373170,Slight Left,Keep left,Dot
005522,005522,39.566420,-91.190072,Junction Scenic Overlook to Left,Junction Scenic Overlook to Left,Dot
005539,005539,39.454890,-91.056450,"Turn right onto North 7th Street, MO 79","Turn right onto North 7th Street, MO 79",Dot
005551,005551,39.454030,-91.055800,"Turn left onto United States Highway 54, US 54, MO 79","Turn left onto United States Highway 54, US 54, MO 79",Dot
005559,005559,39.462450,-91.030880,Turn right onto 400 N,Turn right onto 400 N,Dot
005570,005570,39.481730,-90.927670,Turn slight right onto IL 96,Turn slight right onto IL 96,Dot
005587,005587,39.283950,-90.740600,Turn left onto IL-96 S/​Great River Rd,Turn left onto IL-96 S/​Great River Rd,Dot
005597,005597,39.295960,-90.609790,Turn left onto Broadway,Turn left onto Broadway,Dot
005607,005607,39.283950,-90.740600,Turn left onto Mississippi River Rd,Turn left onto Mississippi River Rd,Dot
005630,005630,39.090780,-90.667190,Continue onto 1420E,Continue onto 1420E,Dot
005631,005631,39.058400,-90.666827,Turner Branch,Turner Branch,Dot
005649,005649,38.968690,-90.647090,Slight Left,Turn slight left onto Mississippi River Road,Dot
005650,005650,38.967800,-90.635540,Turn right to stay on Mississippi River Rd,Turn right to stay on Mississippi River Rd,Dot
005660,005660,38.904390,-90.523800,Turn right to stay on Mississippi River Rd,Turn right to stay on Mississippi River Rd,Dot
005668,005668,38.924920,-90.513550,Turn right onto Illinois River Rd,Turn right onto Illinois River Rd,Dot
005680,005680,38.967940,-90.495130,Turn right onto Illinois SR 100,Turn right onto Illinois SR 100,Dot
005688,005688,38.970836,-90.457525,Dagett Hollow to Left,Dagett Hollow to Left,Dot
005689,005689,38.969230,-90.448659,Mason Hollow to Left,Mason Hollow to Left,Dot
005690,005690,38.969080,-90.445640,Turn right onto Water Street,Turn right onto Water Street,Dot
005691,005691,38.969050,-90.444600,Continue,Continue,Dot
005692,005692,38.969120,-90.442430,Turn slight right onto Water Street,Turn slight right onto Water Street,Dot
005693,005693,38.969100,-90.437670,Turn slight right,Turn slight right,Dot
005694,005694,38.969100,-90.435160,Turn right,Turn right,Dot
005710,005710,38.969060,-90.435150,Turn left onto Water Street,Turn left onto Water Street,Dot
005711,005711,38.969080,-90.428980,Turn left onto Brown Street,Turn left onto Brown Street,Dot
005721,005721,38.961568,-90.387423,Babbs Hollow to Left,Babbs Hollow to Left,Dot
005729,005729,38.951990,-90.362560,Turn left onto Mill St,Turn left onto Mill St,Dot
005730,005730,38.951750,-90.363900,Turn left onto IL-100 S,Turn left onto IL-100 S,Dot
005744,005744,38.925293,-90.247680,Youngblood Hollow to Left,Youngblood Hollow to Left,Dot
005745,005745,38.909986,-90.218533,Hop Hollow to Left,Hop Hollow to Left,Dot
005746,005746,38.890460,-90.187200,Turn right onto Riverfront Drive,Turn right onto Riverfront Drive,Dot
005747,005747,38.888790,-90.183810,Slight Left,Keep left,Dot
005748,005748,38.886910,-90.178270,Keep right,Keep right,Dot
005756,005756,38.885610,-90.172940,Turn right onto MCT Confluence Trail,Turn right onto MCT Confluence Trail,Dot
005764,005764,38.871660,-90.150974,Melvin Price Lock and Dam/National Great Rivers Museum to Ri,Melvin Price Lock and Dam/National Great Rivers Museum to Right,Dot
005780,005780,38.804780,-90.099540,Turn right onto Frontage Rd,Turn right onto Frontage Rd,Dot
005790,005790,38.804890,-90.101550,Continue onto Frontage Rd,Continue onto Frontage Rd,Dot
005798,005798,38.804780,-90.099540,Turn right onto Madison County Transit Confluence Trail,Turn right onto Madison County Transit Confluence Trail,Dot
005808,005808,38.763590,-90.134730,Turn left onto MCT Confluence Trail Connector,Turn left onto MCT Confluence Trail Connector,Dot
005816,005816,38.762050,-90.133300,Keep right,Keep right,Dot
005826,005826,38.761620,-90.142800,Continue onto Chain of Rocks Road,Continue onto Chain of Rocks Road,Dot
005845,005845,38.694700,-90.209300,Slight Left,Keep left onto St. Louis Riverfront Trail,Dot
005862,005862,38.637530,-90.180950,Slight Left,Turn slight left onto St. Louis Riverfront Trail,Dot
005870,005870,38.636640,-90.181650,Turn left onto Lewis Street,Turn left onto Lewis Street,Dot
005878,005878,38.635180,-90.181480,Continue,Continue,Dot
005879,005879,38.634980,-90.181460,Slight Left,Keep left,Dot
005889,005889,38.622480,-90.184640,Turn right,Turn right,Dot
005890,005890,38.622550,-90.184890,Turn right,Turn right,Dot
005891,005891,38.623820,-90.184770,Make a U-turn,Make a U-turn,Dot
005892,005892,38.623840,-90.184740,Slight Left,Keep left,Dot
005893,005893,38.627250,-90.183810,Turn left,Turn left,Dot
005894,005894,38.627290,-90.183960,Turn right,Turn right,Dot
005895,005895,38.629250,-90.185550,Turn slight right,Turn slight right,Dot
005896,005896,38.629430,-90.185630,Turn left,Turn left,Dot
005914,005914,38.628130,-90.169920,Slight Left,Keep left,Dot
005915,005915,38.628270,-90.169700,Slight Left,Turn slight left,Dot
005916,005916,38.628650,-90.171950,Turn left,Turn left,Dot
005917,005917,38.628530,-90.171970,Turn right,Turn right,Dot
005918,005918,38.628990,-90.174870,Turn left,Turn left,Dot
005928,005928,38.622710,-90.176130,Turn right,Turn right,Dot
005929,005929,38.622720,-90.176210,Turn left onto Front Street,Turn left onto Front Street,Dot
005951,005951,38.617410,-90.164310,Turn right onto South 8th Street,Turn right onto South 8th Street,Dot
005952,005952,38.616730,-90.165240,Turn left onto Piggott Avenue,Turn left onto Piggott Avenue,Dot
005966,005966,38.613420,-90.162890,Turn right onto South 11th Street,Turn right onto South 11th Street,Dot
005967,005967,38.611700,-90.165330,Turn left onto Falling Springs Road,Turn left onto Falling Springs Road,Dot
005968,005968,38.611130,-90.165230,Continue onto Falling Springs Road,Continue onto Falling Springs Road,Dot
005969,005969,38.600460,-90.158070,Turn right onto South 19th Street,Turn right onto South 19th Street,Dot
005985,005985,38.589670,-90.169800,Turn left onto Falling Springs Road,Turn left onto Falling Springs Road,Dot
005986,005986,38.576530,-90.176240,Continue onto Falling Springs Road,Continue onto Falling Springs Road,Dot
006000,006000,38.570490,-90.187540,Turn right onto East 1st Street,Turn right onto East 1st Street,Dot
006016,006016,38.570660,-90.188660,Turn left onto Church Street,Turn left onto Church Street,Dot
006017,006017,38.566490,-90.189670,Turn right onto East 5th Street,Turn right onto East 5th Street,Dot
006033,006033,38.543720,-90.197310,Turn right onto North Main Street,Turn right onto North Main Street,Dot
006057,006057,38.463090,-90.220540,Keep right,Keep right,Dot
006074,006074,38.297900,-90.310970,Turn right onto 4th Street,Turn right onto 4th Street,Dot
006090,006090,38.294600,-90.311210,Turn left,Turn left,Dot
006091,006091,38.294590,-90.309970,Turn right onto South Mitchell Avenue,Turn right onto South Mitchell Avenue,Dot
006092,006092,38.274638,-90.302391,Schaeffer Hollow to Left,Schaeffer Hollow to Left,Dot
006108,006108,38.212140,-90.268900,Turn left onto Maeystown Road,Turn left onto Maeystown Road,Dot
006109,006109,38.214260,-90.265700,Turn right onto Chalfin Bridge Road,Turn right onto Chalfin Bridge Road,Dot
006119,006119,38.212360,-90.263140,Continue onto Bluff Road,Continue onto Bluff Road,Dot
006138,006138,38.088090,-90.097310,Turn right onto IL 155,Turn right onto IL 155,Dot
006146,006146,38.086880,-90.098380,Slight Left,Keep left onto Market Street,Dot
006147,006147,38.085050,-90.097220,Turn right onto Duclos Street,Turn right onto Duclos Street,Dot
006148,006148,38.079340,-90.102230,Turn left onto Levee Road,Turn left onto Levee Road,Dot
006149,006149,38.013380,-90.050990,Slight right onto Co Hwy 12/​Levee Rd,Slight right onto Co Hwy 12/​Levee Rd,Dot
006173,006173,38.004550,-90.058290,Continue straight onto Little Rock Rd,Continue straight onto Little Rock Rd,Dot
006174,006174,37.993030,-90.050420,Continue onto N Main St,Continue onto N Main St,Dot
006194,006194,37.966490,-90.036020,Turn left onto US-61 S,Turn left onto US-61 S,Dot
006205,006205,37.879150,-89.949030,Turn left onto MO U,Turn left onto MO U,Dot
006227,006227,37.887610,-89.944050,Turn left onto South Kings Highway,Turn left onto South Kings Highway,Dot
006228,006228,37.916570,-89.917720,Turn left onto 5th Street,Turn left onto 5th Street,Dot
006236,006236,37.919770,-89.919080,Turn right onto Illinois Street,Turn right onto Illinois Street,Dot
006250,006250,37.900350,-89.902910,Turn slight right onto Kings Highway,Turn slight right onto Kings Highway,Dot
006251,006251,37.887610,-89.944050,Turn left onto Old Channel Road,Turn left onto Old Channel Road,Dot
006268,006268,37.879150,-89.949030,"Turn left onto 2nd Street, US 61","Turn left onto 2nd Street, US 61",Dot
006276,006276,37.869830,-89.947810,"Turn left onto State Highway H, MO H","Turn left onto State Highway H, MO H",Dot
006288,006288,37.854500,-89.832420,"Turn left onto State Highway 51, MO 51","Turn left onto State Highway 51, MO 51",Dot
006296,006296,37.905315,-89.834098,"Statue of ""Popeye"" Wayside to Right","Statue of ""Popeye"" Wayside to Right",Dot
006312,006312,37.904850,-89.832910,Turn slight right onto Branch Street,Turn slight right onto Branch Street,Dot
006320,006320,37.904130,-89.833610,Turn right onto Kaskaskia Street,Turn right onto Kaskaskia Street,Dot
006321,006321,37.960700,-89.904660,Turn right onto Fort Kaskaskia Road,Turn right onto Fort Kaskaskia Road,Dot
006329,006329,37.971520,-89.911470,Turn right,Turn right,Dot
006337,006337,37.963720,-89.902830,Turn right onto Fort Kaskaskia Road,Turn right onto Fort Kaskaskia Road,Dot
006338,006338,37.960700,-89.904660,Turn left onto Kaskaskia Street,Turn left onto Kaskaskia Street,Dot
006346,006346,37.884130,-89.786570,Turn right,Turn right,Dot
006347,006347,37.815600,-89.626470,Turn right onto Jones Ridge Road,Turn right onto Jones Ridge Road,Dot
006348,006348,37.764290,-89.627280,Turn left onto Levee Road,Turn left onto Levee Road,Dot
006356,006356,37.759630,-89.619600,Turn left onto Indian Ridge Road,Turn left onto Indian Ridge Road,Dot
006366,006366,37.740080,-89.582680,Turn right onto Neunert Road,Turn right onto Neunert Road,Dot
006367,006367,37.722500,-89.545980,Turn right onto Neunert Road,Turn right onto Neunert Road,Dot
006388,006388,37.707448,-89.475945,Fountain Bluff to Right,Fountain Bluff to Right,Dot
006396,006396,37.699990,-89.472600,Turn right onto IL 3,Turn right onto IL 3,Dot
006404,006404,37.684251,-89.477979,Happy Hollow to Right,Happy Hollow to Right,Dot
006405,006405,37.641100,-89.505930,Turn right onto 20th Street,Turn right onto 20th Street,Dot
006406,006406,37.641850,-89.510150,Turn left onto Brunkhorst Avenue,Turn left onto Brunkhorst Avenue,Dot
006407,006407,37.639300,-89.510740,Keep right onto Brunkhorst Avenue,Keep right onto Brunkhorst Avenue,Dot
006408,006408,37.638810,-89.510930,Slight Left,Keep left onto Brunkhorst Avenue,Dot
006409,006409,37.633825,-89.508266,Tower Rock across River to Right,Tower Rock across River to Right,Dot
006410,006410,37.633150,-89.507130,Turn slight right onto Front Street,Turn slight right onto Front Street,Dot
006426,006426,37.618090,-89.495530,Turn left onto Upper Chute Road,Turn left onto Upper Chute Road,Dot
006442,006442,37.318310,-89.436670,Turn right onto Old Cape Road,Turn right onto Old Cape Road,Dot
006450,006450,37.295840,-89.489360,Turn right onto IL 146,Turn right onto IL 146,Dot
006467,006467,37.295070,-89.522870,Keep right,Keep right,Dot
006483,006483,37.294940,-89.523330,"Turn left onto State Highway 34, MO 34, MO 74","Turn left onto State Highway 34, MO 34, MO 74",Dot
006500,006500,37.252010,-89.450060,"Turn right onto Illinois Route 3, IL 3","Turn right onto Illinois Route 3, IL 3",Dot
006508,006508,37.248700,-89.449880,Turn left onto Old Route 3,Turn left onto Old Route 3,Dot
006523,006523,37.220470,-89.450380,"Turn right onto Illinois Route 3, IL 3","Turn right onto Illinois Route 3, IL 3",Dot
006537,006537,37.221050,-89.462350,Turn left onto 2nd Street,Turn left onto 2nd Street,Dot
006538,006538,37.218110,-89.461150,Turn right onto Thebes Road,Turn right onto Thebes Road,Dot
006539,006539,37.177941,-89.440689,Dynamite Hollow to Left,Dynamite Hollow to Left,Dot
006553,006553,37.164240,-89.404160,Turn right onto Fayville Road,Turn right onto Fayville Road,Dot
006554,006554,37.165250,-89.401130,Turn left onto Fayville Road,Turn left onto Fayville Road,Dot
006555,006555,37.168930,-89.357370,"Turn right onto Illinois Route 3, IL 3","Turn right onto Illinois Route 3, IL 3",Dot
006571,006571,37.168710,-89.353290,Turn right onto Miller City Road,Turn right onto Miller City Road,Dot
006581,006581,37.087490,-89.324920,"Turn left onto Miller City Road, CR 2","Turn left onto Miller City Road, CR 2",Dot
006582,006582,37.093760,-89.256840,Turn right onto IL 3,Turn right onto IL 3,Dot
006600,006600,37.038178,-89.187864,Junction IL SR 37 to Left,Junction IL SR 37 to Left,Dot
006612,006612,37.025510,-89.186380,"Continue onto Sycamore Street, US 51","Continue onto Sycamore Street, US 51",Dot
006635,006635,36.972286,-89.146026,U-Turn US 60-62,U-Turn US 60-62,Dot
006652,006652,36.987110,-89.150660,Turn right onto Fort Defiance Road,Turn right onto Fort Defiance Road,Dot
006653,006653,36.984290,-89.143300,Turn right onto Fort Defiance Road,Turn right onto Fort Defiance Road,Dot
006661,006661,36.987110,-89.150660,"Turn right onto US 60, US 62","Turn right onto US 60, US 62",Dot
006662,006662,36.988340,-89.151650,"Turn right onto US 51, US 60, US 62","Turn right onto US 51, US 60, US 62",Dot
006681,006681,36.968830,-89.089870,Turn right onto North 3rd Street,Turn right onto North 3rd Street,Dot
006682,006682,36.964910,-89.090430,Turn left onto Court Street,Turn left onto Court Street,Dot
006698,006698,36.964800,-89.089200,"Turn right onto 4th Street, US 51, US 62","Turn right onto 4th Street, US 51, US 62",Dot
006708,006708,36.917520,-89.055470,Turn right onto R 1306,Turn right onto R 1306,Dot
006716,006716,36.907040,-89.056930,Turn right onto KY 1203,Turn right onto KY 1203,Dot
006717,006717,36.880106,-89.070826,Junction KY SR 1741 to Left,Junction KY SR 1741 to Left,Dot
006727,006727,36.872110,-89.073105,Junction KY SR 1022 to Left,Junction KY SR 1022 to Left,Dot
006735,006735,36.845200,-89.066080,Turn right onto County Road 1221,Turn right onto County Road 1221,Dot
006743,006743,36.842620,-89.063740,Turn right onto KY 123,Turn right onto KY 123,Dot
006744,006744,36.803860,-89.082241,Junction KY SR 877 to Left,Junction KY SR 877 to Left,Dot
006756,006756,36.778534,-89.096225,Junction KY SR 80 to Left,Junction KY SR 80 to Left,Dot
006768,006768,36.756650,-89.101840,Turn right onto KY 123,Turn right onto KY 123,Dot
006769,006769,36.725408,-89.095047,Junction KY SR 808 to Right,Junction KY SR 808 to Right,Dot
006770,006770,36.712653,-89.088809,Junction KY SR 1300 to Left,Junction KY SR 1300 to Left,Dot
006780,006780,36.701222,-89.090116,Junction KY SR 808 to Right,Junction KY SR 808 to Right,Dot
006781,006781,36.676600,-89.106030,Turn left onto KY 123,Turn left onto KY 123,Dot
006792,006792,36.650350,-89.025600,Turn right onto KY 239,Turn right onto KY 239,Dot
006803,006803,36.603599,-89.031632,Junction KY SR 781 to Left,Junction KY SR 781 to Left,Dot
006813,006813,36.592320,-89.034720,Turn right onto KY 1129,Turn right onto KY 1129,Dot
006823,006823,36.564440,-89.101460,Turn right onto KY 94,Turn right onto KY 94,Dot
006834,006834,36.571330,-89.186236,Junction KY SR 125 to Left,Junction KY SR 125 to Left,Dot
006846,006846,36.568548,-89.200409,Junction KY SR 309 to Left,Junction KY SR 309 to Left,Dot
006854,006854,36.566710,-89.206590,Slight Left,Keep left onto KY 94,Dot
006855,006855,36.566580,-89.207130,Turn left onto Hickman Ferry Crossing,Turn left onto Hickman Ferry Crossing,Ferry
006879,006879,36.591500,-89.236420,Continue onto MO A,Continue onto MO A,Dot
006880,006880,36.591504,-89.236462,Junction MO SR 77 to Right,Junction MO SR 77 to Right,Dot
006890,006890,36.615560,-89.285390,Turn left onto County Road 520,Turn left onto County Road 520,Dot
006906,006906,36.605270,-89.450760,"Turn left onto State Highway WW, MO WW","Turn left onto State Highway WW, MO WW",Dot
006916,006916,36.591210,-89.521190,Turn left onto Levee Road,Turn left onto Levee Road,Dot
006917,006917,36.586630,-89.522200,Continue onto Levee Road,Continue onto Levee Road,Dot
006933,006933,36.550530,-89.582050,Turn right,Turn right,Dot
006934,006934,36.550620,-89.582540,Turn left,Turn left,Dot
006935,006935,36.550450,-89.582540,Continue onto County Road 403,Continue onto County Road 403,Dot
006943,006943,36.518750,-89.591450,Turn right onto MO EE,Turn right onto MO EE,Dot
006953,006953,36.519040,-89.612630,"Turn left onto Lewis Street, US 61","Turn left onto Lewis Street, US 61",Dot
006954,006954,36.438412,-89.687880,Junction MO SR 162 to Right,Junction MO SR 162 to Right,Dot
006962,006962,36.425310,-89.696652,Junction US Route 61 to Left,Junction US Route 61 to Left,Dot
006970,006970,36.425300,-89.696660,Continue onto MO T,Continue onto MO T,Dot
006986,006986,36.393200,-89.701910,Turn left onto MO T,Turn left onto MO T,Dot
006996,006996,36.393350,-89.696130,Turn right onto East Outer Road,Turn right onto East Outer Road,Dot
007004,007004,36.349820,-89.699040,"Continue onto East Outer Road, MO BB","Continue onto East Outer Road, MO BB",Dot
007005,007005,36.298630,-89.701050,"Turn right onto MO J, MO K","Turn right onto MO J, MO K",Dot
007015,007015,36.298730,-89.703610,"Turn left onto West Outer Road, MO J","Turn left onto West Outer Road, MO J",Dot
007031,007031,36.198410,-89.664340,"Continue onto West 3rd Street, MO 84 Spur","Continue onto West 3rd Street, MO 84 Spur",Dot
007032,007032,36.198409,-89.664339,Junction MO SR 84 to Right,Junction MO SR 84 to Right,Dot
007040,007040,36.181040,-89.663920,Slight Left,Turn slight left onto South Ward Avenue,Dot
007041,007041,36.176760,-89.663860,Keep right,Keep right,Dot
007049,007049,36.176324,-89.664355,Junction MO SR 84 to Left,Junction MO SR 84 to Left,Dot
007050,007050,36.176310,-89.664390,"Turn slight right onto State Highway 84, MO 84","Turn slight right onto State Highway 84, MO 84",Dot
007051,007051,36.176309,-89.668486,Junction MO SR 84 to Right,Junction MO SR 84 to Right,Dot
007061,007061,36.176220,-89.699850,"Turn left onto State Highway D, MO D","Turn left onto State Highway D, MO D",Dot
007062,007062,36.088960,-89.699670,Continue onto MO 164,Continue onto MO 164,Dot
007063,007063,36.064030,-89.700220,Turn slight right onto MO DD,Turn slight right onto MO DD,Dot
007064,007064,36.045050,-89.743570,Turn left onto MO DD,Turn left onto MO DD,Dot
007072,007072,35.914120,-89.793760,Turn right onto North County Road 903,Turn right onto North County Road 903,Dot
007073,007073,35.875720,-89.792960,Turn right onto East County Road 328,Turn right onto East County Road 328,Dot
007074,007074,35.863750,-89.873310,Slight Left,Turn slight left onto AR 148,Dot
007075,007075,35.871000,-89.904990,Turn left onto East County Road 314,Turn left onto East County Road 314,Dot
007076,007076,35.871230,-89.918230,Turn left onto US 61,Turn left onto US 61,Dot
007086,007086,35.741110,-89.954760,Turn right onto East County Road 602,Turn right onto East County Road 602,Dot
007087,007087,35.741370,-89.955110,Turn left onto East County Road 602,Turn left onto East County Road 602,Dot
007088,007088,35.741130,-89.963910,Continue onto Bayou Road,Continue onto Bayou Road,Dot
007089,007089,35.733490,-89.964100,Slight Left,"Keep left onto North Pearl Street, AR 140",Dot
007090,007090,35.703740,-89.964030,Turn right onto East Johnson Avenue,Turn right onto East Johnson Avenue,Dot
007091,007091,35.698940,-89.964440,Turn left onto East Union Avenue,Turn left onto East Union Avenue,Dot
007092,007092,35.643080,-89.980780,Turn left onto US 61,Turn left onto US 61,Dot
007103,007103,35.419880,-90.220540,Turn left onto Stacy Road,Turn left onto Stacy Road,Dot
007119,007119,35.289820,-90.228720,Turn left,Turn left,Dot
007120,007120,35.289680,-90.228180,Turn right,Turn right,Dot
007137,007137,35.147240,-90.127290,Turn left onto South Service Road,Turn left onto South Service Road,Dot
007148,007148,35.142280,-90.109920,Turn left onto Bridgeport Road,Turn left onto Bridgeport Road,Dot
007149,007149,35.139470,-90.094360,Turn right,Turn right,Dot
007160,007160,35.126020,-90.071080,Continue,Continue,Dot
007161,007161,35.127000,-90.068010,Turn right onto Channel 3 Drive,Turn right onto Channel 3 Drive,Dot
007162,007162,35.128250,-90.061810,Turn right onto Florida Street,Turn right onto Florida Street,Dot
007163,007163,35.086640,-90.063020,Turn left onto East Mallory Avenue,Turn left onto East Mallory Avenue,Dot
007178,007178,35.035510,-90.025150,Turn right onto E Raines Rd,Turn right onto E Raines Rd,Dot
007179,007179,35.035370,-90.073250,Turn left onto S 3rd St,Turn left onto S 3rd St,Dot
007180,007180,34.956380,-90.149670,Keep right onto 2nd Street,Keep right onto 2nd Street,Dot
007188,007188,34.956910,-90.152240,Turn right onto East Railroad Avenue,Turn right onto East Railroad Avenue,Dot
007198,007198,34.900000,-90.219640,Turn right onto Old Highway 61,Turn right onto Old Highway 61,Dot
007199,007199,34.860130,-90.283830,Turn right,Turn right,Dot
007200,007200,34.847690,-90.293020,Turn right onto Old Highway 61,Turn right onto Old Highway 61,Dot
007216,007216,34.837210,-90.320030,Turn left onto Casino Way,Turn left onto Casino Way,Dot
007230,007230,34.816900,-90.396090,Turn left onto Perry Road,Turn left onto Perry Road,Dot
007240,007240,34.732370,-90.375860,Turn right onto Old Highway 61,Turn right onto Old Highway 61,Dot
007241,007241,34.699940,-90.381270,Turn left onto Old Highway 61,Turn left onto Old Highway 61,Dot
007251,007251,34.684150,-90.428170,Turn left onto Forrestdale Road,Turn left onto Forrestdale Road,Dot
007261,007261,34.629920,-90.463180,Slight Left,Turn slight left onto Hood Road,Dot
007262,007262,34.553390,-90.498020,Turn right onto Pea Patch Road,Turn right onto Pea Patch Road,Dot
007263,007263,34.539090,-90.497820,Turn right onto Byrd Road,Turn right onto Byrd Road,Dot
007277,007277,34.483810,-90.535470,Turn right onto US 49,Turn right onto US 49,Dot
007288,007288,34.364760,-90.640270,Turn left onto Oakridge Avenue,Turn left onto Oakridge Avenue,Dot
007289,007289,34.359780,-90.640300,Turn left onto South Street,Turn left onto South Street,Dot
007306,007306,34.203980,-90.575340,Turn right onto 1st Street,Turn right onto 1st Street,Dot
007307,007307,34.203790,-90.576240,Turn left onto Sunflower Avenue,Turn left onto Sunflower Avenue,Dot
007308,007308,34.202440,-90.575850,Turn right onto East 2nd Street,Turn right onto East 2nd Street,Dot
007318,007318,34.201880,-90.607520,Turn left,Turn left,Dot
007319,007319,34.207687,-90.687016,Dogwood Bayou to Left,Dogwood Bayou to Left,Dot
007320,007320,34.210670,-90.710810,Slight Left,"Turn slight left onto Mississippi Highway 1, MS 1",Dot
007352,007352,33.484949,-91.063742,Winterville Indian Mound to Left,Winterville Indian Mound to Left,Dot
007360,007360,33.385759,-91.067760,Keep right,Keep right,Dot
007383,007383,33.308510,-91.126940,Keep right,Keep right,Dot
007394,007394,33.118879,-91.061550,Turn right onto Roy's Store Road,Turn right onto Roy's Store Road,Dot
007395,007395,33.105269,-91.076600,Turn left,Turn left,Dot
007396,007396,33.011750,-91.052770,Turn left onto Cordell Road,Turn left onto Cordell Road,Dot
007397,007397,33.003420,-91.052310,Turn right onto Greenfield Road,Turn right onto Greenfield Road,Dot
007407,007407,33.002510,-91.063800,Continue onto Mayersville-Glenallen Road,Continue onto Mayersville-Glenallen Road,Dot
007427,007427,32.500980,-90.810310,Turn right onto US 61,Turn right onto US 61,Dot
007437,007437,32.425310,-90.823680,Turn right onto North Washington Street,Turn right onto North Washington Street,Dot
007447,007447,32.351100,-90.881960,Turn right onto China Street,Turn right onto China Street,Dot
007448,007448,32.350250,-90.883280,Continue onto Mulberry Street,Continue onto Mulberry Street,Dot
007449,007449,32.347450,-90.883560,Turn right,Turn right,Dot
007450,007450,32.347290,-90.883780,Slight Left,Turn slight left onto Mulberry Street,Dot
007451,007451,32.324370,-90.893010,Turn right onto Washington Street,Turn right onto Washington Street,Dot
007462,007462,32.270890,-90.917020,Slight Left,Turn slight left onto Wilbert Lane,Dot
007463,007463,32.270789,-90.917280,Turn left onto US 61,Turn left onto US 61,Dot
007464,007464,32.267600,-90.920650,Turn left onto Short Street,Turn left onto Short Street,Dot
007472,007472,32.265880,-90.921310,Turn left onto Willow Drive,Turn left onto Willow Drive,Dot
007480,007480,32.265070,-90.918430,Turn right onto US 61,Turn right onto US 61,Dot
007490,007490,32.196170,-90.944360,"Turn right onto US Highway 61, US 61","Turn right onto US Highway 61, US 61",Dot
007491,007491,32.144300,-90.934850,Turn left,Turn left,Dot
007492,007492,32.144560,-90.934510,Turn left onto US 61,Turn left onto US 61,Dot
007493,007493,32.148220,-90.938510,Turn left,Turn left,Dot
007494,007494,32.147950,-90.938830,Turn left onto US 61,Turn left onto US 61,Dot
007505,007505,32.013240,-90.955550,Keep right,Keep right,Dot
007506,007506,32.012880,-90.956450,Turn slight right onto Grand-Gulf Road,Turn slight right onto Grand-Gulf Road,Dot
007507,007507,32.020570,-91.047660,Turn left onto Grand-Gulf Road,Turn left onto Grand-Gulf Road,Dot
007508,007508,32.020570,-91.047660,Turn right onto Grand-Gulf Road,Turn right onto Grand-Gulf Road,Dot
007509,007509,31.998460,-91.008010,Turn right onto Old Grand Gulf Road,Turn right onto Old Grand Gulf Road,Dot
007519,007519,31.962010,-90.983480,Turn right onto Orange Street,Turn right onto Orange Street,Dot
007520,007520,31.954390,-90.985830,Turn left onto Oak Street,Turn left onto Oak Street,Dot
007521,007521,31.954020,-90.984660,"Turn right onto Church Street, US 61","Turn right onto Church Street, US 61",Dot
007522,007522,31.927450,-90.995760,Keep right,Keep right,Dot
007542,007542,31.627416,-91.235920,Emerald Mound to Right (not visible),Emerald Mound to Right (not visible),Dot
007557,007557,31.546110,-91.369660,Turn left onto Liberty Road,Turn left onto Liberty Road,Dot
007568,007568,31.561600,-91.405350,Turn left onto South Canal Street,Turn left onto South Canal Street,Dot
007569,007569,31.553810,-91.411410,Turn right,Turn right,Dot
007570,007570,31.554200,-91.413750,Keep right,Keep right,Dot
007591,007591,30.978420,-91.795580,Slight Left,"Keep left onto State Route 418, LA 418",Dot
007611,007611,30.747400,-91.600218,Morganza Floodway to Right,Morganza Floodway to Right,Dot
007619,007619,30.686926,-91.453110,False River to Right,False River to Right,Dot
007629,007629,30.685923,-91.356227,False Bayou to Right,False Bayou to Right,Dot
007630,007630,30.495260,-91.251650,Turn slight right,Turn slight right,Dot
007631,007631,30.508350,-91.174830,Turn right onto US 190 Business,Turn right onto US 190 Business,Dot
007645,007645,30.444040,-91.189910,Keep right onto South River Road,Keep right onto South River Road,Dot
007646,007646,30.439600,-91.189960,Turn right onto South River Road,Turn right onto South River Road,Dot
007656,007656,30.413960,-91.195800,Continue onto Mississippi River Levee Trail,Continue onto Mississippi River Levee Trail,Dot
007657,007657,30.395080,-91.206650,Continue onto Mississippi River Levee Trail,Continue onto Mississippi River Levee Trail,Dot
007658,007658,30.390850,-91.210440,Keep right onto Mississippi River Trail,Keep right onto Mississippi River Trail,Dot
007659,007659,30.350850,-91.214800,Continue onto Mississippi River Trail,Continue onto Mississippi River Trail,Dot
007660,007660,30.351040,-91.212480,Continue onto Mississippi River Trail,Continue onto Mississippi River Trail,Dot
007668,007668,30.352440,-91.175000,Keep right,Keep right,Dot
007669,007669,30.345380,-91.152330,Slight Left,Keep left,Dot
007670,007670,30.344980,-91.151060,Turn right,Turn right,Dot
007671,007671,30.344930,-91.151070,Turn left,Turn left,Dot
007672,007672,30.310040,-91.149130,Keep right onto River Road,Keep right onto River Road,Dot
007673,007673,30.287610,-91.210020,Slight Left,Keep left onto River Road,Dot
007674,007674,30.071600,-90.893140,Turn right,Turn right,Dot
007675,007675,30.070940,-90.892550,Slight Left,Keep left,Dot
007676,007676,30.023430,-90.717050,Keep right,Keep right,Dot
007677,007677,30.026870,-90.711890,Turn left,Turn left,Dot
007678,007678,30.050440,-90.531930,Turn right,Turn right,Dot
007686,007686,30.050330,-90.531920,Turn left onto Mississippi River Trail,Turn left onto Mississippi River Trail,Dot
007694,007694,30.051630,-90.523070,Slight Left,Keep left onto Mississippi River Trail,Dot
007702,007702,30.058530,-90.508950,Continue onto Mississippi River Trail,Continue onto Mississippi River Trail,Dot
007703,007703,30.013720,-90.468630,Continue onto Mississippi River Trail,Continue onto Mississippi River Trail,Dot
007711,007711,30.004500,-90.464220,Turn right onto River Rd,Turn right onto River Rd,Dot
007719,007719,30.003490,-90.461410,Turn right onto Mississippi River Trail,Turn right onto Mississippi River Trail,Dot
007727,007727,30.004420,-90.453670,Turn slight right onto River Road,Turn slight right onto River Road,Dot
007735,007735,30.001170,-90.428550,Turn left onto Mississippi River Trail,Turn left onto Mississippi River Trail,Dot
007736,007736,29.998570,-90.424190,Keep right onto Mississippi River Trail,Keep right onto Mississippi River Trail,Dot
007737,007737,29.997030,-90.415150,Continue onto Mississippi River Trail,Continue onto Mississippi River Trail,Dot
007738,007738,29.975240,-90.391220,Continue onto Mississippi River Trail,Continue onto Mississippi River Trail,Dot
007739,007739,29.928350,-90.200140,Continue onto Mississippi River Trail,Continue onto Mississippi River Trail,Dot
007740,007740,29.939570,-90.184620,Continue onto Mississippi River Trail,Continue onto Mississippi River Trail,Dot
007741,007741,29.957010,-90.162490,Keep right onto Mississippi River Trail,Keep right onto Mississippi River Trail,Dot
007742,007742,29.959180,-90.146370,Continue onto Mississippi River Trail,Continue onto Mississippi River Trail,Dot
007743,007743,29.955350,-90.138550,Continue onto Mississippi River Trail,Continue onto Mississippi River Trail,Dot
007751,007751,29.918340,-90.134020,Turn right,Turn right,Dot
007752,007752,29.918280,-90.134120,Turn left,Turn left,Dot
007753,007753,29.916130,-90.132240,Turn right,Turn right,Dot
007754,007754,29.916130,-90.132240,Turn left,Turn left,Dot
007755,007755,29.918280,-90.134120,Turn right,Turn right,Dot
007756,007756,29.918340,-90.134020,Turn right onto West Drive,Turn right onto West Drive,Dot
007757,007757,29.924880,-90.068980,Turn left onto Saint Andrew Street,Turn left onto Saint Andrew Street,Dot
007758,007758,29.925270,-90.069310,Turn right,Turn right,Dot
007759,007759,29.925650,-90.068750,Turn left,Turn left,Dot
007760,007760,29.925790,-90.068840,Turn right,Turn right,Dot
007761,007761,29.925870,-90.068720,Turn right,Turn right,Dot
007762,007762,29.927960,-90.067030,Turn left onto Celeste Street,Turn left onto Celeste Street,Dot
007763,007763,29.928350,-90.068800,Turn slight right onto Felicity Street,Turn slight right onto Felicity Street,Dot
007771,007771,29.930310,-90.070990,Turn right onto Annunciation Street,Turn right onto Annunciation Street,Dot
007779,007779,29.932870,-90.070250,Slight Left,Turn slight left,Dot
007780,007780,29.933870,-90.069970,Turn right onto Race Street,Turn right onto Race Street,Dot
007788,007788,29.933850,-90.069880,Turn left onto Annunciation Street,Turn left onto Annunciation Street,Dot
007789,007789,29.940580,-90.068000,Turn right onto John Churchill Chase Street,Turn right onto John Churchill Chase Street,Dot
007797,007797,29.940800,-90.065750,Turn left onto South Peters Street,Turn left onto South Peters Street,Dot
007798,007798,29.949740,-90.064200,Slight Left,Keep left onto Canal Street,Dot
007799,007799,29.949770,-90.064000,Continue onto Canal Street,Continue onto Canal Street,Dot
007800,007800,29.949940,-90.062140,Continue onto Canal Street–Algiers Point Ferry,Continue onto Canal Street–Algiers Point Ferry,Ferry
007801,007801,29.953000,-90.056180,Turn slight right,Turn slight right,Dot
007802,007802,29.953020,-90.055320,Turn left,Turn left,Dot
007803,007803,29.953160,-90.055330,Turn right,Turn right,Dot
007811,007811,29.953260,-90.055130,Turn left onto Mississippi River Trail,Turn left onto Mississippi River Trail,Dot
007819,007819,29.947140,-90.022880,Slight Left,Keep left onto Mississippi River Trail,Dot
007827,007827,29.921020,-89.973950,Turn left onto Winston Street,Turn left onto Winston Street,Dot
007835,007835,29.868550,-89.891240,Keep right,Keep right,Dot
,,,,=== City/Town Center ===,,
000141,000141,,,=== Control - Cardinal Extreme ===,,City
000146,000146,,,"Changelog 260507-08: Ferry symbols, improved city detection, combined boundaries",,Ferry
000150,000150,,,=== Control - Cardinal Extreme ===,,City
000157,000157,,,"Changelog 260507-07: City detection by state abbr, combined state boundaries, improved ferry handling",,Ferry
000163,000163,,,=== Control - Cardinal Extreme ===,,City
000178,000178,,,=== Control - Cardinal Extreme ===,,City
000242,000242,47.253614,-95.212219,Cross MN SH 200,Cross MN SH 200,City
000248,000248,47.354145,-95.081257,"Becida, MN","Becida, MN",City
000254,000254,47.468590,-94.915704,Cross US Route 2/MN SR 371,Cross US Route 2/MN SR 371,City
000260,000260,47.472663,-94.879661,"Bemidji, MN","Bemidji, MN",City
000277,000277,47.382615,-94.607534,"Cross US Route 2,Cass Lake, MN","Cross US Route 2,Cass Lake, MN",City
000278,000278,47.379469,-94.607580,"Cass Lake, MN","Cass Lake, MN",City
000290,000290,47.345258,-94.208763,"Bena, MN","Bena, MN",City
000319,000319,47.232869,-93.528355,"Grand Rapids, MN","Grand Rapids, MN",City
000332,000332,47.005025,-93.294460,Cross MN SR 200,Cross MN SR 200,City
000344,000344,46.710380,-93.488410,"Palisade, MN","Palisade, MN",City
000345,000345,46.535519,-93.706699,"Aitkin, MN","Aitkin, MN",City
000351,000351,46.546163,-93.958131,Cross MN SR 6,Cross MN SR 6,City
000370,000370,46.357541,-94.216182,Cross MN SR 210,Cross MN SR 210,City
000383,000383,46.312361,-94.267580,Cross Under MN SR 371,Cross Under MN SR 371,City
000398,000398,46.243719,-94.343237,"Lennox, MN","Lennox, MN",City
000410,000410,46.166298,-94.360239,"Fort Ripley, MN","Fort Ripley, MN",City
000423,000423,45.976882,-94.365548,"Little Falls, MN","Little Falls, MN",City
000440,000440,45.751969,-94.220339,"Rice, MN","Rice, MN",City
000441,000441,45.676365,-94.180808,"Watab, MN","Watab, MN",City
000442,000442,45.615261,-94.204521,"Sartell, MN","Sartell, MN",City
000448,000448,45.595201,-94.191041,Cross MN SR 15,Cross MN SR 15,City
000460,000460,45.559262,-94.156485,"Cross MN SR 23 ,St. Cloud, MN","Cross MN SR 23 ,St. Cloud, MN",City
000475,000475,45.415028,-94.050264,"Clearwater, MN","Clearwater, MN",City
000488,000488,45.305632,-93.794192,"Cross MN SR 25,Monticello, MN","Cross MN SR 25,Monticello, MN",City
000500,000500,45.281140,-93.565770,"At roundabout, take exit 1 onto Parrish Avenue Northeast, CR","At roundabout, take exit 1 onto Parrish Avenue Northeast, CR 42",City
000501,000501,45.281119,-93.565739,"Otsego, MN","Otsego, MN",City
000507,000507,45.263639,-93.555879,Cross Under MN SR 101,Cross Under MN SR 101,City
000513,000513,45.244054,-93.515348,"Dayton, MN","Dayton, MN",City
000525,000525,45.190680,-93.396070,Cross Under MN SR 169,Cross Under MN SR 169,City
000540,000540,45.127662,-93.300102,Cross Under MN SR 252,Cross Under MN SR 252,City
000554,000554,44.987407,-93.267170,Cross Under Nicollet Island Silver Railroad Bridge,Cross Under Nicollet Island Silver Railroad Bridge,City
000560,000560,44.982387,-93.261772,"Minneapolis, MN","Minneapolis, MN",City
000574,000574,44.894866,-93.181092,Cross Under MN SR 5,Cross Under MN SR 5,City
000588,000588,44.931876,-93.102715,Cross Under MN SR 149,Cross Under MN SR 149,City
000601,000601,44.949851,-93.098456,"St. Paul, MN","St. Paul, MN",City
000615,000615,44.931581,-93.080787,"South St. Paul, MN","South St. Paul, MN",City
000636,000636,44.824084,-92.925816,"Cottage Grove, MN","Cottage Grove, MN",City
000649,000649,44.806370,-92.912000,"At roundabout, take exit 2 onto East Point Douglas Road Sout","At roundabout, take exit 2 onto East Point Douglas Road South",City
000679,000679,44.575709,-92.361894,Cross Warrentown Coulee,Cross Warrentown Coulee,City
000685,000685,44.575650,-92.358551,"Warrentown, WI","Warrentown, WI",City
000686,000686,44.448752,-92.179879,"Lakeport, WI","Lakeport, WI",City
000708,000708,44.021017,-91.555169,"Homer, MN","Homer, MN",City
000714,000714,44.006808,-91.495968,Cedar Creek,Cedar Creek,City
000726,000726,43.913510,-91.359118,"Dakota, MN","Dakota, MN",City
000727,000727,43.894649,-91.342980,"Dresbach, MN","Dresbach, MN",City
000739,000739,43.828292,-91.301475,"La Crescent, MN","La Crescent, MN",City
000773,000773,43.662022,-91.218994,"Stoddard, WI","Stoddard, WI",City
000785,000785,43.340079,-91.081334,Sugar Creek,Sugar Creek,City
000797,000797,43.169897,-91.134028,Du Charme Creek,Du Charme Creek,City
000809,000809,43.050004,-91.151323,Cross Marais de Saint Feriole,Cross Marais de Saint Feriole,City
000822,000822,43.045050,-91.178201,"Marquette, IA","Marquette, IA",City
000835,000835,43.045031,-91.178180,"Marquette, IA","Marquette, IA",City
000863,000863,42.693591,-90.845128,Cross McCartney Branch,Cross McCartney Branch,City
000880,000880,42.630485,-90.652447,Cross Platte River,Cross Platte River,City
000913,000913,42.071631,-90.172344,"Sabula, IA","Sabula, IA",City
000926,000926,41.958422,-90.111859,"Thomson, IL","Thomson, IL",City
000940,000940,41.803545,-90.180291,Cross Cedar Creek,Cross Cedar Creek,City
000955,000955,41.593811,-90.335495,Cross Barber Creek,Cross Barber Creek,City
000973,000973,41.532625,-90.429210,Sugar Creek,Sugar Creek,City
001014,001014,41.503328,-90.608185,Credit Island Park,Credit Island Park,City
001029,001029,41.187052,-90.967818,Edwards River,Edwards River,City
001044,001044,40.865487,-90.960530,"Gladstone, IL","Gladstone, IL",City
001050,001050,40.812560,-91.098170,Take exit 263 for County Rd 99/​Main St toward Burlington,Take exit 263 for County Rd 99/​Main St toward Burlington,City
001064,001064,40.637810,-91.168609,"Dallas City, IL","Dallas City, IL",City
001076,001076,40.465982,-91.362500,Larry Creek,Larry Creek,City
001088,001088,40.372398,-91.394104,Cedar Glen Creek,Cedar Glen Creek,City
001094,001094,40.359169,-91.434429,"Warsaw, IL","Warsaw, IL",City
001100,001100,40.318575,-91.436556,Shuhart Creek,Shuhart Creek,City
001101,001101,40.126911,-91.417307,Bear Creek,Bear Creek,City
001113,001113,39.954840,-91.415572,Cedar Creek,Cedar Creek,City
001125,001125,39.816947,-91.340666,Harkness Creek,Harkness Creek,City
001137,001137,39.705948,-91.354510,Bear Creek,Bear Creek,City
001138,001138,39.671084,-91.310428,Marble Creek,Marble Creek,City
001139,001139,39.496365,-91.204685,Sugar Creek,Sugar Creek,City
001140,001140,39.489497,-91.186066,Early Branch,Early Branch,City
001141,001141,39.468256,-91.087146,Tanyard Branch,Tanyard Branch,City
001160,001160,38.885727,-90.173300,Cross Under US Hwy 67/Clark Bridge,Cross Under US Hwy 67/Clark Bridge,City
001176,001176,38.631232,-90.181812,Cross Under Doctor Martin Luther King Bridge,Cross Under Doctor Martin Luther King Bridge,City
001194,001194,38.444297,-90.232119,Cross Carr Creek,Cross Carr Creek,City
001195,001195,38.422855,-90.241407,Cross Little Carr Creek,Cross Little Carr Creek,City
001196,001196,38.404902,-90.250538,Cross Long Slash Creek,Cross Long Slash Creek,City
001213,001213,37.877121,-89.945949,"St. Mary, MO","St. Mary, MO",City
001219,001219,37.860259,-89.938028,Cross Saint Laurent Creek,Cross Saint Laurent Creek,City
001234,001234,37.884589,-89.785127,Cross Marys River,Cross Marys River,City
001250,001250,37.533758,-89.455711,Cross Running Lake Ditch,Cross Running Lake Ditch,City
001251,001251,37.318878,-89.436068,Cross Old Clear Creek,Cross Old Clear Creek,City
001267,001267,37.198818,-89.451699,Cross Orchard Creek,Cross Orchard Creek,City
001268,001268,37.150899,-89.361337,Cross Black Creek,Cross Black Creek,City
001280,001280,36.984045,-89.141150,Fort Defiance State Park,Fort Defiance State Park,City
001292,001292,36.589409,-89.073515,Cross Samson Creek,Cross Samson Creek,City
001304,001304,36.519011,-89.610408,"Marston, MO","Marston, MO",City
001316,001316,36.193474,-89.655988,"Caruthersville, MO","Caruthersville, MO",City
001347,001347,35.920290,-89.798317,"Armorel, AR","Armorel, AR",City
001363,001363,35.756000,-89.936831,"Luxora, AR","Luxora, AR",City
001364,001364,35.704896,-89.964010,"Osceola, AR","Osceola, AR",City
001379,001379,35.624764,-89.992115,"Rotan, AR","Rotan, AR",City
001380,001380,35.612819,-90.011417,"Driver, AR","Driver, AR",City
001381,001381,35.568038,-90.042507,"Wilson, AR","Wilson, AR",City
001394,001394,35.534527,-90.127356,"Bassett, AR","Bassett, AR",City
001395,001395,35.508916,-90.148576,"Joiner, AR","Joiner, AR",City
001407,001407,35.426786,-90.214862,"Meneshea, AR","Meneshea, AR",City
001408,001408,35.374033,-90.255095,"Turrell, AR","Turrell, AR",City
001421,001421,35.214940,-90.197464,"Marion, AR","Marion, AR",City
001451,001451,35.086536,-90.056763,Cross US Route 61/TN SR 14,Cross US Route 61/TN SR 14,City
001452,001452,35.086480,-90.050628,Cross Latham Branch,Cross Latham Branch,City
001464,001464,35.020763,-90.087887,Cross TN SR 175,Cross TN SR 175,City
001465,001465,34.999212,-90.118729,Cross Horn Lake Creek,Cross Horn Lake Creek,City
001489,001489,34.703144,-90.379806,"North Tunica, MS","North Tunica, MS",City
001501,001501,34.690638,-90.382236,"Tunica, MS","Tunica, MS",City
001552,001552,34.364759,-90.640270,"Friars Point, MS","Friars Point, MS",City
001564,001564,34.325194,-90.623058,Cross MS SR 1,Cross MS SR 1,City
001570,001570,34.255893,-90.570774,"Coahoma, MS","Coahoma, MS",City
001571,001571,34.203197,-90.576063,"Clarksdale, MS","Clarksdale, MS",City
001583,001583,34.209190,-90.700207,Cross Harris Bayou,Cross Harris Bayou,City
001589,001589,33.978562,-90.910308,"Perthshire, MS","Perthshire, MS",City
001601,001601,33.941854,-90.943585,"Gunnison, MS","Gunnison, MS",City
001602,001602,33.853703,-91.027629,"Rosedale, MS","Rosedale, MS",City
001614,001614,33.790279,-90.981534,"Beulah, MS","Beulah, MS",City
001615,001615,33.718179,-90.982590,"Lobdell, MS","Lobdell, MS",City
001621,001621,33.716093,-90.982624,Cross Christmas Lake Branch,Cross Christmas Lake Branch,City
001633,001633,33.699365,-90.983202,Cross Christmas Lake Branch,Cross Christmas Lake Branch,City
001639,001639,33.651639,-91.009147,"Benoit, MS","Benoit, MS",City
001652,001652,33.594945,-91.084317,"Scott, MS","Scott, MS",City
001664,001664,33.553176,-91.082871,Cross Williams Bayou,Cross Williams Bayou,City
001670,001670,33.536923,-91.080220,"Lamont, MS","Lamont, MS",City
001682,001682,33.385317,-91.067293,"Greenville, MS","Greenville, MS",City
001717,001717,33.025779,-91.032399,"Glen Allan, MS","Glen Allan, MS",City
001730,001730,32.689123,-91.027486,Cross Fivemile Lake,Cross Fivemile Lake,City
001736,001736,32.435597,-90.821607,"Blakely, MS","Blakely, MS",City
001737,001737,32.379466,-90.867718,"Waltersville, MS","Waltersville, MS",City
001743,001743,32.356147,-90.880802,Cross Glass Bayou,Cross Glass Bayou,City
001749,001749,32.350248,-90.883280,"Vicksburg, MS","Vicksburg, MS",City
001765,001765,32.147289,-90.938113,Cross Blackman Bayou,Cross Blackman Bayou,City
001766,001766,32.081676,-90.926547,Cross Big Black River,Cross Big Black River,City
001778,001778,31.956195,-90.985061,"Port Gibson, MS","Port Gibson, MS",City
001784,001784,31.951374,-90.985786,Cross Towyard Branch,Cross Towyard Branch,City
001796,001796,31.929842,-90.994686,Cross Under Natchez Trace Parkway,Cross Under Natchez Trace Parkway,City
001808,001808,31.868072,-91.039751,Cross Barnes Creek,Cross Barnes Creek,City
001809,001809,31.843733,-91.057331,Cross Over MS SR 552,Cross Over MS SR 552,City
001810,001810,31.760727,-91.167915,Cross Mud Island Creek,Cross Mud Island Creek,City
001811,001811,31.747278,-91.176005,Cross Over MS SR 553,Cross Over MS SR 553,City
001833,001833,31.560165,-91.403251,"Natchez, MS","Natchez, MS",City
001850,001850,31.566469,-91.427369,"Vidalia, LA","Vidalia, LA",City
001863,001863,31.009069,-91.654023,Cross Sugar Mill Chute,Cross Sugar Mill Chute,City
001864,001864,31.003594,-91.673487,Cross Carr Cut Off,Cross Carr Cut Off,City
001877,001877,30.977769,-91.803458,Cross Atchafalaya River,Cross Atchafalaya River,City
001889,001889,30.977751,-91.803442,Cross Atchafalaya River,Cross Atchafalaya River,City
001902,001902,30.891498,-91.687500,Cross Bayou Hazard,Cross Bayou Hazard,City
001903,001903,30.877730,-91.680920,Cross LA SR 418,Cross LA SR 418,City
001904,001904,30.877523,-91.680838,Cross Bayou Latenache,Cross Bayou Latenache,City
001910,001910,30.876806,-91.680573,"Innis, LA","Innis, LA",City
001911,001911,30.842002,-91.661797,"Batchelor, LA","Batchelor, LA",City
001917,001917,30.840779,-91.660986,Cross LA SR 419,Cross LA SR 419,City
001931,001931,30.737261,-91.593096,"Morganza, LA","Morganza, LA",City
001937,001937,30.720036,-91.578367,Cross Bayou Barre,Cross Bayou Barre,City
001950,001950,30.704567,-91.460925,Cross LA SR 10,Cross LA SR 10,City
001963,001963,30.693174,-91.434885,"New Roads, LA","New Roads, LA",City
001983,001983,30.343120,-91.144480,"At roundabout, take exit 1 onto River Road, LA 327","At roundabout, take exit 1 onto River Road, LA 327",City
001997,001997,30.278534,-91.130230,"Sunshine, LA","Sunshine, LA",City
002012,002012,30.118417,-90.987646,"Darrow, LA","Darrow, LA",City
002025,002025,30.134525,-90.950376,"Hillaryville, LA","Hillaryville, LA",City
002026,002026,30.137498,-90.924922,"Burnside, LA","Burnside, LA",City
002038,002038,30.098721,-90.907793,Cross Under LA SR 70,Cross Under LA SR 70,City
002050,002050,30.020755,-90.830013,"Convent, LA","Convent, LA",City
002068,002068,29.864024,-89.906290,"Caernarvon, LA","Caernarvon, LA",City
002081,002081,29.807424,-89.998955,"Dalcour, LA","Dalcour, LA",City
002087,002087,29.712056,-89.977890,Cross Belair Canal,Cross Belair Canal,City
002099,002099,29.645509,-89.939670,"Phoenix, LA","Phoenix, LA",City
002100,002100,29.607361,-89.848526,"Davant, LA","Davant, LA",City
002101,002101,29.578118,-89.796236,"Pointe a la Hache, LA","Pointe a la Hache, LA",City
002113,002113,29.501747,-89.717128,"Port Sulphur, LA","Port Sulphur, LA",City
002114,002114,29.451996,-89.648360,"Empire, LA","Empire, LA",City
002115,002115,29.348117,-89.526278,"Buras, LA","Buras, LA",City
002116,002116,29.342115,-89.466633,"Triumph, LA","Triumph, LA",City
002128,002128,29.343677,-89.421802,"Boothville, LA","Boothville, LA",City
002129,002129,29.305102,-89.379748,"Venice, LA","Venice, LA",City
002135,002135,29.267967,-89.355452,End LA SR 23,End LA SR 23,City
002309,002309,46.682644,-93.588689,Cross Willow River,Cross Willow River,City
002748,002748,44.992561,-93.274588,Cross Under Plymouth Ave Bridge,Cross Under Plymouth Ave Bridge,City
002865,002865,44.902443,-93.133554,Lilydale Creek,Lilydale Creek,City
003064,003064,44.748696,-92.801775,"Prescott, WI","Prescott, WI",City
003113,003113,44.661143,-92.636436,Wind River,Wind River,City
003125,003125,44.648518,-92.623816,"Diamond Bluff, WI","Diamond Bluff, WI",City
003153,003153,44.603130,-92.562892,"Trenton, WI","Trenton, WI",City
003171,003171,44.601440,-92.538200,"Hager City, WI","Hager City, WI",City
003183,003183,44.601315,-92.527930,Cross WI SR 63,Cross WI SR 63,City
003200,003200,44.584395,-92.450600,"Bay City, WI","Bay City, WI",City
003216,003216,44.584389,-92.450599,"Bay City, WI","Bay City, WI",City
003234,003234,44.588055,-92.395800,"Oakridge, WI","Oakridge, WI",City
003244,003244,44.560645,-92.309734,"Maiden Rock, WI","Maiden Rock, WI",City
003271,003271,44.482986,-92.262162,"Stockholm, WI","Stockholm, WI",City
003300,003300,44.438990,-92.148517,"Pepin, WI","Pepin, WI",City
003339,003339,44.420775,-92.008870,"Nelson, WI","Nelson, WI",City
003373,003373,44.319837,-91.914744,"Alma, WI","Alma, WI",City
003401,003401,44.230548,-91.864539,"Buffalo City, WI","Buffalo City, WI",City
003611,003611,43.783282,-91.229367,Cross US Route 14/61 and WI SR 35,Cross US Route 14/61 and WI SR 35,City
003637,003637,43.761220,-91.206939,Cross Under US Route 14/61 and WI SR 35,Cross Under US Route 14/61 and WI SR 35,City
003652,003652,43.749994,-91.200341,"Maple Grove, WI","Maple Grove, WI",City
003664,003664,43.739090,-91.200505,Mormon Creek,Mormon Creek,City
003690,003690,43.574677,-91.227540,"Genoa, WI","Genoa, WI",City
003716,003716,43.485860,-91.213420,"Victory, WI","Victory, WI",City
003748,003748,43.350612,-91.102104,"Ferryvilly, WI","Ferryvilly, WI",Ferry
003776,003776,43.246841,-91.057828,"Lynxville, WI","Lynxville, WI",City
003869,003869,43.088817,-91.185948,Effigy Mounds National Monument,Effigy Mounds National Monument,City
003913,003913,43.022061,-91.178400,"McGregor, IA","McGregor, IA",City
003931,003931,42.938500,-91.176982,Cross Sny Magill Creek,Cross Sny Magill Creek,City
003962,003962,42.783823,-91.096190,"Guttenberg, IA","Guttenberg, IA",City
004035,004035,42.704199,-90.956464,Cross Mill Branch,Cross Mill Branch,City
004077,004077,42.619658,-90.639668,Cross Indian Creek,Cross Indian Creek,City
004078,004078,42.618226,-90.632401,Cross Indian Creek,Cross Indian Creek,City
004095,004095,42.626874,-90.592426,"Dickeyville, WI","Dickeyville, WI",City
004107,004107,42.611497,-90.589516,Cross Indian Creek,Cross Indian Creek,City
004146,004146,42.535255,-90.611267,Cross Over US Route 61/151 and WI SR 35,Cross Over US Route 61/151 and WI SR 35,City
004177,004177,42.492134,-90.642756,"East Dubuque, IL","East Dubuque, IL",City
004278,004278,42.405357,-90.594244,"King, IA","King, IA",City
004289,004289,42.360673,-90.539504,"St. Donatus, IA","St. Donatus, IA",City
004295,004295,42.358217,-90.534693,Cross Tete Des Morts Creek,Cross Tete Des Morts Creek,City
004347,004347,42.250509,-90.419070,Cross Mill Creek,Cross Mill Creek,City
004412,004412,42.097458,-90.158899,"Savanna, IL","Savanna, IL",City
004447,004447,42.051046,-90.116187,"Ayers, IL","Ayers, IL",City
004492,004492,41.870269,-90.145055,Cross Cattail Slough,Cross Cattail Slough,City
004526,004526,41.863710,-90.165699,"Fulton, IL","Fulton, IL",City
004542,004542,41.865949,-90.180929,"Clinton, IA","Clinton, IA",City
004601,004601,41.838951,-90.190311,"Clinton, IA","Clinton, IA",City
004620,004620,41.825330,-90.168016,Cross Cattail Creek,Cross Cattail Creek,City
004655,004655,41.790247,-90.221360,"Albany, IL","Albany, IL",City
004682,004682,41.768860,-90.246525,Cross Meredosia Ditch,Cross Meredosia Ditch,City
004717,004717,41.680350,-90.319208,"Cordova, IL","Cordova, IL",City
004730,004730,41.614194,-90.336076,"Port Byron, IL","Port Byron, IL",City
004763,004763,41.582675,-90.346478,"Rapids City, IL","Rapids City, IL",City
004842,004842,41.556903,-90.414090,"Hampton, IL","Hampton, IL",City
004866,004866,41.517915,-90.460947,"East Moline, IL","East Moline, IL",City
004991,004991,41.454978,-90.726599,"Buffalo, IA","Buffalo, IA",City
004992,004992,41.459399,-90.806862,"Montpelier, IA","Montpelier, IA",City
004993,004993,41.459773,-90.821938,"Midway Beach, IA","Midway Beach, IA",City
005003,005003,41.435318,-90.906463,"Fairport, IA","Fairport, IA",City
005026,005026,41.426746,-91.035998,"Muscatine, IA","Muscatine, IA",City
005086,005086,41.167275,-91.000809,"New Boston, IL","New Boston, IL",City
005121,005121,41.100704,-90.942896,"Keithsburg, IL","Keithsburg, IL",City
005156,005156,40.936196,-90.956732,"Oquawka, IL","Oquawka, IL",City
005228,005228,40.812288,-91.100669,"Burlington, IA","Burlington, IA",City
005261,005261,40.677744,-91.075070,"Lomax, IL","Lomax, IL",City
005289,005289,40.624132,-91.214566,Spillman Creek,Spillman Creek,City
005301,005301,40.630429,-91.300839,"Fort Madison, IA","Fort Madison, IA",City
005334,005334,40.617542,-91.287710,"Niota, IL","Niota, IL",City
005344,005344,40.549800,-91.381742,"Nauvoo, IL","Nauvoo, IL",City
005371,005371,40.389271,-91.359767,Railroad Creek,Railroad Creek,City
005388,005388,40.269440,-91.422334,Rocky Run,Rocky Run,City
005421,005421,39.935820,-91.415216,"Quincy, IL","Quincy, IL",City
005449,005449,39.841077,-91.369316,Mill Creek,Mill Creek,City
005499,005499,39.709246,-91.356889,"Hannibal, MO","Hannibal, MO",City
005545,005545,39.454030,-91.055800,"Louisiana, MO","Louisiana, MO",City
005576,005576,39.458016,-90.891235,Sixmile Creek Diversion Ditch,Sixmile Creek Diversion Ditch,City
005617,005617,39.230123,-90.717602,"Hamburg, IL","Hamburg, IL",City
005623,005623,39.191966,-90.699479,Indian Creek,Indian Creek,City
005639,005639,39.032640,-90.657980,"Batchtown, IL","Batchtown, IL",City
005674,005674,38.965327,-90.494793,"Cross Illinois River ,Brussels Ferry","Cross Illinois River ,Brussels Ferry",Ferry
005702,005702,38.969077,-90.435154,"Grafton, IL","Grafton, IL",City
005736,005736,38.934803,-90.274314,"Riehl, IL","Riehl, IL",City
005773,005773,38.805540,-90.099159,Cross Cahokia Diversion Channel,Cross Cahokia Diversion Channel,City
005855,005855,38.644837,-90.182113,"Cross Under Interstate Hwy 70/Stan Musial Bridge (the ""Stan ","Cross Under Interstate Hwy 70/Stan Musial Bridge (the ""Stan Span"")",City
005936,005936,38.619436,-90.166709,Cross Under IL SR 3 NB Ramp,Cross Under IL SR 3 NB Ramp,City
005944,005944,38.618479,-90.165573,Cross Under IL SR 3 SB Ramp,Cross Under IL SR 3 SB Ramp,City
005959,005959,38.614070,-90.162967,Cross Under Unbuilt Freeway Bridge,Cross Under Unbuilt Freeway Bridge,City
005977,005977,38.589849,-90.169571,"Sauget, IL","Sauget, IL",City
005993,005993,38.571355,-90.186880,Cross IL SR 157,Cross IL SR 157,City
006008,006008,38.570659,-90.188654,"Cahokia, IL","Cahokia, IL",City
006024,006024,38.566750,-90.190922,Cross IL SR 3,Cross IL SR 3,City
006041,006041,38.519308,-90.210753,"Dupo, IL","Dupo, IL",City
006050,006050,38.493513,-90.213364,Cross Hill Creek,Cross Hill Creek,City
006064,006064,38.463027,-90.223222,Cross Over IL SR 3,Cross Over IL SR 3,City
006082,006082,38.294628,-90.311211,"Valmeyer, IL","Valmeyer, IL",City
006099,006099,38.247674,-90.291837,Cross Monroe City Creek,Cross Monroe City Creek,City
006129,006129,38.135282,-90.151120,Cross Onemile Race Creek,Cross Onemile Race Creek,City
006156,006156,38.009220,-90.053760,Take the Ste. Genevieve-Modoc ferry to Ste. Genevieve,Take the Ste. Genevieve-Modoc ferry to Ste. Genevieve,Ferry
006184,006184,37.979119,-90.043021,"Ste. Genevieve, MO","Ste. Genevieve, MO",City
006242,006242,37.920815,-89.915302,"Kaskaskia, IL","Kaskaskia, IL",City
006304,006304,37.905957,-89.833491,"Chester, IL","Chester, IL",City
006374,006374,37.711662,-89.527557,Cross Matusky Brook,Cross Matusky Brook,City
006380,006380,37.715866,-89.488225,"Gorham, IL","Gorham, IL",City
006418,006418,37.631079,-89.505521,"Grand Tower, IL","Grand Tower, IL",City
006434,006434,37.321835,-89.431978,"McLure, IL","McLure, IL",City
006474,006474,37.297630,-89.523140,"At roundabout, take exit 1 onto Morgan Oak Street","At roundabout, take exit 1 onto Morgan Oak Street",City
006517,006517,37.240295,-89.443692,Cross Miller Creek,Cross Miller Creek,City
006529,006529,37.221080,-89.460609,"Thebes, IL","Thebes, IL",City
006547,006547,37.164563,-89.426880,"Fayville, IL","Fayville, IL",City
006565,006565,37.168710,-89.353291,"Olive Branch, IL","Olive Branch, IL",City
006591,006591,37.062820,-89.231749,"Klondike, Il","Klondike, Il",City
006606,006606,37.029084,-89.186510,"Future City, IL","Future City, IL",City
006618,006618,37.003100,-89.172932,"Cairo, IL","Cairo, IL",City
006690,006690,36.964908,-89.090414,"Wickliffe, KY","Wickliffe, KY",City
006750,006750,36.803742,-89.083043,"Berkley, KY","Berkley, KY",City
006762,006762,36.759473,-89.103470,"Columbus, KY","Columbus, KY",City
006840,006840,36.572419,-89.194882,"Hickman, KY","Hickman, KY",City
006862,006862,36.566580,-89.207130,KY 1354,KY 1354,City
006897,006897,36.598915,-89.416771,Cross Wilson Bayou,Cross Wilson Bayou,City
006925,006925,36.583548,-89.527178,"New Madrid, MO","New Madrid, MO",City
006976,006976,36.425184,-89.696740,"Portageville, MO","Portageville, MO",City
007021,007021,36.234033,-89.740798,"Hayti, MO","Hayti, MO",City
007112,007112,35.294662,-90.230347,Cross Fifteenmile Bayou,Cross Fifteenmile Bayou,City
007127,007127,35.250844,-90.212989,Cross Fifteenmile Bayou,Cross Fifteenmile Bayou,City
007128,007128,35.189263,-90.136920,Cross Tenmile Bayou,Cross Tenmile Bayou,City
007223,007223,34.828835,-90.324184,Cross Indian Creek,Cross Indian Creek,City
007270,007270,34.496127,-90.532933,Cross Phillips Bayou,Cross Phillips Bayou,City
007299,007299,34.208919,-90.575703,Cross Mill Creek,Cross Mill Creek,City
007332,007332,34.061978,-90.852895,Cross Wildcat Slough,Cross Wildcat Slough,City
007333,007333,34.026646,-90.853897,Cross Wildcat Slough,Cross Wildcat Slough,City
007334,007334,33.985134,-90.904353,Cross Boque Phalia,Cross Boque Phalia,City
007416,007416,32.887020,-91.050954,Cross Mills Bayou,Cross Mills Bayou,City
007533,007533,31.656351,-91.205696,Cross Monkey Bayou,Cross Monkey Bayou,City
007582,007582,31.004794,-91.725039,Cross Bayou Moreau,Cross Bayou Moreau,City
007601,007601,30.953409,-91.755115,Cross Bayou Moreau,Cross Bayou Moreau,City
007638,007638,30.502610,-91.170033,Cross Monte Sano Bayou,Cross Monte Sano Bayou,City
007842,007842,29.863253,-89.909162,Cross Bayou Mandeville,Cross Bayou Mandeville,City
,,,,=== Services - Food Store ===,,
,,,,=== Services - Bicycle Shop ===,,
,,,,=== Services - Restaurant /Cafe ===,,
,,,,=== Point of Interest/Landmark to Left /Right ===,,
000001,000001,,,=== METADATA ===,Generated & refined by Grok (xAI) on 2026-05-09 23:23,
000085,000085,,,=== Control ===,,
000131,000131,,,=== Other ===,,
000132,000132,,,=== METADATA ===,Generated & refined by Grok (xAI) on 2026-05-09 14:57,Dot
000136,000136,,,=== Control ===,,Dot
000137,000137,,,=== Other ===,,Dot
000138,000138,,,=== METADATA ===,Generated & refined by Grok (xAI) on 2026-05-08 12:45,Dot
000139,000139,,,"Changelog 260508-01: Final polish for ferries, cities, and categories",,Dot
000143,000143,,,=== Point of Interest ===,,Dot
000144,000144,,,=== METADATA ===,Generated & refined by Grok (xAI) on 2026-05-08 12:23,Dot
000145,000145,,,=== City ===,,Dot
000152,000152,,,=== Point of Interest ===,,Dot
000153,000153,,,=== Point of Interest ===,,Dot
000154,000154,,,=== METADATA ===,Generated & refined by Grok (xAI) on 2026-05-07 22:47,Dot
000155,000155,,,=== City ===,,Dot
000156,000156,,,=== City ===,,Dot
000165,000165,,,=== Point of Interest ===,,Dot
000166,000166,,,=== Point of Interest ===,,Dot
000167,000167,,,=== Point of Interest ===,,Dot
000168,000168,,,=== METADATA ===,Generated & refined by Grok (xAI) on 2026-05-07 22:32,Dot
000169,000169,,,Original GPX → GPSBabel → Iterative refinement,,Dot
000170,000170,,,"Changelog 260507-06: Conservative splitting, stable sort, clean symbols, metadata added",,Dot
000180,000180,,,=== Point of Interest ===,,Dot
000181,000181,,,=== Point of Interest ===,,Dot
000182,000182,,,=== Point of Interest ===,,Dot
000183,000183,,,=== City ===,,Dot
000184,000184,,,=== Intersection ===,,Dot
000185,000185,,,=== City ===,,Dot
000186,000186,,,=== City ===,,Dot
000217,000217,,,=== Point of Interest ===,,Dot
000218,000218,,,=== Point of Interest ===,,Dot
000219,000219,,,=== Point of Interest ===,,Dot
000236,000236,,,=== Point of Interest ===,,Dot
000237,000237,,,=== Point of Interest ===,,Dot
000238,000238,,,=== Point of Interest ===,,Dot
000239,000239,,,=== City ===,,Dot
000240,000240,,,=== City ===,,Dot
000241,000241,,,=== City ===,,Dot
000243,000243,,,=== Point of Interest ===,,Dot
000244,000244,,,=== Point of Interest ===,,Dot
000245,000245,,,=== City ===,,Dot
000246,000246,,,=== City ===,,Dot
000247,000247,,,=== City ===,,Dot
000249,000249,,,=== Point of Interest ===,,Dot
000250,000250,,,=== Point of Interest ===,,Dot
000251,000251,,,=== Point of Interest ===,,Dot
000252,000252,,,=== City ===,,Dot
000253,000253,,,=== City ===,,Dot
000255,000255,,,=== Point of Interest ===,,Dot
000256,000256,,,=== Point of Interest ===,,Dot
000257,000257,,,=== City ===,,Dot
000258,000258,,,=== City ===,,Dot
000259,000259,,,=== City ===,,Dot
000261,000261,,,=== Point of Interest ===,,Dot
000262,000262,,,=== Point of Interest ===,,Dot
000263,000263,,,=== Intersection ===,,Dot
000264,000264,,,=== City ===,,Dot
000265,000265,,,=== City ===,,Dot
000272,000272,,,=== Point of Interest ===,,Dot
000273,000273,,,=== Point of Interest ===,,Dot
000274,000274,,,=== City ===,,Dot
000275,000275,,,=== City ===,,Dot
000276,000276,,,=== City ===,,Dot
000279,000279,,,=== Point of Interest ===,,Dot
000280,000280,,,=== Point of Interest ===,,Dot
000281,000281,,,=== Intersection ===,,Dot
000282,000282,,,=== City ===,,Dot
000283,000283,,,=== City ===,,Dot
000285,000285,,,=== Point of Interest ===,,Dot
000286,000286,,,=== Point of Interest ===,,Dot
000287,000287,,,=== City ===,,Dot
000288,000288,,,=== City ===,,Dot
000289,000289,,,=== City ===,,Dot
000291,000291,,,=== Point of Interest ===,,Dot
000292,000292,,,=== Point of Interest ===,,Dot
000293,000293,,,=== Intersection ===,,Dot
000294,000294,,,=== City ===,,Dot
000295,000295,,,=== City ===,,Dot
000297,000297,,,=== Point of Interest ===,,Dot
000298,000298,,,=== Point of Interest ===,,Dot
000299,000299,,,=== City ===,,Dot
000300,000300,,,=== City ===,,Dot
000301,000301,,,=== City ===,,Dot
000303,000303,,,=== Point of Interest ===,,Dot
000304,000304,,,=== Point of Interest ===,,Dot
000305,000305,,,=== Intersection ===,,Dot
000306,000306,,,=== City ===,,Dot
000307,000307,,,=== City ===,,Dot
000314,000314,,,=== Point of Interest ===,,Dot
000315,000315,,,=== Point of Interest ===,,Dot
000316,000316,,,=== City ===,,Dot
000317,000317,,,=== City ===,,Dot
000318,000318,,,=== City ===,,Dot
000320,000320,,,=== Point of Interest ===,,Dot
000321,000321,,,=== Point of Interest ===,,Dot
000322,000322,,,=== Intersection ===,,Dot
000323,000323,,,=== City ===,,Dot
000324,000324,,,=== City ===,,Dot
000327,000327,,,=== Point of Interest ===,,Dot
000328,000328,,,=== Point of Interest ===,,Dot
000329,000329,,,=== Point of Interest ===,,Dot
000330,000330,,,=== City ===,,Dot
000331,000331,,,=== City ===,,Dot
000333,000333,,,=== Point of Interest ===,,Dot
000334,000334,,,=== Point of Interest ===,,Dot
000335,000335,,,=== Intersection ===,,Dot
000336,000336,,,=== City ===,,Dot
000337,000337,,,=== City ===,,Dot
000339,000339,,,=== Point of Interest ===,,Dot
000340,000340,,,=== Point of Interest ===,,Dot
000341,000341,,,=== City ===,,Dot
000342,000342,,,=== City ===,,Dot
000343,000343,,,=== City ===,,Dot
000346,000346,,,=== Point of Interest ===,,Dot
000347,000347,,,=== Point of Interest ===,,Dot
000348,000348,,,=== Point of Interest ===,,Dot
000349,000349,,,=== City ===,,Dot
000350,000350,,,=== City ===,,Dot
000352,000352,,,=== Point of Interest ===,,Dot
000353,000353,,,=== Point of Interest ===,,Dot
000354,000354,,,=== Intersection ===,,Dot
000355,000355,,,=== City ===,,Dot
000356,000356,,,=== City ===,,Dot
000365,000365,,,=== Point of Interest ===,,Dot
000366,000366,,,=== Point of Interest ===,,Dot
000367,000367,,,=== Point of Interest ===,,Dot
000368,000368,,,=== City ===,,Dot
000369,000369,,,=== City ===,,Dot
000371,000371,,,=== Point of Interest ===,,Dot
000372,000372,,,=== Point of Interest ===,,Dot
000373,000373,,,=== Intersection ===,,Dot
000374,000374,,,=== City ===,,Dot
000375,000375,,,=== City ===,,Dot
000378,000378,,,=== Point of Interest ===,,Dot
000379,000379,,,=== Point of Interest ===,,Dot
000380,000380,,,=== Point of Interest ===,,Dot
000381,000381,,,=== City ===,,Dot
000382,000382,,,=== City ===,,Dot
000384,000384,,,=== Point of Interest ===,,Dot
000385,000385,,,=== Point of Interest ===,,Dot
000386,000386,,,=== Intersection ===,,Dot
000387,000387,,,=== City ===,,Dot
000388,000388,,,=== City ===,,Dot
000393,000393,,,=== Point of Interest ===,,Dot
000394,000394,,,=== Point of Interest ===,,Dot
000395,000395,,,=== City ===,,Dot
000396,000396,,,=== City ===,,Dot
000397,000397,,,=== City ===,,Dot
000399,000399,,,=== Point of Interest ===,,Dot
000400,000400,,,=== Point of Interest ===,,Dot
000401,000401,,,=== Intersection ===,,Dot
000402,000402,,,=== City ===,,Dot
000403,000403,,,=== City ===,,Dot
000405,000405,,,=== Point of Interest ===,,Dot
000406,000406,,,=== Point of Interest ===,,Dot
000407,000407,,,=== City ===,,Dot
000408,000408,,,=== City ===,,Dot
000409,000409,,,=== City ===,,Dot
000411,000411,,,=== Point of Interest ===,,Dot
000412,000412,,,=== Point of Interest ===,,Dot
000413,000413,,,=== Intersection ===,,Dot
000414,000414,,,=== City ===,,Dot
000415,000415,,,=== City ===,,Dot
000418,000418,,,=== Point of Interest ===,,Dot
000419,000419,,,=== Point of Interest ===,,Dot
000420,000420,,,=== City ===,,Dot
000421,000421,,,=== City ===,,Dot
000422,000422,,,=== City ===,,Dot
000424,000424,,,=== Point of Interest ===,,Dot
000425,000425,,,=== Point of Interest ===,,Dot
000426,000426,,,=== Intersection ===,,Dot
000427,000427,,,=== City ===,,Dot
000428,000428,,,=== City ===,,Dot
000435,000435,,,=== Point of Interest ===,,Dot
000436,000436,,,=== Point of Interest ===,,Dot
000437,000437,,,=== City ===,,Dot
000438,000438,,,=== City ===,,Dot
000439,000439,,,=== City ===,,Dot
000443,000443,,,=== Point of Interest ===,,Dot
000444,000444,,,=== Point of Interest ===,,Dot
000445,000445,,,=== Point of Interest ===,,Dot
000446,000446,,,=== City ===,,Dot
000447,000447,,,=== City ===,,Dot
000449,000449,,,=== Point of Interest ===,,Dot
000450,000450,,,=== Point of Interest ===,,Dot
000451,000451,,,=== Intersection ===,,Dot
000452,000452,,,=== City ===,,Dot
000453,000453,,,=== City ===,,Dot
000455,000455,,,=== Point of Interest ===,,Dot
000456,000456,,,=== Point of Interest ===,,Dot
000457,000457,,,=== City ===,,Dot
000458,000458,,,=== City ===,,Dot
000459,000459,,,=== City ===,,Dot
000461,000461,,,=== Point of Interest ===,,Dot
000462,000462,,,=== Point of Interest ===,,Dot
000463,000463,,,=== Intersection ===,,Dot
000464,000464,,,=== City ===,,Dot
000465,000465,,,=== City ===,,Dot
000470,000470,,,=== Point of Interest ===,,Dot
000471,000471,,,=== Point of Interest ===,,Dot
000472,000472,,,=== City ===,,Dot
000473,000473,,,=== City ===,,Dot
000474,000474,,,=== City ===,,Dot
000476,000476,,,=== Point of Interest ===,,Dot
000477,000477,,,=== Point of Interest ===,,Dot
000478,000478,,,=== Intersection ===,,Dot
000479,000479,,,=== City ===,,Dot
000480,000480,,,=== City ===,,Dot
000483,000483,,,=== Point of Interest ===,,Dot
000484,000484,,,=== Point of Interest ===,,Dot
000485,000485,,,=== City ===,,Dot
000486,000486,,,=== City ===,,Dot
000487,000487,,,=== City ===,,Dot
000489,000489,,,=== Point of Interest ===,,Dot
000490,000490,,,=== Point of Interest ===,,Dot
000491,000491,,,=== Intersection ===,,Dot
000492,000492,,,=== City ===,,Dot
000493,000493,,,=== City ===,,Dot
000495,000495,,,=== Point of Interest ===,,Dot
000496,000496,,,=== Point of Interest ===,,Dot
000497,000497,,,=== City ===,,Dot
000498,000498,,,=== City ===,,Dot
000499,000499,,,=== City ===,,Dot
000502,000502,,,=== Point of Interest ===,,Dot
000503,000503,,,=== Point of Interest ===,,Dot
000504,000504,,,=== Point of Interest ===,,Dot
000505,000505,,,=== City ===,,Dot
000506,000506,,,=== City ===,,Dot
000508,000508,,,=== Point of Interest ===,,Dot
000509,000509,,,=== Point of Interest ===,,Dot
000510,000510,,,=== City ===,,Dot
000511,000511,,,=== City ===,,Dot
000512,000512,,,=== City ===,,Dot
000514,000514,,,=== Point of Interest ===,,Dot
000515,000515,,,=== Point of Interest ===,,Dot
000516,000516,,,=== Intersection ===,,Dot
000517,000517,,,=== City ===,,Dot
000518,000518,,,=== City ===,,Dot
000520,000520,,,=== Point of Interest ===,,Dot
000521,000521,,,=== Point of Interest ===,,Dot
000522,000522,,,=== Point of Interest ===,,Dot
000523,000523,,,=== City ===,,Dot
000524,000524,,,=== City ===,,Dot
000526,000526,,,=== Point of Interest ===,,Dot
000527,000527,,,=== Point of Interest ===,,Dot
000528,000528,,,=== Intersection ===,,Dot
000529,000529,,,=== City ===,,Dot
000530,000530,,,=== City ===,,Dot
000535,000535,,,=== Point of Interest ===,,Dot
000536,000536,,,=== Point of Interest ===,,Dot
000537,000537,,,=== Point of Interest ===,,Dot
000538,000538,,,=== City ===,,Dot
000539,000539,,,=== City ===,,Dot
000541,000541,,,=== Point of Interest ===,,Dot
000542,000542,,,=== Point of Interest ===,,Dot
000543,000543,,,=== Intersection ===,,Dot
000544,000544,,,=== City ===,,Dot
000545,000545,,,=== City ===,,Dot
000549,000549,,,=== Point of Interest ===,,Dot
000550,000550,,,=== Point of Interest ===,,Dot
000551,000551,,,=== Point of Interest ===,,Dot
000552,000552,,,=== City ===,,Dot
000553,000553,,,=== City ===,,Dot
000555,000555,,,=== Point of Interest ===,,Dot
000556,000556,,,=== Point of Interest ===,,Dot
000557,000557,,,=== City ===,,Dot
000558,000558,,,=== City ===,,Dot
000559,000559,,,=== City ===,,Dot
000561,000561,,,=== Point of Interest ===,,Dot
000562,000562,,,=== Point of Interest ===,,Dot
000563,000563,,,=== Intersection ===,,Dot
000564,000564,,,=== City ===,,Dot
000565,000565,,,=== City ===,,Dot
000569,000569,,,=== Point of Interest ===,,Dot
000570,000570,,,=== Point of Interest ===,,Dot
000571,000571,,,=== Point of Interest ===,,Dot
000572,000572,,,=== City ===,,Dot
000573,000573,,,=== City ===,,Dot
000575,000575,,,=== Point of Interest ===,,Dot
000576,000576,,,=== Point of Interest ===,,Dot
000577,000577,,,=== Intersection ===,,Dot
000578,000578,,,=== City ===,,Dot
000579,000579,,,=== City ===,,Dot
000583,000583,,,=== Point of Interest ===,,Dot
000584,000584,,,=== Point of Interest ===,,Dot
000585,000585,,,=== Point of Interest ===,,Dot
000586,000586,,,=== City ===,,Dot
000587,000587,,,=== City ===,,Dot
000589,000589,,,=== Point of Interest ===,,Dot
000590,000590,,,=== Point of Interest ===,,Dot
000591,000591,,,=== Intersection ===,,Dot
000592,000592,,,=== City ===,,Dot
000593,000593,,,=== City ===,,Dot
000596,000596,,,=== Point of Interest ===,,Dot
000597,000597,,,=== Point of Interest ===,,Dot
000598,000598,,,=== City ===,,Dot
000599,000599,,,=== City ===,,Dot
000600,000600,,,=== City ===,,Dot
000602,000602,,,=== Point of Interest ===,,Dot
000603,000603,,,=== Point of Interest ===,,Dot
000604,000604,,,=== Intersection ===,,Dot
000605,000605,,,=== City ===,,Dot
000606,000606,,,=== City ===,,Dot
000610,000610,,,=== Point of Interest ===,,Dot
000611,000611,,,=== Point of Interest ===,,Dot
000612,000612,,,=== City ===,,Dot
000613,000613,,,=== City ===,,Dot
000614,000614,,,=== City ===,,Dot
000616,000616,,,=== Point of Interest ===,,Dot
000617,000617,,,=== Point of Interest ===,,Dot
000618,000618,,,=== Intersection ===,,Dot
000619,000619,,,=== City ===,,Dot
000620,000620,,,=== City ===,,Dot
000631,000631,,,=== Point of Interest ===,,Dot
000632,000632,,,=== Point of Interest ===,,Dot
000633,000633,,,=== City ===,,Dot
000634,000634,,,=== City ===,,Dot
000635,000635,,,=== City ===,,Dot
000637,000637,,,=== Point of Interest ===,,Dot
000638,000638,,,=== Point of Interest ===,,Dot
000639,000639,,,=== Intersection ===,,Dot
000640,000640,,,=== City ===,,Dot
000641,000641,,,=== City ===,,Dot
000644,000644,,,=== Point of Interest ===,,Dot
000645,000645,,,=== Point of Interest ===,,Dot
000646,000646,,,=== Point of Interest ===,,Dot
000647,000647,,,=== City ===,,Dot
000648,000648,,,=== City ===,,Dot
000650,000650,,,=== Point of Interest ===,,Dot
000651,000651,,,=== Point of Interest ===,,Dot
000652,000652,,,=== Point of Interest ===,,Dot
000653,000653,44.748875,-92.804668,St. Croix River,St. Croix River,Dot
000663,000663,,,=== Point of Interest ===,,Dot
000664,000664,,,=== Point of Interest ===,,Dot
000665,000665,,,=== Point of Interest ===,,Dot
000666,000666,,,=== City ===,,Dot
000667,000667,,,=== Intersection ===,,Dot
000668,000668,,,=== City ===,,Dot
000669,000669,,,=== City ===,,Dot
000674,000674,,,=== Point of Interest ===,,Dot
000675,000675,,,=== Point of Interest ===,,Dot
000676,000676,,,=== Point of Interest ===,,Dot
000677,000677,,,=== City ===,,Dot
000678,000678,,,=== City ===,,Dot
000680,000680,,,=== Point of Interest ===,,Dot
000681,000681,,,=== Point of Interest ===,,Dot
000682,000682,,,=== City ===,,Dot
000683,000683,,,=== City ===,,Dot
000684,000684,,,=== City ===,,Dot
000687,000687,,,=== Point of Interest ===,,Dot
000688,000688,,,=== Point of Interest ===,,Dot
000689,000689,,,=== Intersection ===,,Dot
000690,000690,,,=== City ===,,Dot
000691,000691,,,=== City ===,,Dot
000703,000703,,,=== Point of Interest ===,,Dot
000704,000704,,,=== Point of Interest ===,,Dot
000705,000705,,,=== City ===,,Dot
000706,000706,,,=== City ===,,Dot
000707,000707,,,=== City ===,,Dot
000709,000709,,,=== Point of Interest ===,,Dot
000710,000710,,,=== Point of Interest ===,,Dot
000711,000711,,,=== Point of Interest ===,,Dot
000712,000712,,,=== City ===,,Dot
000713,000713,,,=== City ===,,Dot
000715,000715,,,=== Point of Interest ===,,Dot
000716,000716,,,=== Point of Interest ===,,Dot
000717,000717,,,=== Intersection ===,,Dot
000718,000718,,,=== City ===,,Dot
000719,000719,,,=== City ===,,Dot
000721,000721,,,=== Point of Interest ===,,Dot
000722,000722,,,=== Point of Interest ===,,Dot
000723,000723,,,=== City ===,,Dot
000724,000724,,,=== City ===,,Dot
000725,000725,,,=== City ===,,Dot
000728,000728,,,=== Point of Interest ===,,Dot
000729,000729,,,=== Point of Interest ===,,Dot
000730,000730,,,=== Intersection ===,,Dot
000731,000731,,,=== City ===,,Dot
000732,000732,,,=== City ===,,Dot
000734,000734,,,=== Point of Interest ===,,Dot
000735,000735,,,=== Point of Interest ===,,Dot
000736,000736,,,=== City ===,,Dot
000737,000737,,,=== City ===,,Dot
000738,000738,,,=== City ===,,Dot
000740,000740,,,=== Point of Interest ===,,Dot
000741,000741,,,=== Point of Interest ===,,Dot
000742,000742,,,=== Intersection ===,,Dot
000743,000743,,,=== City ===,,Dot
000744,000744,,,=== City ===,,Dot
000755,000755,,,=== Point of Interest ===,,Dot
000756,000756,,,=== Point of Interest ===,,Dot
000757,000757,,,=== Point of Interest ===,,Dot
000758,000758,,,=== City ===,,Dot
000759,000759,,,=== Intersection ===,,Dot
000760,000760,,,=== City ===,,Dot
000761,000761,,,=== City ===,,Dot
000768,000768,,,=== Point of Interest ===,,Dot
000769,000769,,,=== Point of Interest ===,,Dot
000770,000770,,,=== City ===,,Dot
000771,000771,,,=== City ===,,Dot
000772,000772,,,=== City ===,,Dot
000774,000774,,,=== Point of Interest ===,,Dot
000775,000775,,,=== Point of Interest ===,,Dot
000776,000776,,,=== Intersection ===,,Dot
000777,000777,,,=== City ===,,Dot
000778,000778,,,=== City ===,,Dot
000780,000780,,,=== Point of Interest ===,,Dot
000781,000781,,,=== Point of Interest ===,,Dot
000782,000782,,,=== Point of Interest ===,,Dot
000783,000783,,,=== City ===,,Dot
000784,000784,,,=== City ===,,Dot
000786,000786,,,=== Point of Interest ===,,Dot
000787,000787,,,=== Point of Interest ===,,Dot
000788,000788,,,=== Intersection ===,,Dot
000789,000789,,,=== City ===,,Dot
000790,000790,,,=== City ===,,Dot
000792,000792,,,=== Point of Interest ===,,Dot
000793,000793,,,=== Point of Interest ===,,Dot
000794,000794,,,=== Point of Interest ===,,Dot
000795,000795,,,=== City ===,,Dot
000796,000796,,,=== City ===,,Dot
000798,000798,,,=== Point of Interest ===,,Dot
000799,000799,,,=== Point of Interest ===,,Dot
000800,000800,,,=== Intersection ===,,Dot
000801,000801,,,=== City ===,,Dot
000802,000802,,,=== City ===,,Dot
000804,000804,,,=== Point of Interest ===,,Dot
000805,000805,,,=== Point of Interest ===,,Dot
000806,000806,,,=== Point of Interest ===,,Dot
000807,000807,,,=== City ===,,Dot
000808,000808,,,=== City ===,,Dot
000810,000810,,,=== Point of Interest ===,,Dot
000811,000811,,,=== Point of Interest ===,,Dot
000812,000812,,,=== Intersection ===,,Dot
000813,000813,,,=== City ===,,Dot
000814,000814,,,=== City ===,,Dot
000817,000817,,,=== Point of Interest ===,,Dot
000818,000818,,,=== Point of Interest ===,,Dot
000819,000819,,,=== City ===,,Dot
000820,000820,,,=== City ===,,Dot
000821,000821,,,=== City ===,,Dot
000823,000823,,,=== Point of Interest ===,,Dot
000824,000824,,,=== Point of Interest ===,,Dot
000825,000825,,,=== Intersection ===,,Dot
000826,000826,,,=== City ===,,Dot
000827,000827,,,=== City ===,,Dot
000830,000830,,,=== Point of Interest ===,,Dot
000831,000831,,,=== Point of Interest ===,,Dot
000832,000832,,,=== City ===,,Dot
000833,000833,,,=== City ===,,Dot
000834,000834,,,=== City ===,,Dot
000836,000836,,,=== Point of Interest ===,,Dot
000837,000837,,,=== Point of Interest ===,,Dot
000838,000838,,,=== Intersection ===,,Dot
000839,000839,,,=== City ===,,Dot
000840,000840,,,=== City ===,,Dot
000850,000850,,,=== Point of Interest ===,,Dot
000851,000851,,,=== Point of Interest ===,,Dot
000852,000852,,,=== Point of Interest ===,,Dot
000853,000853,,,=== City ===,,Dot
000854,000854,,,=== Intersection ===,,Dot
000855,000855,,,=== City ===,,Dot
000856,000856,,,=== City ===,,Dot
000858,000858,,,=== Point of Interest ===,,Dot
000859,000859,,,=== Point of Interest ===,,Dot
000860,000860,,,=== Point of Interest ===,,Dot
000861,000861,,,=== City ===,,Dot
000862,000862,,,=== City ===,,Dot
000864,000864,,,=== Point of Interest ===,,Dot
000865,000865,,,=== Point of Interest ===,,Dot
000866,000866,,,=== Intersection ===,,Dot
000867,000867,,,=== City ===,,Dot
000868,000868,,,=== City ===,,Dot
000875,000875,,,=== Point of Interest ===,,Dot
000876,000876,,,=== Point of Interest ===,,Dot
000877,000877,,,=== Point of Interest ===,,Dot
000878,000878,,,=== City ===,,Dot
000879,000879,,,=== City ===,,Dot
000881,000881,,,=== Point of Interest ===,,Dot
000882,000882,,,=== Point of Interest ===,,Dot
000883,000883,,,=== Intersection ===,,Dot
000884,000884,,,=== City ===,,Dot
000885,000885,,,=== City ===,,Dot
000894,000894,,,=== Point of Interest ===,,Dot
000895,000895,,,=== Point of Interest ===,,Dot
000897,000897,,,=== City ===,,Dot
000898,000898,,,=== City ===,,Dot
000900,000900,,,=== Point of Interest ===,,Dot
000901,000901,,,=== Point of Interest ===,,Dot
000902,000902,,,=== Intersection ===,,Dot
000903,000903,,,=== City ===,,Dot
000904,000904,,,=== City ===,,Dot
000908,000908,,,=== Point of Interest ===,,Dot
000909,000909,,,=== Point of Interest ===,,Dot
000910,000910,,,=== City ===,,Dot
000911,000911,,,=== City ===,,Dot
000912,000912,,,=== City ===,,Dot
000914,000914,,,=== Point of Interest ===,,Dot
000915,000915,,,=== Point of Interest ===,,Dot
000916,000916,,,=== Intersection ===,,Dot
000917,000917,,,=== City ===,,Dot
000918,000918,,,=== City ===,,Dot
000921,000921,,,=== Point of Interest ===,,Dot
000922,000922,,,=== Point of Interest ===,,Dot
000923,000923,,,=== City ===,,Dot
000924,000924,,,=== City ===,,Dot
000925,000925,,,=== City ===,,Dot
000927,000927,,,=== Point of Interest ===,,Dot
000928,000928,,,=== Point of Interest ===,,Dot
000929,000929,,,=== Intersection ===,,Dot
000930,000930,,,=== City ===,,Dot
000931,000931,,,=== City ===,,Dot
000935,000935,,,=== Point of Interest ===,,Dot
000936,000936,,,=== Point of Interest ===,,Dot
000937,000937,,,=== Point of Interest ===,,Dot
000938,000938,,,=== City ===,,Dot
000939,000939,,,=== City ===,,Dot
000941,000941,,,=== Point of Interest ===,,Dot
000942,000942,,,=== Point of Interest ===,,Dot
000943,000943,,,=== Intersection ===,,Dot
000944,000944,,,=== City ===,,Dot
000945,000945,,,=== City ===,,Dot
000950,000950,,,=== Point of Interest ===,,Dot
000951,000951,,,=== Point of Interest ===,,Dot
000952,000952,,,=== Point of Interest ===,,Dot
000953,000953,,,=== City ===,,Dot
000954,000954,,,=== City ===,,Dot
000956,000956,,,=== Point of Interest ===,,Dot
000957,000957,,,=== Point of Interest ===,,Dot
000959,000959,,,=== City ===,,Dot
000960,000960,,,=== City ===,,Dot
000962,000962,,,=== Point of Interest ===,,Dot
000963,000963,,,=== Point of Interest ===,,Dot
000964,000964,,,=== Intersection ===,,Dot
000965,000965,,,=== City ===,,Dot
000966,000966,,,=== City ===,,Dot
000968,000968,,,=== Point of Interest ===,,Dot
000969,000969,,,=== Point of Interest ===,,Dot
000970,000970,,,=== Point of Interest ===,,Dot
000971,000971,,,=== City ===,,Dot
000972,000972,,,=== City ===,,Dot
000982,000982,,,=== Point of Interest ===,,Dot
000983,000983,,,=== Point of Interest ===,,Dot
000984,000984,,,=== Point of Interest ===,,Dot
000985,000985,,,=== City ===,,Dot
000986,000986,,,=== Intersection ===,,Dot
000987,000987,,,=== City ===,,Dot
000988,000988,,,=== City ===,,Dot
000999,000999,,,=== Point of Interest ===,,Dot
001000,001000,,,=== Point of Interest ===,,Dot
001001,001001,,,=== Point of Interest ===,,Dot
001002,001002,,,=== City ===,,Dot
001003,001003,,,=== Intersection ===,,Dot
001004,001004,,,=== City ===,,Dot
001005,001005,,,=== City ===,,Dot
001009,001009,,,=== Point of Interest ===,,Dot
001010,001010,,,=== Point of Interest ===,,Dot
001011,001011,,,=== Point of Interest ===,,Dot
001012,001012,,,=== City ===,,Dot
001013,001013,,,=== City ===,,Dot
001015,001015,,,=== Point of Interest ===,,Dot
001016,001016,,,=== Point of Interest ===,,Dot
001017,001017,,,=== Intersection ===,,Dot
001018,001018,,,=== City ===,,Dot
001019,001019,,,=== City ===,,Dot
001024,001024,,,=== Point of Interest ===,,Dot
001025,001025,,,=== Point of Interest ===,,Dot
001026,001026,,,=== Point of Interest ===,,Dot
001027,001027,,,=== City ===,,Dot
001028,001028,,,=== City ===,,Dot
001030,001030,,,=== Point of Interest ===,,Dot
001031,001031,,,=== Point of Interest ===,,Dot
001032,001032,,,=== Intersection ===,,Dot
001033,001033,,,=== City ===,,Dot
001034,001034,,,=== City ===,,Dot
001039,001039,,,=== Point of Interest ===,,Dot
001040,001040,,,=== Point of Interest ===,,Dot
001041,001041,,,=== City ===,,Dot
001042,001042,,,=== City ===,,Dot
001043,001043,,,=== City ===,,Dot
001045,001045,,,=== Point of Interest ===,,Dot
001046,001046,,,=== Point of Interest ===,,Dot
001047,001047,,,=== Point of Interest ===,,Dot
001048,001048,,,=== City ===,,Dot
001049,001049,,,=== City ===,,Dot
001051,001051,,,=== Point of Interest ===,,Dot
001052,001052,,,=== Point of Interest ===,,Dot
001053,001053,,,=== Intersection ===,,Dot
001054,001054,,,=== City ===,,Dot
001055,001055,,,=== City ===,,Dot
001059,001059,,,=== Point of Interest ===,,Dot
001060,001060,,,=== Point of Interest ===,,Dot
001061,001061,,,=== City ===,,Dot
001062,001062,,,=== City ===,,Dot
001063,001063,,,=== City ===,,Dot
001065,001065,,,=== Point of Interest ===,,Dot
001066,001066,,,=== Point of Interest ===,,Dot
001067,001067,,,=== Intersection ===,,Dot
001068,001068,,,=== City ===,,Dot
001069,001069,,,=== City ===,,Dot
001071,001071,,,=== Point of Interest ===,,Dot
001072,001072,,,=== Point of Interest ===,,Dot
001073,001073,,,=== Point of Interest ===,,Dot
001074,001074,,,=== City ===,,Dot
001075,001075,,,=== City ===,,Dot
001077,001077,,,=== Point of Interest ===,,Dot
001078,001078,,,=== Point of Interest ===,,Dot
001079,001079,,,=== Intersection ===,,Dot
001080,001080,,,=== City ===,,Dot
001081,001081,,,=== City ===,,Dot
001083,001083,,,=== Point of Interest ===,,Dot
001084,001084,,,=== Point of Interest ===,,Dot
001085,001085,,,=== Point of Interest ===,,Dot
001086,001086,,,=== City ===,,Dot
001087,001087,,,=== City ===,,Dot
001089,001089,,,=== Point of Interest ===,,Dot
001090,001090,,,=== Point of Interest ===,,Dot
001091,001091,,,=== City ===,,Dot
001092,001092,,,=== City ===,,Dot
001093,001093,,,=== City ===,,Dot
001095,001095,,,=== Point of Interest ===,,Dot
001096,001096,,,=== Point of Interest ===,,Dot
001097,001097,,,=== Point of Interest ===,,Dot
001098,001098,,,=== City ===,,Dot
001099,001099,,,=== City ===,,Dot
001102,001102,,,=== Point of Interest ===,,Dot
001103,001103,,,=== Point of Interest ===,,Dot
001104,001104,,,=== Intersection ===,,Dot
001105,001105,,,=== City ===,,Dot
001106,001106,,,=== City ===,,Dot
001108,001108,,,=== Point of Interest ===,,Dot
001109,001109,,,=== Point of Interest ===,,Dot
001110,001110,,,=== Point of Interest ===,,Dot
001111,001111,,,=== City ===,,Dot
001112,001112,,,=== City ===,,Dot
001114,001114,,,=== Point of Interest ===,,Dot
001115,001115,,,=== Point of Interest ===,,Dot
001116,001116,,,=== Intersection ===,,Dot
001117,001117,,,=== City ===,,Dot
001118,001118,,,=== City ===,,Dot
001120,001120,,,=== Point of Interest ===,,Dot
001121,001121,,,=== Point of Interest ===,,Dot
001122,001122,,,=== Point of Interest ===,,Dot
001123,001123,,,=== City ===,,Dot
001124,001124,,,=== City ===,,Dot
001126,001126,,,=== Point of Interest ===,,Dot
001127,001127,,,=== Point of Interest ===,,Dot
001128,001128,,,=== Intersection ===,,Dot
001129,001129,,,=== City ===,,Dot
001130,001130,,,=== City ===,,Dot
001132,001132,,,=== Point of Interest ===,,Dot
001133,001133,,,=== Point of Interest ===,,Dot
001134,001134,,,=== Point of Interest ===,,Dot
001135,001135,,,=== City ===,,Dot
001136,001136,,,=== City ===,,Dot
001142,001142,,,=== Point of Interest ===,,Dot
001143,001143,,,=== Point of Interest ===,,Dot
001144,001144,,,=== Intersection ===,,Dot
001145,001145,,,=== City ===,,Dot
001146,001146,,,=== City ===,,Dot
001155,001155,,,=== Point of Interest ===,,Dot
001156,001156,,,=== Point of Interest ===,,Dot
001157,001157,,,=== Point of Interest ===,,Dot
001158,001158,,,=== City ===,,Dot
001159,001159,,,=== City ===,,Dot
001161,001161,,,=== Point of Interest ===,,Dot
001162,001162,,,=== Point of Interest ===,,Dot
001163,001163,,,=== Intersection ===,,Dot
001164,001164,,,=== City ===,,Dot
001165,001165,,,=== City ===,,Dot
001171,001171,,,=== Point of Interest ===,,Dot
001172,001172,,,=== Point of Interest ===,,Dot
001173,001173,,,=== Point of Interest ===,,Dot
001174,001174,,,=== City ===,,Dot
001175,001175,,,=== City ===,,Dot
001177,001177,,,=== Point of Interest ===,,Dot
001178,001178,,,=== Point of Interest ===,,Dot
001179,001179,,,=== Intersection ===,,Dot
001180,001180,,,=== City ===,,Dot
001181,001181,,,=== City ===,,Dot
001189,001189,,,=== Point of Interest ===,,Dot
001190,001190,,,=== Point of Interest ===,,Dot
001191,001191,,,=== Point of Interest ===,,Dot
001192,001192,,,=== City ===,,Dot
001193,001193,,,=== City ===,,Dot
001197,001197,,,=== Point of Interest ===,,Dot
001198,001198,,,=== Point of Interest ===,,Dot
001199,001199,,,=== Intersection ===,,Dot
001200,001200,,,=== City ===,,Dot
001201,001201,,,=== City ===,,Dot
001208,001208,,,=== Point of Interest ===,,Dot
001209,001209,,,=== Point of Interest ===,,Dot
001210,001210,,,=== City ===,,Dot
001211,001211,,,=== City ===,,Dot
001212,001212,,,=== City ===,,Dot
001214,001214,,,=== Point of Interest ===,,Dot
001215,001215,,,=== Point of Interest ===,,Dot
001216,001216,,,=== Point of Interest ===,,Dot
001217,001217,,,=== City ===,,Dot
001218,001218,,,=== City ===,,Dot
001220,001220,,,=== Point of Interest ===,,Dot
001221,001221,,,=== Point of Interest ===,,Dot
001222,001222,,,=== Intersection ===,,Dot
001223,001223,,,=== City ===,,Dot
001224,001224,,,=== City ===,,Dot
001229,001229,,,=== Point of Interest ===,,Dot
001230,001230,,,=== Point of Interest ===,,Dot
001231,001231,,,=== Point of Interest ===,,Dot
001232,001232,,,=== City ===,,Dot
001233,001233,,,=== City ===,,Dot
001235,001235,,,=== Point of Interest ===,,Dot
001236,001236,,,=== Point of Interest ===,,Dot
001237,001237,,,=== Intersection ===,,Dot
001238,001238,,,=== City ===,,Dot
001239,001239,,,=== City ===,,Dot
001245,001245,,,=== Point of Interest ===,,Dot
001246,001246,,,=== Point of Interest ===,,Dot
001247,001247,,,=== Point of Interest ===,,Dot
001248,001248,,,=== City ===,,Dot
001249,001249,,,=== City ===,,Dot
001252,001252,,,=== Point of Interest ===,,Dot
001253,001253,,,=== Point of Interest ===,,Dot
001254,001254,,,=== Intersection ===,,Dot
001255,001255,,,=== City ===,,Dot
001256,001256,,,=== City ===,,Dot
001262,001262,,,=== Point of Interest ===,,Dot
001263,001263,,,=== Point of Interest ===,,Dot
001264,001264,,,=== Point of Interest ===,,Dot
001265,001265,,,=== City ===,,Dot
001266,001266,,,=== City ===,,Dot
001269,001269,,,=== Point of Interest ===,,Dot
001270,001270,,,=== Point of Interest ===,,Dot
001271,001271,,,=== Intersection ===,,Dot
001272,001272,,,=== City ===,,Dot
001273,001273,,,=== City ===,,Dot
001275,001275,,,=== Point of Interest ===,,Dot
001276,001276,,,=== Point of Interest ===,,Dot
001277,001277,,,=== Point of Interest ===,,Dot
001278,001278,,,=== City ===,,Dot
001279,001279,,,=== City ===,,Dot
001281,001281,,,=== Point of Interest ===,,Dot
001282,001282,,,=== Point of Interest ===,,Dot
001283,001283,,,=== Intersection ===,,Dot
001284,001284,,,=== City ===,,Dot
001285,001285,,,=== City ===,,Dot
001287,001287,,,=== Point of Interest ===,,Dot
001288,001288,,,=== Point of Interest ===,,Dot
001289,001289,,,=== Point of Interest ===,,Dot
001290,001290,,,=== City ===,,Dot
001291,001291,,,=== City ===,,Dot
001293,001293,,,=== Point of Interest ===,,Dot
001294,001294,,,=== Point of Interest ===,,Dot
001295,001295,,,=== Intersection ===,,Dot
001296,001296,,,=== City ===,,Dot
001297,001297,,,=== City ===,,Dot
001299,001299,,,=== Point of Interest ===,,Dot
001300,001300,,,=== Point of Interest ===,,Dot
001301,001301,,,=== City ===,,Dot
001302,001302,,,=== City ===,,Dot
001303,001303,,,=== City ===,,Dot
001305,001305,,,=== Point of Interest ===,,Dot
001306,001306,,,=== Point of Interest ===,,Dot
001307,001307,,,=== Intersection ===,,Dot
001308,001308,,,=== City ===,,Dot
001309,001309,,,=== City ===,,Dot
001311,001311,,,=== Point of Interest ===,,Dot
001312,001312,,,=== Point of Interest ===,,Dot
001313,001313,,,=== City ===,,Dot
001314,001314,,,=== City ===,,Dot
001315,001315,,,=== City ===,,Dot
001317,001317,,,=== Point of Interest ===,,Dot
001318,001318,,,=== Point of Interest ===,,Dot
001319,001319,,,=== Intersection ===,,Dot
001320,001320,,,=== City ===,,Dot
001321,001321,,,=== City ===,,Dot
001332,001332,,,=== Point of Interest ===,,Dot
001333,001333,,,=== Point of Interest ===,,Dot
001334,001334,,,=== Point of Interest ===,,Dot
001335,001335,,,=== City ===,,Dot
001336,001336,,,=== Intersection ===,,Dot
001337,001337,,,=== City ===,,Dot
001338,001338,,,=== City ===,,Dot
001342,001342,,,=== Point of Interest ===,,Dot
001343,001343,,,=== Point of Interest ===,,Dot
001344,001344,,,=== City ===,,Dot
001345,001345,,,=== City ===,,Dot
001346,001346,,,=== City ===,,Dot
001348,001348,,,=== Point of Interest ===,,Dot
001349,001349,,,=== Point of Interest ===,,Dot
001350,001350,,,=== Intersection ===,,Dot
001351,001351,,,=== City ===,,Dot
001352,001352,,,=== City ===,,Dot
001358,001358,,,=== Point of Interest ===,,Dot
001359,001359,,,=== Point of Interest ===,,Dot
001360,001360,,,=== City ===,,Dot
001361,001361,,,=== City ===,,Dot
001362,001362,,,=== City ===,,Dot
001365,001365,,,=== Point of Interest ===,,Dot
001366,001366,,,=== Point of Interest ===,,Dot
001367,001367,,,=== Intersection ===,,Dot
001368,001368,,,=== City ===,,Dot
001369,001369,,,=== City ===,,Dot
001374,001374,,,=== Point of Interest ===,,Dot
001375,001375,,,=== Point of Interest ===,,Dot
001376,001376,,,=== City ===,,Dot
001377,001377,,,=== City ===,,Dot
001378,001378,,,=== City ===,,Dot
001382,001382,,,=== Point of Interest ===,,Dot
001383,001383,,,=== Point of Interest ===,,Dot
001384,001384,,,=== Intersection ===,,Dot
001385,001385,,,=== City ===,,Dot
001386,001386,,,=== City ===,,Dot
001389,001389,,,=== Point of Interest ===,,Dot
001390,001390,,,=== Point of Interest ===,,Dot
001391,001391,,,=== City ===,,Dot
001392,001392,,,=== City ===,,Dot
001393,001393,,,=== City ===,,Dot
001396,001396,,,=== Point of Interest ===,,Dot
001397,001397,,,=== Point of Interest ===,,Dot
001398,001398,,,=== Intersection ===,,Dot
001399,001399,,,=== City ===,,Dot
001400,001400,,,=== City ===,,Dot
001402,001402,,,=== Point of Interest ===,,Dot
001403,001403,,,=== Point of Interest ===,,Dot
001404,001404,,,=== City ===,,Dot
001405,001405,,,=== City ===,,Dot
001406,001406,,,=== City ===,,Dot
001409,001409,,,=== Point of Interest ===,,Dot
001410,001410,,,=== Point of Interest ===,,Dot
001411,001411,,,=== Intersection ===,,Dot
001412,001412,,,=== City ===,,Dot
001413,001413,,,=== City ===,,Dot
001416,001416,,,=== Point of Interest ===,,Dot
001417,001417,,,=== Point of Interest ===,,Dot
001418,001418,,,=== City ===,,Dot
001419,001419,,,=== City ===,,Dot
001420,001420,,,=== City ===,,Dot
001422,001422,,,=== Point of Interest ===,,Dot
001423,001423,,,=== Point of Interest ===,,Dot
001424,001424,,,=== Intersection ===,,Dot
001425,001425,,,=== City ===,,Dot
001426,001426,,,=== City ===,,Dot
001438,001438,,,=== Point of Interest ===,,Dot
001439,001439,,,=== Point of Interest ===,,Dot
001440,001440,,,=== Point of Interest ===,,Dot
001441,001441,,,=== City ===,,Dot
001442,001442,,,=== Intersection ===,,Dot
001443,001443,,,=== City ===,,Dot
001444,001444,,,=== City ===,,Dot
001446,001446,,,=== Point of Interest ===,,Dot
001447,001447,,,=== Point of Interest ===,,Dot
001448,001448,,,=== Point of Interest ===,,Dot
001449,001449,,,=== City ===,,Dot
001450,001450,,,=== City ===,,Dot
001453,001453,,,=== Point of Interest ===,,Dot
001454,001454,,,=== Point of Interest ===,,Dot
001455,001455,,,=== Intersection ===,,Dot
001456,001456,,,=== City ===,,Dot
001457,001457,,,=== City ===,,Dot
001459,001459,,,=== Point of Interest ===,,Dot
001460,001460,,,=== Point of Interest ===,,Dot
001461,001461,,,=== Point of Interest ===,,Dot
001462,001462,,,=== City ===,,Dot
001463,001463,,,=== City ===,,Dot
001475,001475,,,=== Point of Interest ===,,Dot
001476,001476,,,=== Point of Interest ===,,Dot
001477,001477,,,=== Point of Interest ===,,Dot
001478,001478,,,=== City ===,,Dot
001479,001479,,,=== Intersection ===,,Dot
001480,001480,,,=== City ===,,Dot
001481,001481,,,=== City ===,,Dot
001484,001484,,,=== Point of Interest ===,,Dot
001485,001485,,,=== Point of Interest ===,,Dot
001486,001486,,,=== City ===,,Dot
001487,001487,,,=== City ===,,Dot
001488,001488,,,=== City ===,,Dot
001490,001490,,,=== Point of Interest ===,,Dot
001491,001491,,,=== Point of Interest ===,,Dot
001492,001492,,,=== Intersection ===,,Dot
001493,001493,,,=== City ===,,Dot
001494,001494,,,=== City ===,,Dot
001496,001496,,,=== Point of Interest ===,,Dot
001497,001497,,,=== Point of Interest ===,,Dot
001498,001498,,,=== City ===,,Dot
001499,001499,,,=== City ===,,Dot
001500,001500,,,=== City ===,,Dot
001502,001502,,,=== Point of Interest ===,,Dot
001503,001503,,,=== Point of Interest ===,,Dot
001504,001504,,,=== Intersection ===,,Dot
001505,001505,,,=== City ===,,Dot
001506,001506,,,=== City ===,,Dot
001521,001521,,,=== Point of Interest ===,,Dot
001522,001522,,,=== Point of Interest ===,,Dot
001523,001523,,,=== Point of Interest ===,,Dot
001524,001524,,,=== City ===,,Dot
001525,001525,,,=== Intersection ===,,Dot
001526,001526,,,=== City ===,,Dot
001527,001527,,,=== City ===,,Dot
001538,001538,,,=== Point of Interest ===,,Dot
001539,001539,,,=== Point of Interest ===,,Dot
001540,001540,,,=== Point of Interest ===,,Dot
001541,001541,,,=== City ===,,Dot
001542,001542,,,=== Intersection ===,,Dot
001543,001543,,,=== City ===,,Dot
001544,001544,,,=== City ===,,Dot
001547,001547,,,=== Point of Interest ===,,Dot
001548,001548,,,=== Point of Interest ===,,Dot
001549,001549,,,=== City ===,,Dot
001550,001550,,,=== City ===,,Dot
001551,001551,,,=== City ===,,Dot
001553,001553,,,=== Point of Interest ===,,Dot
001554,001554,,,=== Point of Interest ===,,Dot
001555,001555,,,=== Intersection ===,,Dot
001556,001556,,,=== City ===,,Dot
001557,001557,,,=== City ===,,Dot
001559,001559,,,=== Point of Interest ===,,Dot
001560,001560,,,=== Point of Interest ===,,Dot
001561,001561,,,=== Point of Interest ===,,Dot
001562,001562,,,=== City ===,,Dot
001563,001563,,,=== City ===,,Dot
001565,001565,,,=== Point of Interest ===,,Dot
001566,001566,,,=== Point of Interest ===,,Dot
001567,001567,,,=== City ===,,Dot
001568,001568,,,=== City ===,,Dot
001569,001569,,,=== City ===,,Dot
001572,001572,,,=== Point of Interest ===,,Dot
001573,001573,,,=== Point of Interest ===,,Dot
001574,001574,,,=== Intersection ===,,Dot
001575,001575,,,=== City ===,,Dot
001576,001576,,,=== City ===,,Dot
001578,001578,,,=== Point of Interest ===,,Dot
001579,001579,,,=== Point of Interest ===,,Dot
001580,001580,,,=== Point of Interest ===,,Dot
001581,001581,,,=== City ===,,Dot
001582,001582,,,=== City ===,,Dot
001584,001584,,,=== Point of Interest ===,,Dot
001585,001585,,,=== Point of Interest ===,,Dot
001586,001586,,,=== City ===,,Dot
001587,001587,,,=== City ===,,Dot
001588,001588,,,=== City ===,,Dot
001590,001590,,,=== Point of Interest ===,,Dot
001591,001591,,,=== Point of Interest ===,,Dot
001592,001592,,,=== Intersection ===,,Dot
001593,001593,,,=== City ===,,Dot
001594,001594,,,=== City ===,,Dot
001596,001596,,,=== Point of Interest ===,,Dot
001597,001597,,,=== Point of Interest ===,,Dot
001598,001598,,,=== City ===,,Dot
001599,001599,,,=== City ===,,Dot
001600,001600,,,=== City ===,,Dot
001603,001603,,,=== Point of Interest ===,,Dot
001604,001604,,,=== Point of Interest ===,,Dot
001605,001605,,,=== Intersection ===,,Dot
001606,001606,,,=== City ===,,Dot
001607,001607,,,=== City ===,,Dot
001609,001609,,,=== Point of Interest ===,,Dot
001610,001610,,,=== Point of Interest ===,,Dot
001611,001611,,,=== City ===,,Dot
001612,001612,,,=== City ===,,Dot
001613,001613,,,=== City ===,,Dot
001616,001616,,,=== Point of Interest ===,,Dot
001617,001617,,,=== Point of Interest ===,,Dot
001618,001618,,,=== Point of Interest ===,,Dot
001619,001619,,,=== City ===,,Dot
001620,001620,,,=== City ===,,Dot
001622,001622,,,=== Point of Interest ===,,Dot
001623,001623,,,=== Point of Interest ===,,Dot
001624,001624,,,=== Intersection ===,,Dot
001625,001625,,,=== City ===,,Dot
001626,001626,,,=== City ===,,Dot
001628,001628,,,=== Point of Interest ===,,Dot
001629,001629,,,=== Point of Interest ===,,Dot
001630,001630,,,=== Point of Interest ===,,Dot
001631,001631,,,=== City ===,,Dot
001632,001632,,,=== City ===,,Dot
001634,001634,,,=== Point of Interest ===,,Dot
001635,001635,,,=== Point of Interest ===,,Dot
001636,001636,,,=== City ===,,Dot
001637,001637,,,=== City ===,,Dot
001638,001638,,,=== City ===,,Dot
001640,001640,,,=== Point of Interest ===,,Dot
001641,001641,,,=== Point of Interest ===,,Dot
001642,001642,,,=== Intersection ===,,Dot
001643,001643,,,=== City ===,,Dot
001644,001644,,,=== City ===,,Dot
001647,001647,,,=== Point of Interest ===,,Dot
001648,001648,,,=== Point of Interest ===,,Dot
001649,001649,,,=== City ===,,Dot
001650,001650,,,=== City ===,,Dot
001651,001651,,,=== City ===,,Dot
001653,001653,,,=== Point of Interest ===,,Dot
001654,001654,,,=== Point of Interest ===,,Dot
001655,001655,,,=== Intersection ===,,Dot
001656,001656,,,=== City ===,,Dot
001657,001657,,,=== City ===,,Dot
001659,001659,,,=== Point of Interest ===,,Dot
001660,001660,,,=== Point of Interest ===,,Dot
001661,001661,,,=== Point of Interest ===,,Dot
001662,001662,,,=== City ===,,Dot
001663,001663,,,=== City ===,,Dot
001665,001665,,,=== Point of Interest ===,,Dot
001666,001666,,,=== Point of Interest ===,,Dot
001667,001667,,,=== City ===,,Dot
001668,001668,,,=== City ===,,Dot
001669,001669,,,=== City ===,,Dot
001671,001671,,,=== Point of Interest ===,,Dot
001672,001672,,,=== Point of Interest ===,,Dot
001673,001673,,,=== Intersection ===,,Dot
001674,001674,,,=== City ===,,Dot
001675,001675,,,=== City ===,,Dot
001677,001677,,,=== Point of Interest ===,,Dot
001678,001678,,,=== Point of Interest ===,,Dot
001679,001679,,,=== City ===,,Dot
001680,001680,,,=== City ===,,Dot
001681,001681,,,=== City ===,,Dot
001683,001683,,,=== Point of Interest ===,,Dot
001684,001684,,,=== Point of Interest ===,,Dot
001685,001685,,,=== Intersection ===,,Dot
001686,001686,,,=== City ===,,Dot
001687,001687,,,=== City ===,,Dot
001698,001698,,,=== Point of Interest ===,,Dot
001699,001699,,,=== Point of Interest ===,,Dot
001700,001700,,,=== Point of Interest ===,,Dot
001701,001701,,,=== City ===,,Dot
001702,001702,,,=== Intersection ===,,Dot
001703,001703,,,=== City ===,,Dot
001704,001704,,,=== City ===,,Dot
001712,001712,,,=== Point of Interest ===,,Dot
001713,001713,,,=== Point of Interest ===,,Dot
001714,001714,,,=== City ===,,Dot
001715,001715,,,=== City ===,,Dot
001716,001716,,,=== City ===,,Dot
001718,001718,,,=== Point of Interest ===,,Dot
001719,001719,,,=== Point of Interest ===,,Dot
001720,001720,,,=== Intersection ===,,Dot
001721,001721,,,=== City ===,,Dot
001722,001722,,,=== City ===,,Dot
001725,001725,,,=== Point of Interest ===,,Dot
001726,001726,,,=== Point of Interest ===,,Dot
001727,001727,,,=== Point of Interest ===,,Dot
001728,001728,,,=== City ===,,Dot
001729,001729,,,=== City ===,,Dot
001731,001731,,,=== Point of Interest ===,,Dot
001732,001732,,,=== Point of Interest ===,,Dot
001733,001733,,,=== City ===,,Dot
001734,001734,,,=== City ===,,Dot
001735,001735,,,=== City ===,,Dot
001738,001738,,,=== Point of Interest ===,,Dot
001739,001739,,,=== Point of Interest ===,,Dot
001740,001740,,,=== Point of Interest ===,,Dot
001741,001741,,,=== City ===,,Dot
001742,001742,,,=== City ===,,Dot
001744,001744,,,=== Point of Interest ===,,Dot
001745,001745,,,=== Point of Interest ===,,Dot
001746,001746,,,=== City ===,,Dot
001747,001747,,,=== City ===,,Dot
001748,001748,,,=== City ===,,Dot
001750,001750,,,=== Point of Interest ===,,Dot
001751,001751,,,=== Point of Interest ===,,Dot
001752,001752,,,=== Intersection ===,,Dot
001753,001753,,,=== City ===,,Dot
001754,001754,,,=== City ===,,Dot
001760,001760,,,=== Point of Interest ===,,Dot
001761,001761,,,=== Point of Interest ===,,Dot
001762,001762,,,=== Point of Interest ===,,Dot
001763,001763,,,=== City ===,,Dot
001764,001764,,,=== City ===,,Dot
001767,001767,,,=== Point of Interest ===,,Dot
001768,001768,,,=== Point of Interest ===,,Dot
001769,001769,,,=== Intersection ===,,Dot
001770,001770,,,=== City ===,,Dot
001771,001771,,,=== City ===,,Dot
001773,001773,,,=== Point of Interest ===,,Dot
001774,001774,,,=== Point of Interest ===,,Dot
001775,001775,,,=== City ===,,Dot
001776,001776,,,=== City ===,,Dot
001777,001777,,,=== City ===,,Dot
001779,001779,,,=== Point of Interest ===,,Dot
001780,001780,,,=== Point of Interest ===,,Dot
001781,001781,,,=== Point of Interest ===,,Dot
001782,001782,,,=== City ===,,Dot
001783,001783,,,=== City ===,,Dot
001785,001785,,,=== Point of Interest ===,,Dot
001786,001786,,,=== Point of Interest ===,,Dot
001787,001787,,,=== Intersection ===,,Dot
001788,001788,,,=== City ===,,Dot
001789,001789,,,=== City ===,,Dot
001791,001791,,,=== Point of Interest ===,,Dot
001792,001792,,,=== Point of Interest ===,,Dot
001793,001793,,,=== Point of Interest ===,,Dot
001794,001794,,,=== City ===,,Dot
001795,001795,,,=== City ===,,Dot
001797,001797,,,=== Point of Interest ===,,Dot
001798,001798,,,=== Point of Interest ===,,Dot
001799,001799,,,=== Intersection ===,,Dot
001800,001800,,,=== City ===,,Dot
001801,001801,,,=== City ===,,Dot
001803,001803,,,=== Point of Interest ===,,Dot
001804,001804,,,=== Point of Interest ===,,Dot
001805,001805,,,=== Point of Interest ===,,Dot
001806,001806,,,=== City ===,,Dot
001807,001807,,,=== City ===,,Dot
001820,001820,,,=== Point of Interest ===,,Dot
001821,001821,,,=== Point of Interest ===,,Dot
001822,001822,,,=== Point of Interest ===,,Dot
001823,001823,,,=== City ===,,Dot
001824,001824,,,=== Intersection ===,,Dot
001825,001825,,,=== City ===,,Dot
001826,001826,,,=== City ===,,Dot
001828,001828,,,=== Point of Interest ===,,Dot
001829,001829,,,=== Point of Interest ===,,Dot
001830,001830,,,=== City ===,,Dot
001831,001831,,,=== City ===,,Dot
001832,001832,,,=== City ===,,Dot
001843,001843,,,=== Point of Interest ===,,Dot
001844,001844,,,=== Point of Interest ===,,Dot
001845,001845,,,=== Point of Interest ===,,Dot
001846,001846,,,=== City ===,,Dot
001847,001847,,,=== City ===,,Dot
001848,001848,,,=== City ===,,Dot
001849,001849,,,=== City ===,,Dot
001851,001851,,,=== Point of Interest ===,,Dot
001852,001852,,,=== Point of Interest ===,,Dot
001853,001853,,,=== Intersection ===,,Dot
001854,001854,,,=== City ===,,Dot
001855,001855,,,=== City ===,,Dot
001858,001858,,,=== Point of Interest ===,,Dot
001859,001859,,,=== Point of Interest ===,,Dot
001860,001860,,,=== Point of Interest ===,,Dot
001861,001861,,,=== City ===,,Dot
001862,001862,,,=== City ===,,Dot
001865,001865,,,=== Point of Interest ===,,Dot
001866,001866,,,=== Point of Interest ===,,Dot
001867,001867,,,=== Intersection ===,,Dot
001868,001868,,,=== City ===,,Dot
001869,001869,,,=== City ===,,Dot
001872,001872,,,=== Point of Interest ===,,Dot
001873,001873,,,=== Point of Interest ===,,Dot
001874,001874,,,=== Point of Interest ===,,Dot
001875,001875,,,=== City ===,,Dot
001876,001876,,,=== City ===,,Dot
001878,001878,,,=== Point of Interest ===,,Dot
001879,001879,,,=== Point of Interest ===,,Dot
001880,001880,,,=== Intersection ===,,Dot
001881,001881,,,=== City ===,,Dot
001882,001882,,,=== City ===,,Dot
001884,001884,,,=== Point of Interest ===,,Dot
001885,001885,,,=== Point of Interest ===,,Dot
001886,001886,,,=== Point of Interest ===,,Dot
001887,001887,,,=== City ===,,Dot
001888,001888,,,=== City ===,,Dot
001890,001890,,,=== Point of Interest ===,,Dot
001891,001891,,,=== Point of Interest ===,,Dot
001892,001892,,,=== Intersection ===,,Dot
001893,001893,,,=== City ===,,Dot
001894,001894,,,=== City ===,,Dot
001897,001897,,,=== Point of Interest ===,,Dot
001898,001898,,,=== Point of Interest ===,,Dot
001899,001899,,,=== Point of Interest ===,,Dot
001900,001900,,,=== City ===,,Dot
001901,001901,,,=== City ===,,Dot
001905,001905,,,=== Point of Interest ===,,Dot
001906,001906,,,=== Point of Interest ===,,Dot
001907,001907,,,=== City ===,,Dot
001908,001908,,,=== City ===,,Dot
001909,001909,,,=== City ===,,Dot
001912,001912,,,=== Point of Interest ===,,Dot
001913,001913,,,=== Point of Interest ===,,Dot
001914,001914,,,=== Point of Interest ===,,Dot
001915,001915,,,=== City ===,,Dot
001916,001916,,,=== City ===,,Dot
001918,001918,,,=== Point of Interest ===,,Dot
001919,001919,,,=== Point of Interest ===,,Dot
001920,001920,,,=== Intersection ===,,Dot
001921,001921,,,=== City ===,,Dot
001922,001922,,,=== City ===,,Dot
001926,001926,,,=== Point of Interest ===,,Dot
001927,001927,,,=== Point of Interest ===,,Dot
001928,001928,,,=== City ===,,Dot
001929,001929,,,=== City ===,,Dot
001930,001930,,,=== City ===,,Dot
001932,001932,,,=== Point of Interest ===,,Dot
001933,001933,,,=== Point of Interest ===,,Dot
001934,001934,,,=== Point of Interest ===,,Dot
001935,001935,,,=== City ===,,Dot
001936,001936,,,=== City ===,,Dot
001938,001938,,,=== Point of Interest ===,,Dot
001939,001939,,,=== Point of Interest ===,,Dot
001940,001940,,,=== Intersection ===,,Dot
001941,001941,,,=== City ===,,Dot
001942,001942,,,=== City ===,,Dot
001945,001945,,,=== Point of Interest ===,,Dot
001946,001946,,,=== Point of Interest ===,,Dot
001947,001947,,,=== Point of Interest ===,,Dot
001948,001948,,,=== City ===,,Dot
001949,001949,,,=== City ===,,Dot
001951,001951,,,=== Point of Interest ===,,Dot
001952,001952,,,=== Point of Interest ===,,Dot
001953,001953,,,=== Intersection ===,,Dot
001954,001954,,,=== City ===,,Dot
001955,001955,,,=== City ===,,Dot
001958,001958,,,=== Point of Interest ===,,Dot
001959,001959,,,=== Point of Interest ===,,Dot
001960,001960,,,=== City ===,,Dot
001961,001961,,,=== City ===,,Dot
001962,001962,,,=== City ===,,Dot
001964,001964,,,=== Point of Interest ===,,Dot
001965,001965,,,=== Point of Interest ===,,Dot
001966,001966,,,=== Intersection ===,,Dot
001967,001967,,,=== City ===,,Dot
001968,001968,,,=== City ===,,Dot
001978,001978,,,=== Point of Interest ===,,Dot
001979,001979,,,=== Point of Interest ===,,Dot
001980,001980,,,=== Point of Interest ===,,Dot
001981,001981,,,=== City ===,,Dot
001982,001982,,,=== City ===,,Dot
001984,001984,,,=== Point of Interest ===,,Dot
001985,001985,,,=== Point of Interest ===,,Dot
001986,001986,,,=== Intersection ===,,Dot
001987,001987,,,=== City ===,,Dot
001988,001988,,,=== City ===,,Dot
001992,001992,,,=== Point of Interest ===,,Dot
001993,001993,,,=== Point of Interest ===,,Dot
001994,001994,,,=== City ===,,Dot
001995,001995,,,=== City ===,,Dot
001996,001996,,,=== City ===,,Dot
001998,001998,,,=== Point of Interest ===,,Dot
001999,001999,,,=== Point of Interest ===,,Dot
002000,002000,,,=== Intersection ===,,Dot
002001,002001,,,=== City ===,,Dot
002002,002002,,,=== City ===,,Dot
002007,002007,,,=== Point of Interest ===,,Dot
002008,002008,,,=== Point of Interest ===,,Dot
002009,002009,,,=== City ===,,Dot
002010,002010,,,=== City ===,,Dot
002011,002011,,,=== City ===,,Dot
002013,002013,,,=== Point of Interest ===,,Dot
002014,002014,,,=== Point of Interest ===,,Dot
002015,002015,,,=== Intersection ===,,Dot
002016,002016,,,=== City ===,,Dot
002017,002017,,,=== City ===,,Dot
002020,002020,,,=== Point of Interest ===,,Dot
002021,002021,,,=== Point of Interest ===,,Dot
002022,002022,,,=== City ===,,Dot
002023,002023,,,=== City ===,,Dot
002024,002024,,,=== City ===,,Dot
002027,002027,,,=== Point of Interest ===,,Dot
002028,002028,,,=== Point of Interest ===,,Dot
002029,002029,,,=== Intersection ===,,Dot
002030,002030,,,=== City ===,,Dot
002031,002031,,,=== City ===,,Dot
002033,002033,,,=== Point of Interest ===,,Dot
002034,002034,,,=== Point of Interest ===,,Dot
002035,002035,,,=== Point of Interest ===,,Dot
002036,002036,,,=== City ===,,Dot
002037,002037,,,=== City ===,,Dot
002039,002039,,,=== Point of Interest ===,,Dot
002040,002040,,,=== Point of Interest ===,,Dot
002041,002041,,,=== Intersection ===,,Dot
002042,002042,,,=== City ===,,Dot
002043,002043,,,=== City ===,,Dot
002045,002045,,,=== Point of Interest ===,,Dot
002046,002046,,,=== Point of Interest ===,,Dot
002047,002047,,,=== City ===,,Dot
002048,002048,,,=== City ===,,Dot
002049,002049,,,=== City ===,,Dot
002051,002051,,,=== Point of Interest ===,,Dot
002052,002052,,,=== Point of Interest ===,,Dot
002053,002053,,,=== Intersection ===,,Dot
002054,002054,,,=== City ===,,Dot
002055,002055,,,=== City ===,,Dot
002063,002063,,,=== Point of Interest ===,,Dot
002064,002064,,,=== Point of Interest ===,,Dot
002065,002065,,,=== City ===,,Dot
002066,002066,,,=== City ===,,Dot
002067,002067,,,=== City ===,,Dot
002069,002069,,,=== Point of Interest ===,,Dot
002070,002070,,,=== Point of Interest ===,,Dot
002071,002071,,,=== Intersection ===,,Dot
002072,002072,,,=== City ===,,Dot
002073,002073,,,=== City ===,,Dot
002076,002076,,,=== Point of Interest ===,,Dot
002077,002077,,,=== Point of Interest ===,,Dot
002078,002078,,,=== City ===,,Dot
002079,002079,,,=== City ===,,Dot
002080,002080,,,=== City ===,,Dot
002082,002082,,,=== Point of Interest ===,,Dot
002083,002083,,,=== Point of Interest ===,,Dot
002084,002084,,,=== Point of Interest ===,,Dot
002085,002085,,,=== City ===,,Dot
002086,002086,,,=== City ===,,Dot
002088,002088,,,=== Point of Interest ===,,Dot
002089,002089,,,=== Point of Interest ===,,Dot
002090,002090,,,=== Intersection ===,,Dot
002091,002091,,,=== City ===,,Dot
002092,002092,,,=== City ===,,Dot
002094,002094,,,=== Point of Interest ===,,Dot
002095,002095,,,=== Point of Interest ===,,Dot
002096,002096,,,=== City ===,,Dot
002097,002097,,,=== City ===,,Dot
002098,002098,,,=== City ===,,Dot
002102,002102,,,=== Point of Interest ===,,Dot
002103,002103,,,=== Point of Interest ===,,Dot
002104,002104,,,=== Intersection ===,,Dot
002105,002105,,,=== City ===,,Dot
002106,002106,,,=== City ===,,Dot
002108,002108,,,=== Point of Interest ===,,Dot
002109,002109,,,=== Point of Interest ===,,Dot
002110,002110,,,=== City ===,,Dot
002111,002111,,,=== City ===,,Dot
002112,002112,,,=== City ===,,Dot
002117,002117,,,=== Point of Interest ===,,Dot
002118,002118,,,=== Point of Interest ===,,Dot
002119,002119,,,=== Intersection ===,,Dot
002120,002120,,,=== City ===,,Dot
002121,002121,,,=== City ===,,Dot
002123,002123,,,=== Point of Interest ===,,Dot
002124,002124,,,=== Point of Interest ===,,Dot
002125,002125,,,=== City ===,,Dot
002126,002126,,,=== City ===,,Dot
002127,002127,,,=== City ===,,Dot
002130,002130,,,=== Point of Interest ===,,Dot
002131,002131,,,=== Point of Interest ===,,Dot
002132,002132,,,=== Point of Interest ===,,Dot
002133,002133,,,=== City ===,,Dot
002134,002134,,,=== City ===,,Dot
002136,002136,,,=== Point of Interest ===,,Dot
002137,002137,,,=== Point of Interest ===,,Dot
002138,002138,,,=== Intersection ===,,Dot
002139,002139,,,=== Intersection ===,,Dot
002140,002140,,,=== Intersection ===,,Dot
002141,002141,,,=== Intersection ===,,Dot
002146,002146,,,=== Point of Interest ===,,Dot
002147,002147,,,=== Point of Interest ===,,Dot
002148,002148,,,=== Point of Interest ===,,Dot
002149,002149,,,=== Point of Interest ===,,Dot
002150,002150,47.468680,-94.937940,"At roundabout, take exit 1 onto Division Street West","At roundabout, take exit 1 onto Division Street West",Dot
002151,002151,,,=== Intersection ===,,Dot
002152,002152,,,=== Intersection ===,,Dot
002153,002153,,,=== Intersection ===,,Dot
002154,002154,,,=== Intersection ===,,Dot
002156,002156,,,=== Point of Interest ===,,Dot
002157,002157,,,=== Point of Interest ===,,Dot
002158,002158,,,=== Point of Interest ===,,Dot
002159,002159,,,=== Point of Interest ===,,Dot
002160,002160,47.468560,-94.927730,"At roundabout, take exit 2","At roundabout, take exit 2",Dot
002161,002161,47.468410,-94.922050,"At roundabout, take exit 2","At roundabout, take exit 2",Dot
002162,002162,47.468600,-94.907040,"At roundabout, take exit 2 onto 5th Street Northwest, CR 7","At roundabout, take exit 2 onto 5th Street Northwest, CR 7",Dot
002163,002163,,,=== Intersection ===,,Dot
002164,002164,,,=== Intersection ===,,Dot
002165,002165,,,=== Intersection ===,,Dot
002166,002166,,,=== Intersection ===,,Dot
002183,002183,,,=== Point of Interest ===,,Dot
002184,002184,,,=== Point of Interest ===,,Dot
002185,002185,,,=== Point of Interest ===,,Dot
002186,002186,,,=== City ===,,Dot
002187,002187,,,=== Intersection ===,,Dot
002188,002188,,,=== City ===,,Dot
002189,002189,,,=== City ===,,Dot
002191,002191,,,=== Point of Interest ===,,Dot
002192,002192,,,=== Point of Interest ===,,Dot
002193,002193,,,=== Point of Interest ===,,Dot
002194,002194,,,=== Point of Interest ===,,Dot
002195,002195,47.380016,-94.587500,Cross Fox Creek,Cross Fox Creek,Dot
002196,002196,,,=== Intersection ===,,Dot
002197,002197,,,=== Intersection ===,,Dot
002198,002198,,,=== Intersection ===,,Dot
002199,002199,,,=== Intersection ===,,Dot
002201,002201,,,=== Point of Interest ===,,Dot
002202,002202,,,=== Point of Interest ===,,Dot
002203,002203,,,=== Point of Interest ===,,Dot
002204,002204,,,=== City ===,,Dot
002205,002205,,,=== Intersection ===,,Dot
002206,002206,,,=== City ===,,Dot
002207,002207,,,=== City ===,,Dot
002209,002209,,,=== Point of Interest ===,,Dot
002210,002210,,,=== Point of Interest ===,,Dot
002211,002211,,,=== Point of Interest ===,,Dot
002212,002212,,,=== Intersection ===,,Dot
002213,002213,,,=== Intersection ===,,Dot
002214,002214,,,=== Intersection ===,,Dot
002215,002215,,,=== Intersection ===,,Dot
002219,002219,,,=== Point of Interest ===,,Dot
002220,002220,,,=== Point of Interest ===,,Dot
002221,002221,,,=== Point of Interest ===,,Dot
002222,002222,,,=== Point of Interest ===,,Dot
002223,002223,47.415500,-94.417299,Cross Lydick Brook,Cross Lydick Brook,Dot
002224,002224,,,=== Intersection ===,,Dot
002225,002225,,,=== Intersection ===,,Dot
002226,002226,,,=== Intersection ===,,Dot
002227,002227,,,=== Intersection ===,,Dot
002235,002235,,,=== Point of Interest ===,,Dot
002236,002236,,,=== Point of Interest ===,,Dot
002237,002237,,,=== Point of Interest ===,,Dot
002238,002238,,,=== Point of Interest ===,,Dot
002239,002239,47.331867,-93.892870,Cross Ball Club RIver,Cross Ball Club RIver,Dot
002240,002240,47.332192,-93.784053,Cross Deer RIver,Cross Deer RIver,Dot
002241,002241,,,=== Intersection ===,,Dot
002242,002242,,,=== Intersection ===,,Dot
002243,002243,,,=== Intersection ===,,Dot
002244,002244,,,=== Intersection ===,,Dot
002247,002247,,,=== Point of Interest ===,,Dot
002248,002248,,,=== Point of Interest ===,,Dot
002249,002249,,,=== Point of Interest ===,,Dot
002250,002250,,,=== Point of Interest ===,,Dot
002251,002251,47.224146,-93.698746,Cross Rice Creek,Cross Rice Creek,Dot
002252,002252,,,=== Intersection ===,,Dot
002253,002253,,,=== Intersection ===,,Dot
002254,002254,,,=== Intersection ===,,Dot
002255,002255,,,=== Intersection ===,,Dot
002257,002257,,,=== Point of Interest ===,,Dot
002258,002258,,,=== Point of Interest ===,,Dot
002259,002259,,,=== Point of Interest ===,,Dot
002260,002260,,,=== Point of Interest ===,,Dot
002261,002261,47.220850,-93.566280,"At the traffic circle, take the 3rd exit onto Golf Course Rd","At the traffic circle, take the 3rd exit onto Golf Course Rd",Dot
002262,002262,,,=== Intersection ===,,Dot
002263,002263,,,=== Intersection ===,,Dot
002264,002264,,,=== Intersection ===,,Dot
002265,002265,,,=== Intersection ===,,Dot
002282,002282,,,=== Point of Interest ===,,Dot
002283,002283,,,=== Point of Interest ===,,Dot
002284,002284,,,=== Point of Interest ===,,Dot
002285,002285,,,=== Point of Interest ===,,Dot
002286,002286,47.056610,-93.386505,Cross Split Hand Creek,Cross Split Hand Creek,Dot
002287,002287,,,=== Intersection ===,,Dot
002288,002288,,,=== Intersection ===,,Dot
002289,002289,,,=== Intersection ===,,Dot
002290,002290,,,=== Intersection ===,,Dot
002292,002292,,,=== Point of Interest ===,,Dot
002293,002293,,,=== Point of Interest ===,,Dot
002294,002294,,,=== Point of Interest ===,,Dot
002295,002295,,,=== Point of Interest ===,,Dot
002296,002296,46.906826,-93.347003,Cross Pokegama Creek,Cross Pokegama Creek,Dot
002297,002297,,,=== Intersection ===,,Dot
002298,002298,,,=== Intersection ===,,Dot
002299,002299,,,=== Intersection ===,,Dot
002300,002300,,,=== Intersection ===,,Dot
002303,002303,,,=== Point of Interest ===,,Dot
002304,002304,,,=== Point of Interest ===,,Dot
002305,002305,,,=== Point of Interest ===,,Dot
002306,002306,,,=== City ===,,Dot
002307,002307,,,=== City ===,,Dot
002308,002308,,,=== City ===,,Dot
002310,002310,,,=== Point of Interest ===,,Dot
002311,002311,,,=== Point of Interest ===,,Dot
002312,002312,,,=== Point of Interest ===,,Dot
002313,002313,46.677573,-93.601648,Cross White Elk Creek,Cross White Elk Creek,Dot
002314,002314,,,=== Intersection ===,,Dot
002315,002315,,,=== Intersection ===,,Dot
002316,002316,,,=== Intersection ===,,Dot
002317,002317,,,=== Intersection ===,,Dot
002321,002321,,,=== Point of Interest ===,,Dot
002322,002322,,,=== Point of Interest ===,,Dot
002323,002323,,,=== Point of Interest ===,,Dot
002324,002324,,,=== Point of Interest ===,,Dot
002325,002325,46.592300,-93.686903,Cross Flood Diversion Channel,Cross Flood Diversion Channel,Dot
002326,002326,,,=== Intersection ===,,Dot
002327,002327,,,=== Intersection ===,,Dot
002328,002328,,,=== Intersection ===,,Dot
002329,002329,,,=== Intersection ===,,Dot
002339,002339,,,=== Point of Interest ===,,Dot
002340,002340,,,=== Point of Interest ===,,Dot
002341,002341,,,=== Point of Interest ===,,Dot
002342,002342,,,=== Point of Interest ===,,Dot
002343,002343,46.592674,-93.760911,Cross Flood Diversion Channel,Cross Flood Diversion Channel,Dot
002344,002344,,,=== Intersection ===,,Dot
002345,002345,,,=== Intersection ===,,Dot
002346,002346,,,=== Intersection ===,,Dot
002347,002347,,,=== Intersection ===,,Dot
002349,002349,,,=== Point of Interest ===,,Dot
002350,002350,,,=== Point of Interest ===,,Dot
002351,002351,,,=== Point of Interest ===,,Dot
002352,002352,,,=== Point of Interest ===,,Dot
002353,002353,46.579662,-93.859763,Cross Dean Brook,Cross Dean Brook,Dot
002354,002354,46.555897,-93.921865,Cross Deadmans Creek,Cross Deadmans Creek,Dot
002355,002355,46.571283,-94.028199,Cross Pine River,Cross Pine River,Dot
002356,002356,,,=== Intersection ===,,Dot
002357,002357,,,=== Intersection ===,,Dot
002358,002358,,,=== Intersection ===,,Dot
002359,002359,,,=== Intersection ===,,Dot
002362,002362,,,=== Point of Interest ===,,Dot
002363,002363,,,=== Point of Interest ===,,Dot
002364,002364,,,=== Point of Interest ===,,Dot
002365,002365,,,=== Point of Interest ===,,Dot
002366,002366,46.521726,-94.089901,Cross Mission Creek,Cross Mission Creek,Dot
002367,002367,,,=== Intersection ===,,Dot
002368,002368,,,=== Intersection ===,,Dot
002369,002369,,,=== Intersection ===,,Dot
002370,002370,,,=== Intersection ===,,Dot
002374,002374,,,=== Point of Interest ===,,Dot
002375,002375,,,=== Point of Interest ===,,Dot
002376,002376,,,=== Point of Interest ===,,Dot
002377,002377,,,=== City ===,,Dot
002378,002378,,,=== Intersection ===,,Dot
002379,002379,,,=== City ===,,Dot
002380,002380,,,=== City ===,,Dot
002383,002383,,,=== Point of Interest ===,,Dot
002384,002384,,,=== Point of Interest ===,,Dot
002385,002385,,,=== Point of Interest ===,,Dot
002386,002386,,,=== Intersection ===,,Dot
002387,002387,,,=== Intersection ===,,Dot
002388,002388,,,=== Intersection ===,,Dot
002389,002389,,,=== Intersection ===,,Dot
002391,002391,,,=== Point of Interest ===,,Dot
002392,002392,,,=== Point of Interest ===,,Dot
002393,002393,,,=== Point of Interest ===,,Dot
002394,002394,,,=== City ===,,Dot
002395,002395,,,=== Intersection ===,,Dot
002396,002396,,,=== City ===,,Dot
002397,002397,,,=== City ===,,Dot
002399,002399,,,=== Point of Interest ===,,Dot
002400,002400,,,=== Point of Interest ===,,Dot
002401,002401,,,=== Point of Interest ===,,Dot
002402,002402,,,=== Intersection ===,,Dot
002403,002403,,,=== Intersection ===,,Dot
002404,002404,,,=== Intersection ===,,Dot
002405,002405,,,=== Intersection ===,,Dot
002407,002407,,,=== Point of Interest ===,,Dot
002408,002408,,,=== Point of Interest ===,,Dot
002409,002409,,,=== Point of Interest ===,,Dot
002410,002410,,,=== Point of Interest ===,,Dot
002411,002411,46.360640,-94.218240,"At roundabout, take exit 2 onto Northwest 4th Street, CR 20","At roundabout, take exit 2 onto Northwest 4th Street, CR 20",Dot
002412,002412,,,=== Intersection ===,,Dot
002413,002413,,,=== Intersection ===,,Dot
002414,002414,,,=== Intersection ===,,Dot
002415,002415,,,=== Intersection ===,,Dot
002420,002420,,,=== Point of Interest ===,,Dot
002421,002421,,,=== Point of Interest ===,,Dot
002422,002422,,,=== Point of Interest ===,,Dot
002423,002423,,,=== Point of Interest ===,,Dot
002424,002424,46.347460,-94.211970,"At roundabout, take exit 2 onto West College Drive","At roundabout, take exit 2 onto West College Drive",Dot
002425,002425,46.345820,-94.221160,"At roundabout, take exit 1 onto West College Drive","At roundabout, take exit 1 onto West College Drive",Dot
002426,002426,,,=== City ===,,Dot
002427,002427,,,=== Intersection ===,,Dot
002428,002428,,,=== City ===,,Dot
002429,002429,,,=== City ===,,Dot
002431,002431,,,=== Point of Interest ===,,Dot
002432,002432,,,=== Point of Interest ===,,Dot
002433,002433,,,=== Point of Interest ===,,Dot
002434,002434,,,=== Intersection ===,,Dot
002435,002435,,,=== Intersection ===,,Dot
002436,002436,,,=== Intersection ===,,Dot
002437,002437,,,=== Intersection ===,,Dot
002450,002450,,,=== Point of Interest ===,,Dot
002451,002451,,,=== Point of Interest ===,,Dot
002452,002452,,,=== Point of Interest ===,,Dot
002453,002453,,,=== Point of Interest ===,,Dot
002454,002454,46.178251,-94.363278,Nokasippi River,Nokasippi River,Dot
002455,002455,,,=== Intersection ===,,Dot
002456,002456,,,=== Intersection ===,,Dot
002457,002457,,,=== Intersection ===,,Dot
002458,002458,,,=== Intersection ===,,Dot
002462,002462,,,=== Point of Interest ===,,Dot
002463,002463,,,=== Point of Interest ===,,Dot
002464,002464,,,=== Point of Interest ===,,Dot
002465,002465,,,=== Point of Interest ===,,Dot
002466,002466,46.011666,-94.365404,Little Elk River,Little Elk River,Dot
002467,002467,,,=== Intersection ===,,Dot
002468,002468,,,=== Intersection ===,,Dot
002469,002469,,,=== Intersection ===,,Dot
002470,002470,,,=== Intersection ===,,Dot
002472,002472,,,=== Point of Interest ===,,Dot
002473,002473,,,=== Point of Interest ===,,Dot
002474,002474,,,=== Point of Interest ===,,Dot
002475,002475,,,=== Point of Interest ===,,Dot
002476,002476,46.000324,-94.378130,Cross Under US Hwy 10,Cross Under US Hwy 10,Dot
002477,002477,,,=== Intersection ===,,Dot
002478,002478,,,=== Intersection ===,,Dot
002479,002479,,,=== Intersection ===,,Dot
002480,002480,,,=== Intersection ===,,Dot
002487,002487,,,=== Point of Interest ===,,Dot
002488,002488,,,=== Point of Interest ===,,Dot
002489,002489,,,=== Point of Interest ===,,Dot
002490,002490,,,=== Point of Interest ===,,Dot
002491,002491,45.952791,-94.391058,Pike Creek,Pike Creek,Dot
002492,002492,45.918605,-94.389179,Swan River,Swan River,Dot
002493,002493,,,=== Intersection ===,,Dot
002494,002494,,,=== Intersection ===,,Dot
002495,002495,,,=== Intersection ===,,Dot
002496,002496,,,=== Intersection ===,,Dot
002499,002499,,,=== Point of Interest ===,,Dot
002500,002500,,,=== Point of Interest ===,,Dot
002501,002501,,,=== Point of Interest ===,,Dot
002502,002502,,,=== Point of Interest ===,,Dot
002503,002503,45.825333,-94.364705,Two River,Two River,Dot
002504,002504,45.814307,-94.360564,Cross Hazel Creek,Cross Hazel Creek,Dot
002505,002505,,,=== Intersection ===,,Dot
002506,002506,,,=== Intersection ===,,Dot
002507,002507,,,=== Intersection ===,,Dot
002508,002508,,,=== Intersection ===,,Dot
002510,002510,,,=== Point of Interest ===,,Dot
002511,002511,,,=== Point of Interest ===,,Dot
002512,002512,,,=== Point of Interest ===,,Dot
002513,002513,,,=== Point of Interest ===,,Dot
002514,002514,45.784488,-94.315024,Cross Spunk Creek,Cross Spunk Creek,Dot
002515,002515,,,=== Intersection ===,,Dot
002516,002516,,,=== Intersection ===,,Dot
002517,002517,,,=== Intersection ===,,Dot
002518,002518,,,=== Intersection ===,,Dot
002520,002520,,,=== Point of Interest ===,,Dot
002521,002521,,,=== Point of Interest ===,,Dot
002522,002522,,,=== Point of Interest ===,,Dot
002523,002523,,,=== Point of Interest ===,,Dot
002524,002524,45.681526,-94.183905,Little Rock Creek,Little Rock Creek,Dot
002525,002525,,,=== Intersection ===,,Dot
002526,002526,,,=== Intersection ===,,Dot
002527,002527,,,=== Intersection ===,,Dot
002528,002528,,,=== Intersection ===,,Dot
002539,002539,,,=== Point of Interest ===,,Dot
002540,002540,,,=== Point of Interest ===,,Dot
002541,002541,,,=== Point of Interest ===,,Dot
002542,002542,,,=== Point of Interest ===,,Dot
002543,002543,45.591401,-94.177794,Sauk River,Sauk River,Dot
002544,002544,,,=== Intersection ===,,Dot
002545,002545,,,=== Intersection ===,,Dot
002546,002546,,,=== Intersection ===,,Dot
002547,002547,,,=== Intersection ===,,Dot
002555,002555,,,=== Point of Interest ===,,Dot
002556,002556,,,=== Point of Interest ===,,Dot
002557,002557,,,=== Point of Interest ===,,Dot
002558,002558,,,=== Point of Interest ===,,Dot
002559,002559,45.549620,-94.154700,"At roundabout, take exit 3 onto University Drive South","At roundabout, take exit 3 onto University Drive South",Dot
002560,002560,,,=== Intersection ===,,Dot
002561,002561,,,=== Intersection ===,,Dot
002562,002562,,,=== Intersection ===,,Dot
002563,002563,,,=== Intersection ===,,Dot
002570,002570,,,=== Point of Interest ===,,Dot
002571,002571,,,=== Point of Interest ===,,Dot
002572,002572,,,=== Point of Interest ===,,Dot
002573,002573,,,=== Point of Interest ===,,Dot
002574,002574,45.387443,-94.011723,Cross Fish Creek,Cross Fish Creek,Dot
002575,002575,,,=== Intersection ===,,Dot
002576,002576,,,=== Intersection ===,,Dot
002577,002577,,,=== Intersection ===,,Dot
002578,002578,,,=== Intersection ===,,Dot
002581,002581,,,=== Point of Interest ===,,Dot
002582,002582,,,=== Point of Interest ===,,Dot
002583,002583,,,=== Point of Interest ===,,Dot
002584,002584,,,=== Point of Interest ===,,Dot
002585,002585,45.313736,-93.818249,Cross Otter Creek,Cross Otter Creek,Dot
002586,002586,,,=== Intersection ===,,Dot
002587,002587,,,=== Intersection ===,,Dot
002588,002588,,,=== Intersection ===,,Dot
002589,002589,,,=== Intersection ===,,Dot
002597,002597,,,=== Point of Interest ===,,Dot
002598,002598,,,=== Point of Interest ===,,Dot
002599,002599,,,=== Point of Interest ===,,Dot
002600,002600,,,=== Point of Interest ===,,Dot
002601,002601,45.285050,-93.591160,"At roundabout, take exit 2 onto 90th Street Northeast, CR 39","At roundabout, take exit 2 onto 90th Street Northeast, CR 39",Dot
002602,002602,45.281180,-93.576110,"At roundabout, take exit 2 onto 90th Street Northeast, CR 39","At roundabout, take exit 2 onto 90th Street Northeast, CR 39",Dot
002603,002603,,,=== Intersection ===,,Dot
002604,002604,,,=== Intersection ===,,Dot
002605,002605,,,=== Intersection ===,,Dot
002606,002606,,,=== Intersection ===,,Dot
002608,002608,,,=== Point of Interest ===,,Dot
002609,002609,,,=== Point of Interest ===,,Dot
002610,002610,,,=== Point of Interest ===,,Dot
002611,002611,,,=== Point of Interest ===,,Dot
002612,002612,45.244378,-93.522496,Crow River,Crow River,Dot
002613,002613,,,=== Intersection ===,,Dot
002614,002614,,,=== Intersection ===,,Dot
002615,002615,,,=== Intersection ===,,Dot
002616,002616,,,=== Intersection ===,,Dot
002622,002622,,,=== Point of Interest ===,,Dot
002623,002623,,,=== Point of Interest ===,,Dot
002624,002624,,,=== Point of Interest ===,,Dot
002625,002625,,,=== Point of Interest ===,,Dot
002626,002626,45.184032,-93.389372,Cross Elm Creek,Cross Elm Creek,Dot
002627,002627,45.183986,-93.389326,Elm Creek,Elm Creek,Dot
002628,002628,,,=== Intersection ===,,Dot
002629,002629,,,=== Intersection ===,,Dot
002630,002630,,,=== Intersection ===,,Dot
002631,002631,,,=== Intersection ===,,Dot
002641,002641,,,=== Point of Interest ===,,Dot
002642,002642,,,=== Point of Interest ===,,Dot
002643,002643,,,=== Point of Interest ===,,Dot
002644,002644,,,=== City ===,,Dot
002645,002645,,,=== Intersection ===,,Dot
002646,002646,,,=== City ===,,Dot
002647,002647,,,=== City ===,,Dot
002649,002649,,,=== Point of Interest ===,,Dot
002650,002650,,,=== Point of Interest ===,,Dot
002651,002651,,,=== Point of Interest ===,,Dot
002652,002652,,,=== Intersection ===,,Dot
002653,002653,,,=== Intersection ===,,Dot
002654,002654,,,=== Intersection ===,,Dot
002655,002655,,,=== Intersection ===,,Dot
002657,002657,,,=== Point of Interest ===,,Dot
002658,002658,,,=== Point of Interest ===,,Dot
002659,002659,,,=== Point of Interest ===,,Dot
002660,002660,,,=== Point of Interest ===,,Dot
002661,002661,45.110809,-93.295206,Matson Brook,Matson Brook,Dot
002662,002662,,,=== Intersection ===,,Dot
002663,002663,,,=== Intersection ===,,Dot
002664,002664,,,=== Intersection ===,,Dot
002665,002665,,,=== Intersection ===,,Dot
002673,002673,,,=== Point of Interest ===,,Dot
002674,002674,,,=== Point of Interest ===,,Dot
002675,002675,,,=== Point of Interest ===,,Dot
002676,002676,,,=== City ===,,Dot
002677,002677,,,=== Intersection ===,,Dot
002678,002678,,,=== City ===,,Dot
002679,002679,,,=== City ===,,Dot
002681,002681,,,=== Point of Interest ===,,Dot
002682,002682,,,=== Point of Interest ===,,Dot
002683,002683,,,=== Point of Interest ===,,Dot
002684,002684,,,=== Point of Interest ===,,Dot
002685,002685,45.069310,-93.280161,Cross Under Interstate Hwy 694,Cross Under Interstate Hwy 694,Dot
002686,002686,,,=== City ===,,Dot
002687,002687,,,=== Intersection ===,,Dot
002688,002688,,,=== City ===,,Dot
002689,002689,,,=== City ===,,Dot
002691,002691,,,=== Point of Interest ===,,Dot
002692,002692,,,=== Point of Interest ===,,Dot
002693,002693,,,=== Point of Interest ===,,Dot
002694,002694,,,=== Intersection ===,,Dot
002695,002695,,,=== Intersection ===,,Dot
002696,002696,,,=== Intersection ===,,Dot
002697,002697,,,=== Intersection ===,,Dot
002706,002706,,,=== Point of Interest ===,,Dot
002707,002707,,,=== Point of Interest ===,,Dot
002708,002708,,,=== Point of Interest ===,,Dot
002709,002709,,,=== City ===,,Dot
002710,002710,,,=== Intersection ===,,Dot
002711,002711,,,=== City ===,,Dot
002712,002712,,,=== City ===,,Dot
002714,002714,,,=== Point of Interest ===,,Dot
002715,002715,,,=== Point of Interest ===,,Dot
002716,002716,,,=== Point of Interest ===,,Dot
002717,002717,,,=== Intersection ===,,Dot
002718,002718,,,=== Intersection ===,,Dot
002719,002719,,,=== Intersection ===,,Dot
002720,002720,,,=== Intersection ===,,Dot
002724,002724,,,=== Point of Interest ===,,Dot
002725,002725,,,=== Point of Interest ===,,Dot
002726,002726,,,=== Point of Interest ===,,Dot
002727,002727,,,=== City ===,,Dot
002728,002728,,,=== Intersection ===,,Dot
002729,002729,,,=== City ===,,Dot
002730,002730,,,=== City ===,,Dot
002732,002732,,,=== Point of Interest ===,,Dot
002733,002733,,,=== Point of Interest ===,,Dot
002734,002734,,,=== Point of Interest ===,,Dot
002735,002735,,,=== Intersection ===,,Dot
002736,002736,,,=== Intersection ===,,Dot
002737,002737,,,=== Intersection ===,,Dot
002738,002738,,,=== Intersection ===,,Dot
002742,002742,,,=== Point of Interest ===,,Dot
002743,002743,,,=== Point of Interest ===,,Dot
002744,002744,,,=== Point of Interest ===,,Dot
002745,002745,,,=== City ===,,Dot
002746,002746,,,=== City ===,,Dot
002747,002747,,,=== City ===,,Dot
002749,002749,,,=== Point of Interest ===,,Dot
002750,002750,,,=== Point of Interest ===,,Dot
002751,002751,,,=== Intersection ===,,Dot
002752,002752,,,=== Intersection ===,,Dot
002753,002753,,,=== Intersection ===,,Dot
002754,002754,,,=== Intersection ===,,Dot
002756,002756,,,=== Point of Interest ===,,Dot
002757,002757,,,=== Point of Interest ===,,Dot
002758,002758,,,=== Point of Interest ===,,Dot
002759,002759,,,=== Point of Interest ===,,Dot
002760,002760,44.990200,-93.273981,Cross Bassett Creek,Cross Bassett Creek,Dot
002761,002761,44.984732,-93.265172,Cross Under Hennepin Ave Bridge,Cross Under Hennepin Ave Bridge,Dot
002762,002762,44.982455,-93.261835,Cross Under 3rd Ave Bridge,Cross Under 3rd Ave Bridge,Dot
002763,002763,,,=== Intersection ===,,Dot
002764,002764,,,=== Intersection ===,,Dot
002765,002765,,,=== Intersection ===,,Dot
002766,002766,,,=== Intersection ===,,Dot
002772,002772,,,=== Point of Interest ===,,Dot
002773,002773,,,=== Point of Interest ===,,Dot
002774,002774,,,=== Point of Interest ===,,Dot
002775,002775,,,=== Point of Interest ===,,Dot
002776,002776,44.980386,-93.244440,Cross Under Interstate Hwy 35W,Cross Under Interstate Hwy 35W,Dot
002777,002777,,,=== City ===,,Dot
002778,002778,,,=== Intersection ===,,Dot
002779,002779,,,=== City ===,,Dot
002780,002780,,,=== City ===,,Dot
002782,002782,,,=== Point of Interest ===,,Dot
002783,002783,,,=== Point of Interest ===,,Dot
002784,002784,,,=== Point of Interest ===,,Dot
002785,002785,,,=== Intersection ===,,Dot
002786,002786,,,=== Intersection ===,,Dot
002787,002787,,,=== Intersection ===,,Dot
002788,002788,,,=== Intersection ===,,Dot
002790,002790,,,=== Point of Interest ===,,Dot
002791,002791,,,=== Point of Interest ===,,Dot
002792,002792,,,=== Point of Interest ===,,Dot
002793,002793,,,=== Point of Interest ===,,Dot
002794,002794,44.972821,-93.241330,Cross Under Washington Ave Bridge,Cross Under Washington Ave Bridge,Dot
002795,002795,44.965662,-93.226976,Cross Under Interstate Hwy 94,Cross Under Interstate Hwy 94,Dot
002796,002796,,,=== Intersection ===,,Dot
002797,002797,,,=== Intersection ===,,Dot
002798,002798,,,=== Intersection ===,,Dot
002799,002799,,,=== Intersection ===,,Dot
002805,002805,,,=== Point of Interest ===,,Dot
002806,002806,,,=== Point of Interest ===,,Dot
002807,002807,,,=== Point of Interest ===,,Dot
002808,002808,,,=== Point of Interest ===,,Dot
002809,002809,44.943007,-93.193519,Shadow Creek,Shadow Creek,Dot
002810,002810,,,=== Intersection ===,,Dot
002811,002811,,,=== Intersection ===,,Dot
002812,002812,,,=== Intersection ===,,Dot
002813,002813,,,=== Intersection ===,,Dot
002818,002818,,,=== Point of Interest ===,,Dot
002819,002819,,,=== Point of Interest ===,,Dot
002820,002820,,,=== Point of Interest ===,,Dot
002821,002821,,,=== Point of Interest ===,,Dot
002822,002822,44.917883,-93.198889,Cross Under Ford Bridge,Cross Under Ford Bridge,Dot
002823,002823,,,=== Intersection ===,,Dot
002824,002824,,,=== Intersection ===,,Dot
002825,002825,,,=== Intersection ===,,Dot
002826,002826,,,=== Intersection ===,,Dot
002840,002840,,,=== Point of Interest ===,,Dot
002841,002841,,,=== Point of Interest ===,,Dot
002842,002842,,,=== Point of Interest ===,,Dot
002843,002843,,,=== City ===,,Dot
002844,002844,,,=== Intersection ===,,Dot
002845,002845,,,=== City ===,,Dot
002846,002846,,,=== City ===,,Dot
002849,002849,,,=== Point of Interest ===,,Dot
002850,002850,,,=== Point of Interest ===,,Dot
002851,002851,,,=== Point of Interest ===,,Dot
002852,002852,,,=== Point of Interest ===,,Dot
002853,002853,44.908899,-93.142972,Cross Under Interstate Hwy 35E,Cross Under Interstate Hwy 35E,Dot
002854,002854,,,=== Intersection ===,,Dot
002855,002855,,,=== Intersection ===,,Dot
002856,002856,,,=== Intersection ===,,Dot
002857,002857,,,=== Intersection ===,,Dot
002859,002859,,,=== Point of Interest ===,,Dot
002860,002860,,,=== Point of Interest ===,,Dot
002861,002861,,,=== Point of Interest ===,,Dot
002862,002862,,,=== City ===,,Dot
002863,002863,,,=== City ===,,Dot
002864,002864,,,=== City ===,,Dot
002866,002866,,,=== Point of Interest ===,,Dot
002867,002867,,,=== Point of Interest ===,,Dot
002868,002868,,,=== Intersection ===,,Dot
002869,002869,,,=== City ===,,Dot
002870,002870,,,=== City ===,,Dot
002872,002872,,,=== Point of Interest ===,,Dot
002873,002873,,,=== Point of Interest ===,,Dot
002874,002874,,,=== Point of Interest ===,,Dot
002875,002875,,,=== Intersection ===,,Dot
002876,002876,,,=== Intersection ===,,Dot
002877,002877,,,=== Intersection ===,,Dot
002878,002878,,,=== Intersection ===,,Dot
002882,002882,,,=== Point of Interest ===,,Dot
002883,002883,,,=== Point of Interest ===,,Dot
002884,002884,,,=== Point of Interest ===,,Dot
002885,002885,,,=== Point of Interest ===,,Dot
002886,002886,44.931829,-93.102804,Cross Under Smith Ave Bridge,Cross Under Smith Ave Bridge,Dot
002887,002887,,,=== Intersection ===,,Dot
002888,002888,,,=== Intersection ===,,Dot
002889,002889,,,=== Intersection ===,,Dot
002890,002890,,,=== Intersection ===,,Dot
002904,002904,,,=== Point of Interest ===,,Dot
002905,002905,,,=== Point of Interest ===,,Dot
002906,002906,,,=== Point of Interest ===,,Dot
002907,002907,,,=== Point of Interest ===,,Dot
002908,002908,44.951356,-93.098172,Cross Over Interstate Hwy 94,Cross Over Interstate Hwy 94,Dot
002909,002909,,,=== Intersection ===,,Dot
002910,002910,,,=== Intersection ===,,Dot
002911,002911,,,=== Intersection ===,,Dot
002912,002912,,,=== Intersection ===,,Dot
002915,002915,,,=== Point of Interest ===,,Dot
002916,002916,,,=== Point of Interest ===,,Dot
002917,002917,,,=== Point of Interest ===,,Dot
002918,002918,,,=== Point of Interest ===,,Dot
002919,002919,44.951266,-93.098362,Cross Over Interstate Hwy 94,Cross Over Interstate Hwy 94,Dot
002920,002920,,,=== Intersection ===,,Dot
002921,002921,,,=== Intersection ===,,Dot
002922,002922,,,=== Intersection ===,,Dot
002923,002923,,,=== Intersection ===,,Dot
002926,002926,,,=== Point of Interest ===,,Dot
002927,002927,,,=== Point of Interest ===,,Dot
002928,002928,,,=== Point of Interest ===,,Dot
002929,002929,,,=== Point of Interest ===,,Dot
002930,002930,44.927367,-93.069857,Cross Under US Route 52,Cross Under US Route 52,Dot
002931,002931,,,=== Intersection ===,,Dot
002932,002932,,,=== Intersection ===,,Dot
002933,002933,,,=== Intersection ===,,Dot
002934,002934,,,=== Intersection ===,,Dot
002941,002941,,,=== Point of Interest ===,,Dot
002942,002942,,,=== Point of Interest ===,,Dot
002943,002943,,,=== Point of Interest ===,,Dot
002944,002944,,,=== City ===,,Dot
002945,002945,,,=== Intersection ===,,Dot
002946,002946,,,=== City ===,,Dot
002947,002947,,,=== City ===,,Dot
002949,002949,,,=== Point of Interest ===,,Dot
002950,002950,,,=== Point of Interest ===,,Dot
002951,002951,,,=== Point of Interest ===,,Dot
002952,002952,,,=== Point of Interest ===,,Dot
002953,002953,44.882541,-93.018761,Cross Under Interstate Hwy 494,Cross Under Interstate Hwy 494,Dot
002954,002954,,,=== Intersection ===,,Dot
002955,002955,,,=== Intersection ===,,Dot
002956,002956,,,=== Intersection ===,,Dot
002957,002957,,,=== Intersection ===,,Dot
002962,002962,,,=== Point of Interest ===,,Dot
002963,002963,,,=== Point of Interest ===,,Dot
002964,002964,,,=== Point of Interest ===,,Dot
002965,002965,,,=== Point of Interest ===,,Dot
002966,002966,44.882470,-93.019180,Cross Under Interstate Hwy 494,Cross Under Interstate Hwy 494,Dot
002967,002967,,,=== Intersection ===,,Dot
002968,002968,,,=== Intersection ===,,Dot
002969,002969,,,=== Intersection ===,,Dot
002970,002970,,,=== Intersection ===,,Dot
002972,002972,,,=== Point of Interest ===,,Dot
002973,002973,,,=== Point of Interest ===,,Dot
002974,002974,,,=== Point of Interest ===,,Dot
002975,002975,,,=== Point of Interest ===,,Dot
002976,002976,44.884264,-93.008325,Cross Under Interstate Hwy 494,Cross Under Interstate Hwy 494,Dot
002977,002977,,,=== Intersection ===,,Dot
002978,002978,,,=== Intersection ===,,Dot
002979,002979,,,=== Intersection ===,,Dot
002980,002980,,,=== Intersection ===,,Dot
002984,002984,,,=== Point of Interest ===,,Dot
002985,002985,,,=== Point of Interest ===,,Dot
002986,002986,,,=== Point of Interest ===,,Dot
002987,002987,,,=== Point of Interest ===,,Dot
002988,002988,44.877995,-93.002505,Cross Over US Route 10/61,Cross Over US Route 10/61,Dot
002989,002989,,,=== Intersection ===,,Dot
002990,002990,,,=== Intersection ===,,Dot
002991,002991,,,=== Intersection ===,,Dot
002992,002992,,,=== Intersection ===,,Dot
003011,003011,,,=== Point of Interest ===,,Dot
003012,003012,,,=== Point of Interest ===,,Dot
003013,003013,,,=== Point of Interest ===,,Dot
003014,003014,,,=== City ===,,Dot
003015,003015,,,=== Intersection ===,,Dot
003016,003016,,,=== City ===,,Dot
003017,003017,,,=== City ===,,Dot
003019,003019,,,=== Point of Interest ===,,Dot
003020,003020,,,=== Point of Interest ===,,Dot
003021,003021,,,=== Point of Interest ===,,Dot
003022,003022,,,=== Intersection ===,,Dot
003023,003023,,,=== Intersection ===,,Dot
003024,003024,,,=== Intersection ===,,Dot
003025,003025,,,=== Intersection ===,,Dot
003038,003038,,,=== Point of Interest ===,,Dot
003039,003039,,,=== Point of Interest ===,,Dot
003040,003040,,,=== Point of Interest ===,,Dot
003041,003041,,,=== City ===,,Dot
003042,003042,,,=== Intersection ===,,Dot
003043,003043,,,=== City ===,,Dot
003044,003044,,,=== City ===,,Dot
003046,003046,,,=== Point of Interest ===,,Dot
003047,003047,,,=== Point of Interest ===,,Dot
003048,003048,,,=== Point of Interest ===,,Dot
003049,003049,,,=== Intersection ===,,Dot
003050,003050,,,=== Intersection ===,,Dot
003051,003051,,,=== Intersection ===,,Dot
003052,003052,,,=== Intersection ===,,Dot
003057,003057,,,=== Point of Interest ===,,Dot
003058,003058,,,=== Point of Interest ===,,Dot
003059,003059,,,=== Point of Interest ===,,Dot
003060,003060,,,=== City ===,,Dot
003061,003061,,,=== City ===,,Dot
003062,003062,,,=== City ===,,Dot
003063,003063,,,=== City ===,,Dot
003065,003065,,,=== Point of Interest ===,,Dot
003066,003066,,,=== Point of Interest ===,,Dot
003067,003067,,,=== Intersection ===,,Dot
003068,003068,,,=== City ===,,Dot
003069,003069,,,=== City ===,,Dot
003072,003072,,,=== Point of Interest ===,,Dot
003073,003073,,,=== Point of Interest ===,,Dot
003074,003074,,,=== Point of Interest ===,,Dot
003075,003075,,,=== Point of Interest ===,,Dot
003077,003077,,,=== Intersection ===,,Dot
003078,003078,,,=== Intersection ===,,Dot
003079,003079,,,=== Intersection ===,,Dot
003080,003080,,,=== Intersection ===,,Dot
003082,003082,,,=== Point of Interest ===,,Dot
003083,003083,,,=== Point of Interest ===,,Dot
003084,003084,,,=== Point of Interest ===,,Dot
003085,003085,,,=== City ===,,Dot
003086,003086,,,=== Intersection ===,,Dot
003087,003087,,,=== City ===,,Dot
003088,003088,,,=== City ===,,Dot
003090,003090,,,=== Point of Interest ===,,Dot
003091,003091,,,=== Point of Interest ===,,Dot
003092,003092,,,=== Point of Interest ===,,Dot
003093,003093,,,=== Intersection ===,,Dot
003094,003094,,,=== Intersection ===,,Dot
003095,003095,,,=== Intersection ===,,Dot
003096,003096,,,=== Intersection ===,,Dot
003099,003099,,,=== Point of Interest ===,,Dot
003100,003100,,,=== Point of Interest ===,,Dot
003101,003101,,,=== Point of Interest ===,,Dot
003102,003102,,,=== Point of Interest ===,,Dot
003103,003103,44.725620,-92.743018,Dry Run Coulee,Dry Run Coulee,Dot
003104,003104,44.725759,-92.742855,Climb,Begin 318 Foot Elevation Gain Next 1.9 Miles (Grade:Avg 3.2% Max 7.4%),Dot
003105,003105,44.728354,-92.735699,Cross Dry Run Coulee,Cross Dry Run Coulee,Dot
003106,003106,44.728730,-92.705709,Summit,End 318 Foot Elevation Gain,Dot
003107,003107,44.717607,-92.672873,Big River,Big River,Dot
003108,003108,44.717564,-92.672846,Climb,Begin 303 Foot Elevation Gain Next 1.2 Miles (Grade:Avg 4.5% Max 7.7%),Dot
003109,003109,44.707095,-92.654554,Summit,End 318 Foot Elevation Gain,Dot
003110,003110,,,=== City ===,,Dot
003111,003111,,,=== City ===,,Dot
003112,003112,,,=== City ===,,Dot
003114,003114,,,=== Point of Interest ===,,Dot
003115,003115,,,=== Point of Interest ===,,Dot
003116,003116,,,=== Intersection ===,,Dot
003117,003117,,,=== City ===,,Dot
003118,003118,,,=== City ===,,Dot
003120,003120,,,=== Point of Interest ===,,Dot
003121,003121,,,=== Point of Interest ===,,Dot
003122,003122,,,=== City ===,,Dot
003123,003123,,,=== City ===,,Dot
003124,003124,,,=== City ===,,Dot
003126,003126,,,=== Point of Interest ===,,Dot
003127,003127,,,=== Point of Interest ===,,Dot
003128,003128,,,=== Point of Interest ===,,Dot
003129,003129,,,=== Point of Interest ===,,Dot
003130,003130,44.644775,-92.611393,Cross Hope Coulee,Cross Hope Coulee,Dot
003131,003131,,,=== City ===,,Dot
003132,003132,,,=== Intersection ===,,Dot
003133,003133,,,=== City ===,,Dot
003134,003134,,,=== City ===,,Dot
003136,003136,,,=== Point of Interest ===,,Dot
003137,003137,,,=== Point of Interest ===,,Dot
003138,003138,,,=== Point of Interest ===,,Dot
003139,003139,,,=== Point of Interest ===,,Dot
003140,003140,44.625599,-92.579382,Trimbelle River,Trimbelle River,Dot
003141,003141,,,=== Intersection ===,,Dot
003142,003142,,,=== Intersection ===,,Dot
003143,003143,,,=== Intersection ===,,Dot
003144,003144,,,=== Intersection ===,,Dot
003146,003146,,,=== Point of Interest ===,,Dot
003147,003147,,,=== Point of Interest ===,,Dot
003148,003148,,,=== Point of Interest ===,,Dot
003149,003149,,,=== City ===,,Dot
003150,003150,,,=== City ===,,Dot
003151,003151,,,=== City ===,,Dot
003152,003152,,,=== City ===,,Dot
003154,003154,,,=== Point of Interest ===,,Dot
003155,003155,,,=== Point of Interest ===,,Dot
003156,003156,,,=== Point of Interest ===,,Dot
003157,003157,,,=== Intersection ===,,Dot
003158,003158,,,=== Intersection ===,,Dot
003159,003159,,,=== Intersection ===,,Dot
003160,003160,,,=== Intersection ===,,Dot
003164,003164,,,=== Point of Interest ===,,Dot
003165,003165,,,=== Point of Interest ===,,Dot
003166,003166,,,=== Point of Interest ===,,Dot
003167,003167,,,=== City ===,,Dot
003168,003168,,,=== City ===,,Dot
003169,003169,,,=== City ===,,Dot
003170,003170,,,=== City ===,,Dot
003172,003172,,,=== Point of Interest ===,,Dot
003173,003173,,,=== Point of Interest ===,,Dot
003174,003174,,,=== Intersection ===,,Dot
003175,003175,,,=== City ===,,Dot
003176,003176,,,=== City ===,,Dot
003178,003178,,,=== Point of Interest ===,,Dot
003179,003179,,,=== Point of Interest ===,,Dot
003180,003180,,,=== Point of Interest ===,,Dot
003181,003181,,,=== City ===,,Dot
003182,003182,,,=== City ===,,Dot
003184,003184,,,=== Point of Interest ===,,Dot
003185,003185,,,=== Point of Interest ===,,Dot
003186,003186,,,=== Point of Interest ===,,Dot
003187,003187,44.585018,-92.460101,Cross Catherine Pass,Cross Catherine Pass,Dot
003188,003188,,,=== Intersection ===,,Dot
003189,003189,,,=== Intersection ===,,Dot
003190,003190,,,=== Intersection ===,,Dot
003191,003191,,,=== Intersection ===,,Dot
003193,003193,,,=== Point of Interest ===,,Dot
003194,003194,,,=== Point of Interest ===,,Dot
003195,003195,,,=== Point of Interest ===,,Dot
003196,003196,,,=== City ===,,Dot
003197,003197,,,=== City ===,,Dot
003198,003198,,,=== City ===,,Dot
003199,003199,,,=== City ===,,Dot
003201,003201,,,=== Point of Interest ===,,Dot
003202,003202,,,=== Point of Interest ===,,Dot
003203,003203,,,=== Point of Interest ===,,Dot
003204,003204,,,=== Intersection ===,,Dot
003205,003205,,,=== Intersection ===,,Dot
003206,003206,,,=== Intersection ===,,Dot
003207,003207,,,=== Intersection ===,,Dot
003209,003209,,,=== Point of Interest ===,,Dot
003210,003210,,,=== Point of Interest ===,,Dot
003211,003211,,,=== Point of Interest ===,,Dot
003212,003212,,,=== City ===,,Dot
003213,003213,,,=== City ===,,Dot
003214,003214,,,=== City ===,,Dot
003215,003215,,,=== City ===,,Dot
003217,003217,,,=== Point of Interest ===,,Dot
003218,003218,,,=== Point of Interest ===,,Dot
003219,003219,,,=== Intersection ===,,Dot
003220,003220,,,=== City ===,,Dot
003221,003221,,,=== City ===,,Dot
003223,003223,,,=== Point of Interest ===,,Dot
003224,003224,,,=== Point of Interest ===,,Dot
003225,003225,,,=== Point of Interest ===,,Dot
003226,003226,,,=== Point of Interest ===,,Dot
003227,003227,44.586115,-92.443729,Cross Isabelle Creek,Cross Isabelle Creek,Dot
003228,003228,44.588124,-92.441280,Climb,Begin 449 Foot Elevation Gain Next 2.3 Miles (Grade:Avg 3.6% Max 5.3%),Dot
003229,003229,44.588823,-92.398562,Summit,End 449 Foot Elevation Gain,Dot
003230,003230,,,=== City ===,,Dot
003231,003231,,,=== City ===,,Dot
003232,003232,,,=== City ===,,Dot
003233,003233,,,=== City ===,,Dot
003235,003235,,,=== Point of Interest ===,,Dot
003236,003236,,,=== Point of Interest ===,,Dot
003237,003237,,,=== Point of Interest ===,,Dot
003238,003238,,,=== Point of Interest ===,,Dot
003239,003239,44.570109,-92.328802,Rush River,Rush River,Dot
003240,003240,,,=== City ===,,Dot
003241,003241,,,=== City ===,,Dot
003242,003242,,,=== City ===,,Dot
003243,003243,,,=== City ===,,Dot
003245,003245,,,=== Point of Interest ===,,Dot
003246,003246,,,=== Point of Interest ===,,Dot
003247,003247,,,=== Point of Interest ===,,Dot
003248,003248,,,=== Point of Interest ===,,Dot
003249,003249,44.542760,-92.295010,Cross Pine Creek,Cross Pine Creek,Dot
003250,003250,44.535805,-92.296213,Cross Little Pine Creek,Cross Little Pine Creek,Dot
003251,003251,,,=== City ===,,Dot
003252,003252,,,=== Intersection ===,,Dot
003253,003253,,,=== City ===,,Dot
003254,003254,,,=== City ===,,Dot
003256,003256,,,=== Point of Interest ===,,Dot
003257,003257,,,=== Point of Interest ===,,Dot
003258,003258,,,=== Point of Interest ===,,Dot
003259,003259,,,=== Intersection ===,,Dot
003260,003260,,,=== Intersection ===,,Dot
003261,003261,,,=== Intersection ===,,Dot
003262,003262,,,=== Intersection ===,,Dot
003264,003264,,,=== Point of Interest ===,,Dot
003265,003265,,,=== Point of Interest ===,,Dot
003266,003266,,,=== Point of Interest ===,,Dot
003267,003267,,,=== City ===,,Dot
003268,003268,,,=== City ===,,Dot
003269,003269,,,=== City ===,,Dot
003270,003270,,,=== City ===,,Dot
003272,003272,,,=== Point of Interest ===,,Dot
003273,003273,,,=== Point of Interest ===,,Dot
003274,003274,,,=== Point of Interest ===,,Dot
003275,003275,,,=== Point of Interest ===,,Dot
003276,003276,44.475622,-92.242974,Cross Horse Thief Coulee,Cross Horse Thief Coulee,Dot
003277,003277,,,=== Intersection ===,,Dot
003278,003278,,,=== Intersection ===,,Dot
003279,003279,,,=== Intersection ===,,Dot
003280,003280,,,=== Intersection ===,,Dot
003282,003282,,,=== Point of Interest ===,,Dot
003283,003283,,,=== Point of Interest ===,,Dot
003284,003284,,,=== Point of Interest ===,,Dot
003285,003285,,,=== Point of Interest ===,,Dot
003286,003286,44.460986,-92.214288,Cross Bogus Creek,Cross Bogus Creek,Dot
003287,003287,44.459032,-92.202976,Cross Lost Creek,Cross Lost Creek,Dot
003288,003288,,,=== Intersection ===,,Dot
003289,003289,,,=== Intersection ===,,Dot
003290,003290,,,=== Intersection ===,,Dot
003291,003291,,,=== Intersection ===,,Dot
003293,003293,,,=== Point of Interest ===,,Dot
003294,003294,,,=== Point of Interest ===,,Dot
003295,003295,,,=== Point of Interest ===,,Dot
003296,003296,,,=== City ===,,Dot
003297,003297,,,=== City ===,,Dot
003298,003298,,,=== City ===,,Dot
003299,003299,,,=== City ===,,Dot
003301,003301,,,=== Point of Interest ===,,Dot
003302,003302,,,=== Point of Interest ===,,Dot
003303,003303,,,=== Point of Interest ===,,Dot
003304,003304,,,=== Intersection ===,,Dot
003305,003305,,,=== Intersection ===,,Dot
003306,003306,,,=== Intersection ===,,Dot
003307,003307,,,=== Intersection ===,,Dot
003310,003310,,,=== Point of Interest ===,,Dot
003311,003311,,,=== Point of Interest ===,,Dot
003312,003312,,,=== Point of Interest ===,,Dot
003313,003313,,,=== City ===,,Dot
003314,003314,,,=== Intersection ===,,Dot
003315,003315,,,=== City ===,,Dot
003316,003316,,,=== City ===,,Dot
003318,003318,,,=== Point of Interest ===,,Dot
003319,003319,,,=== Point of Interest ===,,Dot
003320,003320,,,=== Point of Interest ===,,Dot
003321,003321,,,=== Point of Interest ===,,Dot
003322,003322,44.436943,-92.074482,Chippewa River,Chippewa River,Dot
003323,003323,44.434804,-92.049272,Cross Buffalo Slough,Cross Buffalo Slough,Dot
003324,003324,44.434061,-92.024536,Cross Shively Slough,Cross Shively Slough,Dot
003325,003325,,,=== City ===,,Dot
003326,003326,,,=== Intersection ===,,Dot
003327,003327,,,=== City ===,,Dot
003328,003328,,,=== City ===,,Dot
003330,003330,,,=== Point of Interest ===,,Dot
003331,003331,,,=== Point of Interest ===,,Dot
003332,003332,,,=== Point of Interest ===,,Dot
003333,003333,,,=== Point of Interest ===,,Dot
003334,003334,44.432023,-92.010103,By Golly Creek,By Golly Creek,Dot
003335,003335,,,=== City ===,,Dot
003336,003336,,,=== City ===,,Dot
003337,003337,,,=== City ===,,Dot
003338,003338,,,=== City ===,,Dot
003340,003340,,,=== Point of Interest ===,,Dot
003341,003341,,,=== Point of Interest ===,,Dot
003342,003342,,,=== Intersection ===,,Dot
003343,003343,,,=== City ===,,Dot
003344,003344,,,=== City ===,,Dot
003346,003346,,,=== Point of Interest ===,,Dot
003347,003347,,,=== Point of Interest ===,,Dot
003348,003348,,,=== Point of Interest ===,,Dot
003349,003349,,,=== Point of Interest ===,,Dot
003350,003350,44.391743,-91.970795,Deer Creek,Deer Creek,Dot
003351,003351,44.363797,-91.945611,Cross Spring Creek,Cross Spring Creek,Dot
003352,003352,44.352269,-91.930134,Buffalo River,Buffalo River,Dot
003353,003353,,,=== City ===,,Dot
003354,003354,,,=== Intersection ===,,Dot
003355,003355,,,=== City ===,,Dot
003356,003356,,,=== City ===,,Dot
003358,003358,,,=== Point of Interest ===,,Dot
003359,003359,,,=== Point of Interest ===,,Dot
003360,003360,,,=== Point of Interest ===,,Dot
003361,003361,,,=== Intersection ===,,Dot
003362,003362,,,=== Intersection ===,,Dot
003363,003363,,,=== Intersection ===,,Dot
003364,003364,,,=== Intersection ===,,Dot
003366,003366,,,=== Point of Interest ===,,Dot
003367,003367,,,=== Point of Interest ===,,Dot
003368,003368,,,=== Point of Interest ===,,Dot
003369,003369,,,=== City ===,,Dot
003370,003370,,,=== City ===,,Dot
003371,003371,,,=== City ===,,Dot
003372,003372,,,=== City ===,,Dot
003374,003374,,,=== Point of Interest ===,,Dot
003375,003375,,,=== Point of Interest ===,,Dot
003376,003376,,,=== Point of Interest ===,,Dot
003377,003377,,,=== Intersection ===,,Dot
003378,003378,,,=== City ===,,Dot
003379,003379,,,=== City ===,,Dot
003380,003380,,,=== City ===,,Dot
003382,003382,,,=== Point of Interest ===,,Dot
003383,003383,,,=== Point of Interest ===,,Dot
003384,003384,,,=== Intersection ===,,Dot
003385,003385,,,=== Intersection ===,,Dot
003386,003386,,,=== Intersection ===,,Dot
003388,003388,,,=== Point of Interest ===,,Dot
003389,003389,,,=== Point of Interest ===,,Dot
003390,003390,,,=== City ===,,Dot
003391,003391,,,=== City ===,,Dot
003392,003392,,,=== City ===,,Dot
003394,003394,,,=== Point of Interest ===,,Dot
003395,003395,,,=== Point of Interest ===,,Dot
003396,003396,,,=== Point of Interest ===,,Dot
003397,003397,,,=== City ===,,Dot
003398,003398,,,=== City ===,,Dot
003399,003399,,,=== City ===,,Dot
003400,003400,,,=== City ===,,Dot
003402,003402,,,=== Point of Interest ===,,Dot
003403,003403,,,=== Point of Interest ===,,Dot
003404,003404,,,=== Point of Interest ===,,Dot
003405,003405,,,=== Intersection ===,,Dot
003406,003406,,,=== City ===,,Dot
003407,003407,,,=== City ===,,Dot
003408,003408,,,=== City ===,,Dot
003411,003411,,,=== Point of Interest ===,,Dot
003412,003412,,,=== Point of Interest ===,,Dot
003413,003413,,,=== Point of Interest ===,,Dot
003414,003414,,,=== City ===,,Dot
003415,003415,,,=== Intersection ===,,Dot
003416,003416,,,=== City ===,,Dot
003417,003417,,,=== City ===,,Dot
003419,003419,,,=== Point of Interest ===,,Dot
003420,003420,,,=== Point of Interest ===,,Dot
003421,003421,,,=== Point of Interest ===,,Dot
003422,003422,,,=== Intersection ===,,Dot
003423,003423,,,=== Intersection ===,,Dot
003424,003424,,,=== Intersection ===,,Dot
003425,003425,,,=== Intersection ===,,Dot
003427,003427,,,=== Point of Interest ===,,Dot
003428,003428,,,=== Point of Interest ===,,Dot
003429,003429,,,=== Point of Interest ===,,Dot
003430,003430,,,=== City ===,,Dot
003431,003431,,,=== Intersection ===,,Dot
003432,003432,,,=== City ===,,Dot
003433,003433,,,=== City ===,,Dot
003435,003435,,,=== Point of Interest ===,,Dot
003436,003436,,,=== Point of Interest ===,,Dot
003437,003437,,,=== Point of Interest ===,,Dot
003438,003438,,,=== Point of Interest ===,,Dot
003439,003439,44.151118,-91.740377,Cross Waumandee Creek,Cross Waumandee Creek,Dot
003440,003440,,,=== City ===,,Dot
003441,003441,,,=== Intersection ===,,Dot
003442,003442,,,=== City ===,,Dot
003443,003443,,,=== City ===,,Dot
003445,003445,,,=== Point of Interest ===,,Dot
003446,003446,,,=== Point of Interest ===,,Dot
003447,003447,,,=== Point of Interest ===,,Dot
003448,003448,,,=== Intersection ===,,Dot
003449,003449,,,=== Intersection ===,,Dot
003450,003450,,,=== Intersection ===,,Dot
003451,003451,,,=== Intersection ===,,Dot
003453,003453,,,=== Point of Interest ===,,Dot
003454,003454,,,=== Point of Interest ===,,Dot
003455,003455,,,=== Point of Interest ===,,Dot
003456,003456,,,=== City ===,,Dot
003457,003457,,,=== Intersection ===,,Dot
003458,003458,,,=== City ===,,Dot
003459,003459,,,=== City ===,,Dot
003461,003461,,,=== Point of Interest ===,,Dot
003462,003462,,,=== Point of Interest ===,,Dot
003463,003463,,,=== Point of Interest ===,,Dot
003464,003464,,,=== Intersection ===,,Dot
003465,003465,,,=== Intersection ===,,Dot
003466,003466,,,=== Intersection ===,,Dot
003467,003467,,,=== Intersection ===,,Dot
003474,003474,,,=== Point of Interest ===,,Dot
003475,003475,,,=== Point of Interest ===,,Dot
003476,003476,,,=== Point of Interest ===,,Dot
003477,003477,,,=== Point of Interest ===,,Dot
003478,003478,44.029750,-91.622310,"At roundabout, take exit 2 onto Mankato Avenue, Homer Road, ","At roundabout, take exit 2 onto Mankato Avenue, Homer Road, MN 43",Dot
003479,003479,44.029638,-91.622423,Cross US Route 14/61,Cross US Route 14/61,Dot
003480,003480,,,=== Intersection ===,,Dot
003481,003481,,,=== Intersection ===,,Dot
003482,003482,,,=== Intersection ===,,Dot
003483,003483,,,=== Intersection ===,,Dot
003485,003485,,,=== Point of Interest ===,,Dot
003486,003486,,,=== Point of Interest ===,,Dot
003487,003487,,,=== Point of Interest ===,,Dot
003488,003488,,,=== Point of Interest ===,,Dot
003489,003489,44.020260,-91.616020,"At roundabout, take exit 2 onto Homer Road, CR 15","At roundabout, take exit 2 onto Homer Road, CR 15",Dot
003490,003490,44.019987,-91.602553,Cross Pleasant Valley Creek,Cross Pleasant Valley Creek,Dot
003491,003491,,,=== Intersection ===,,Dot
003492,003492,,,=== Intersection ===,,Dot
003493,003493,,,=== Intersection ===,,Dot
003494,003494,,,=== Intersection ===,,Dot
003496,003496,,,=== Point of Interest ===,,Dot
003497,003497,,,=== Point of Interest ===,,Dot
003498,003498,,,=== Point of Interest ===,,Dot
003499,003499,,,=== Point of Interest ===,,Dot
003500,003500,44.020503,-91.552791,Cross Homer Creek,Cross Homer Creek,Dot
003501,003501,,,=== Intersection ===,,Dot
003502,003502,,,=== Intersection ===,,Dot
003503,003503,,,=== Intersection ===,,Dot
003504,003504,,,=== Intersection ===,,Dot
003508,003508,,,=== Point of Interest ===,,Dot
003509,003509,,,=== Point of Interest ===,,Dot
003510,003510,,,=== Point of Interest ===,,Dot
003511,003511,,,=== Point of Interest ===,,Dot
003512,003512,43.996379,-91.460745,Trout Creek,Trout Creek,Dot
003513,003513,43.996331,-91.460635,Cross Big Trout Creek,Cross Big Trout Creek,Dot
003514,003514,,,=== Intersection ===,,Dot
003515,003515,,,=== Intersection ===,,Dot
003516,003516,,,=== Intersection ===,,Dot
003517,003517,,,=== Intersection ===,,Dot
003519,003519,,,=== Point of Interest ===,,Dot
003520,003520,,,=== Point of Interest ===,,Dot
003521,003521,,,=== Point of Interest ===,,Dot
003522,003522,,,=== City ===,,Dot
003523,003523,,,=== Intersection ===,,Dot
003524,003524,,,=== City ===,,Dot
003525,003525,,,=== City ===,,Dot
003527,003527,,,=== Point of Interest ===,,Dot
003528,003528,,,=== Point of Interest ===,,Dot
003529,003529,,,=== Point of Interest ===,,Dot
003530,003530,,,=== Intersection ===,,Dot
003531,003531,,,=== Intersection ===,,Dot
003532,003532,,,=== Intersection ===,,Dot
003533,003533,,,=== Intersection ===,,Dot
003536,003536,,,=== Point of Interest ===,,Dot
003537,003537,,,=== Point of Interest ===,,Dot
003538,003538,,,=== Point of Interest ===,,Dot
003539,003539,,,=== Point of Interest ===,,Dot
003540,003540,43.919301,-91.363261,Cross Over US Route 14/61,Cross Over US Route 14/61,Dot
003541,003541,,,=== Intersection ===,,Dot
003542,003542,,,=== Intersection ===,,Dot
003543,003543,,,=== Intersection ===,,Dot
003544,003544,,,=== Intersection ===,,Dot
003546,003546,,,=== Point of Interest ===,,Dot
003547,003547,,,=== Point of Interest ===,,Dot
003548,003548,,,=== Point of Interest ===,,Dot
003549,003549,,,=== Point of Interest ===,,Dot
003550,003550,43.916679,-91.360686,Cross Dakota Creek,Cross Dakota Creek,Dot
003551,003551,,,=== Intersection ===,,Dot
003552,003552,,,=== Intersection ===,,Dot
003553,003553,,,=== Intersection ===,,Dot
003554,003554,,,=== Intersection ===,,Dot
003558,003558,,,=== Point of Interest ===,,Dot
003559,003559,,,=== Point of Interest ===,,Dot
003560,003560,,,=== Point of Interest ===,,Dot
003561,003561,,,=== Point of Interest ===,,Dot
003562,003562,43.859136,-91.307883,Cross Under Interstate Hwy 90,Cross Under Interstate Hwy 90,Dot
003563,003563,,,=== City ===,,Dot
003564,003564,,,=== Intersection ===,,Dot
003565,003565,,,=== City ===,,Dot
003566,003566,,,=== City ===,,Dot
003568,003568,,,=== Point of Interest ===,,Dot
003569,003569,,,=== Point of Interest ===,,Dot
003570,003570,,,=== Point of Interest ===,,Dot
003571,003571,,,=== Point of Interest ===,,Dot
003572,003572,43.825612,-91.302423,Cross Under US Route 14/16,Cross Under US Route 14/16,Dot
003573,003573,,,=== Intersection ===,,Dot
003574,003574,,,=== Intersection ===,,Dot
003575,003575,,,=== Intersection ===,,Dot
003576,003576,,,=== Intersection ===,,Dot
003583,003583,,,=== Point of Interest ===,,Dot
003584,003584,,,=== Point of Interest ===,,Dot
003585,003585,,,=== Point of Interest ===,,Dot
003586,003586,,,=== City ===,,Dot
003587,003587,,,=== Intersection ===,,Dot
003588,003588,,,=== City ===,,Dot
003589,003589,,,=== City ===,,Dot
003592,003592,,,=== Point of Interest ===,,Dot
003593,003593,,,=== Point of Interest ===,,Dot
003594,003594,,,=== Point of Interest ===,,Dot
003595,003595,,,=== Intersection ===,,Dot
003596,003596,,,=== Intersection ===,,Dot
003597,003597,,,=== Intersection ===,,Dot
003598,003598,,,=== Intersection ===,,Dot
003605,003605,,,=== Point of Interest ===,,Dot
003606,003606,,,=== Point of Interest ===,,Dot
003607,003607,,,=== Point of Interest ===,,Dot
003608,003608,,,=== City ===,,Dot
003609,003609,,,=== City ===,,Dot
003610,003610,,,=== City ===,,Dot
003612,003612,,,=== Point of Interest ===,,Dot
003613,003613,,,=== Point of Interest ===,,Dot
003614,003614,,,=== Point of Interest ===,,Dot
003615,003615,43.783389,-91.208844,Cross Pammel Creek,Cross Pammel Creek,Dot
003616,003616,,,=== Intersection ===,,Dot
003617,003617,,,=== Intersection ===,,Dot
003618,003618,,,=== Intersection ===,,Dot
003619,003619,,,=== Intersection ===,,Dot
003621,003621,,,=== Point of Interest ===,,Dot
003622,003622,,,=== Point of Interest ===,,Dot
003623,003623,,,=== Point of Interest ===,,Dot
003624,003624,,,=== City ===,,Dot
003625,003625,,,=== Intersection ===,,Dot
003626,003626,,,=== City ===,,Dot
003627,003627,,,=== City ===,,Dot
003632,003632,,,=== Point of Interest ===,,Dot
003633,003633,,,=== Point of Interest ===,,Dot
003634,003634,,,=== Point of Interest ===,,Dot
003635,003635,,,=== City ===,,Dot
003636,003636,,,=== City ===,,Dot
003638,003638,,,=== Point of Interest ===,,Dot
003639,003639,,,=== Point of Interest ===,,Dot
003640,003640,,,=== Intersection ===,,Dot
003641,003641,,,=== Intersection ===,,Dot
003642,003642,,,=== Intersection ===,,Dot
003643,003643,,,=== Intersection ===,,Dot
003645,003645,,,=== Point of Interest ===,,Dot
003646,003646,,,=== Point of Interest ===,,Dot
003647,003647,,,=== Point of Interest ===,,Dot
003648,003648,,,=== City ===,,Dot
003649,003649,,,=== City ===,,Dot
003650,003650,,,=== City ===,,Dot
003651,003651,,,=== City ===,,Dot
003653,003653,,,=== Point of Interest ===,,Dot
003654,003654,,,=== Point of Interest ===,,Dot
003655,003655,,,=== Intersection ===,,Dot
003656,003656,,,=== City ===,,Dot
003657,003657,,,=== City ===,,Dot
003659,003659,,,=== Point of Interest ===,,Dot
003660,003660,,,=== Point of Interest ===,,Dot
003661,003661,,,=== Point of Interest ===,,Dot
003662,003662,,,=== City ===,,Dot
003663,003663,,,=== City ===,,Dot
003665,003665,,,=== Point of Interest ===,,Dot
003666,003666,,,=== Point of Interest ===,,Dot
003667,003667,,,=== Point of Interest ===,,Dot
003668,003668,43.721862,-91.200669,Cross Chipmunk Coulee,Cross Chipmunk Coulee,Dot
003669,003669,,,=== City ===,,Dot
003670,003670,,,=== Intersection ===,,Dot
003671,003671,,,=== City ===,,Dot
003672,003672,,,=== City ===,,Dot
003674,003674,,,=== Point of Interest ===,,Dot
003675,003675,,,=== Point of Interest ===,,Dot
003676,003676,,,=== Point of Interest ===,,Dot
003677,003677,,,=== Point of Interest ===,,Dot
003678,003678,43.647543,-91.219151,Coon Creek,Coon Creek,Dot
003679,003679,43.607039,-91.221584,Cross Spring Coulee,Cross Spring Coulee,Dot
003680,003680,,,=== City ===,,Dot
003681,003681,,,=== Intersection ===,,Dot
003682,003682,,,=== City ===,,Dot
003683,003683,,,=== City ===,,Dot
003685,003685,,,=== Point of Interest ===,,Dot
003686,003686,,,=== Point of Interest ===,,Dot
003687,003687,,,=== City ===,,Dot
003688,003688,,,=== City ===,,Dot
003689,003689,,,=== City ===,,Dot
003691,003691,,,=== Point of Interest ===,,Dot
003692,003692,,,=== Point of Interest ===,,Dot
003693,003693,,,=== Point of Interest ===,,Dot
003694,003694,,,=== Intersection ===,,Dot
003695,003695,,,=== Intersection ===,,Dot
003696,003696,,,=== Intersection ===,,Dot
003697,003697,,,=== Intersection ===,,Dot
003699,003699,,,=== Point of Interest ===,,Dot
003700,003700,,,=== Point of Interest ===,,Dot
003701,003701,,,=== Point of Interest ===,,Dot
003702,003702,,,=== City ===,,Dot
003703,003703,,,=== Intersection ===,,Dot
003704,003704,,,=== City ===,,Dot
003705,003705,,,=== City ===,,Dot
003707,003707,,,=== Point of Interest ===,,Dot
003708,003708,,,=== Point of Interest ===,,Dot
003709,003709,,,=== Point of Interest ===,,Dot
003710,003710,,,=== Point of Interest ===,,Dot
003711,003711,43.521016,-91.215415,Bad Axe River,Bad Axe River,Dot
003712,003712,,,=== City ===,,Dot
003713,003713,,,=== City ===,,Dot
003714,003714,,,=== City ===,,Dot
003715,003715,,,=== City ===,,Dot
003717,003717,,,=== Point of Interest ===,,Dot
003718,003718,,,=== Point of Interest ===,,Dot
003719,003719,,,=== Point of Interest ===,,Dot
003720,003720,,,=== Intersection ===,,Dot
003721,003721,,,=== Intersection ===,,Dot
003722,003722,,,=== Intersection ===,,Dot
003723,003723,,,=== Intersection ===,,Dot
003725,003725,,,=== Point of Interest ===,,Dot
003726,003726,,,=== Point of Interest ===,,Dot
003727,003727,,,=== Point of Interest ===,,Dot
003728,003728,,,=== City ===,,Dot
003729,003729,,,=== City ===,,Dot
003730,003730,,,=== City ===,,Dot
003731,003731,,,=== City ===,,Dot
003733,003733,,,=== Point of Interest ===,,Dot
003734,003734,,,=== Point of Interest ===,,Dot
003735,003735,,,=== Intersection ===,,Dot
003736,003736,,,=== City ===,,Dot
003737,003737,,,=== City ===,,Dot
003739,003739,,,=== Point of Interest ===,,Dot
003740,003740,,,=== Point of Interest ===,,Dot
003741,003741,,,=== Point of Interest ===,,Dot
003742,003742,,,=== Point of Interest ===,,Dot
003743,003743,43.368054,-91.139655,Rush Creek,Rush Creek,Dot
003744,003744,,,=== City ===,,Dot
003745,003745,,,=== City ===,,Dot
003746,003746,,,=== City ===,,Dot
003747,003747,,,=== City ===,,Dot
003749,003749,,,=== Point of Interest ===,,Dot
003750,003750,,,=== Point of Interest ===,,Dot
003751,003751,,,=== Point of Interest ===,,Dot
003752,003752,,,=== Point of Interest ===,,Dot
003753,003753,43.330999,-91.070087,Buck Creek,Buck Creek,Dot
003754,003754,,,=== City ===,,Dot
003755,003755,,,=== Intersection ===,,Dot
003756,003756,,,=== City ===,,Dot
003757,003757,,,=== City ===,,Dot
003759,003759,,,=== Point of Interest ===,,Dot
003760,003760,,,=== Point of Interest ===,,Dot
003761,003761,,,=== Point of Interest ===,,Dot
003762,003762,,,=== Point of Interest ===,,Dot
003763,003763,43.315843,-91.058726,Copper Creek,Copper Creek,Dot
003764,003764,,,=== Intersection ===,,Dot
003765,003765,,,=== Intersection ===,,Dot
003766,003766,,,=== Intersection ===,,Dot
003767,003767,,,=== Intersection ===,,Dot
003769,003769,,,=== Point of Interest ===,,Dot
003770,003770,,,=== Point of Interest ===,,Dot
003771,003771,,,=== Point of Interest ===,,Dot
003772,003772,,,=== City ===,,Dot
003773,003773,,,=== City ===,,Dot
003774,003774,,,=== City ===,,Dot
003775,003775,,,=== City ===,,Dot
003777,003777,,,=== Point of Interest ===,,Dot
003778,003778,,,=== Point of Interest ===,,Dot
003779,003779,,,=== Intersection ===,,Dot
003780,003780,,,=== City ===,,Dot
003781,003781,,,=== City ===,,Dot
003783,003783,,,=== Point of Interest ===,,Dot
003784,003784,,,=== Point of Interest ===,,Dot
003785,003785,,,=== Point of Interest ===,,Dot
003786,003786,,,=== Intersection ===,,Dot
003787,003787,,,=== Intersection ===,,Dot
003788,003788,,,=== Intersection ===,,Dot
003789,003789,,,=== Intersection ===,,Dot
003791,003791,,,=== Point of Interest ===,,Dot
003792,003792,,,=== Point of Interest ===,,Dot
003793,003793,,,=== Point of Interest ===,,Dot
003794,003794,,,=== Point of Interest ===,,Dot
003795,003795,43.140723,-91.142762,Picatee Creek,Picatee Creek,Dot
003796,003796,,,=== City ===,,Dot
003797,003797,,,=== Intersection ===,,Dot
003798,003798,,,=== City ===,,Dot
003799,003799,,,=== City ===,,Dot
003802,003802,,,=== Point of Interest ===,,Dot
003803,003803,,,=== Point of Interest ===,,Dot
003804,003804,,,=== Point of Interest ===,,Dot
003805,003805,,,=== Intersection ===,,Dot
003806,003806,,,=== Intersection ===,,Dot
003807,003807,,,=== Intersection ===,,Dot
003808,003808,,,=== Intersection ===,,Dot
003810,003810,,,=== Point of Interest ===,,Dot
003811,003811,,,=== Point of Interest ===,,Dot
003812,003812,,,=== Point of Interest ===,,Dot
003813,003813,,,=== City ===,,Dot
003814,003814,,,=== Intersection ===,,Dot
003815,003815,,,=== City ===,,Dot
003816,003816,,,=== City ===,,Dot
003827,003827,,,=== Point of Interest ===,,Dot
003828,003828,,,=== Point of Interest ===,,Dot
003829,003829,,,=== Point of Interest ===,,Dot
003830,003830,,,=== Intersection ===,,Dot
003831,003831,,,=== Intersection ===,,Dot
003832,003832,,,=== Intersection ===,,Dot
003833,003833,,,=== Intersection ===,,Dot
003836,003836,,,=== Point of Interest ===,,Dot
003837,003837,,,=== Point of Interest ===,,Dot
003838,003838,,,=== Point of Interest ===,,Dot
003839,003839,,,=== City ===,,Dot
003840,003840,,,=== Intersection ===,,Dot
003841,003841,,,=== City ===,,Dot
003842,003842,,,=== City ===,,Dot
003844,003844,,,=== Point of Interest ===,,Dot
003845,003845,,,=== Point of Interest ===,,Dot
003846,003846,,,=== Point of Interest ===,,Dot
003847,003847,,,=== Intersection ===,,Dot
003848,003848,,,=== Intersection ===,,Dot
003849,003849,,,=== Intersection ===,,Dot
003850,003850,,,=== Intersection ===,,Dot
003852,003852,,,=== Point of Interest ===,,Dot
003853,003853,,,=== Point of Interest ===,,Dot
003854,003854,,,=== Point of Interest ===,,Dot
003855,003855,,,=== Point of Interest ===,,Dot
003856,003856,43.086155,-91.182458,Yellow River,Yellow River,Dot
003857,003857,,,=== Intersection ===,,Dot
003858,003858,,,=== Intersection ===,,Dot
003859,003859,,,=== Intersection ===,,Dot
003860,003860,,,=== Intersection ===,,Dot
003863,003863,,,=== Point of Interest ===,,Dot
003864,003864,,,=== Point of Interest ===,,Dot
003865,003865,,,=== Point of Interest ===,,Dot
003866,003866,,,=== City ===,,Dot
003867,003867,,,=== City ===,,Dot
003868,003868,,,=== City ===,,Dot
003870,003870,,,=== Point of Interest ===,,Dot
003871,003871,,,=== Point of Interest ===,,Dot
003872,003872,,,=== Intersection ===,,Dot
003873,003873,,,=== Intersection ===,,Dot
003874,003874,,,=== Intersection ===,,Dot
003875,003875,,,=== Intersection ===,,Dot
003877,003877,,,=== Point of Interest ===,,Dot
003878,003878,,,=== Point of Interest ===,,Dot
003879,003879,,,=== Point of Interest ===,,Dot
003880,003880,,,=== City ===,,Dot
003881,003881,,,=== Intersection ===,,Dot
003882,003882,,,=== City ===,,Dot
003883,003883,,,=== City ===,,Dot
003885,003885,,,=== Point of Interest ===,,Dot
003886,003886,,,=== Point of Interest ===,,Dot
003887,003887,,,=== Point of Interest ===,,Dot
003888,003888,,,=== Point of Interest ===,,Dot
003889,003889,43.086160,-91.182464,Yellow River,Yellow River,Dot
003890,003890,,,=== Intersection ===,,Dot
003891,003891,,,=== Intersection ===,,Dot
003892,003892,,,=== Intersection ===,,Dot
003893,003893,,,=== Intersection ===,,Dot
003895,003895,,,=== Point of Interest ===,,Dot
003896,003896,,,=== Point of Interest ===,,Dot
003897,003897,,,=== Point of Interest ===,,Dot
003898,003898,,,=== City ===,,Dot
003899,003899,,,=== Intersection ===,,Dot
003900,003900,,,=== City ===,,Dot
003901,003901,,,=== City ===,,Dot
003903,003903,,,=== Point of Interest ===,,Dot
003904,003904,,,=== Point of Interest ===,,Dot
003905,003905,,,=== Point of Interest ===,,Dot
003906,003906,,,=== Point of Interest ===,,Dot
003907,003907,43.041619,-91.178054,Cross Bloody Run,Cross Bloody Run,Dot
003908,003908,43.022134,-91.178318,Climb,Begin 476 Foot Elevation Gain Next 2.2 Miles (Grade:Avg 4.2% Max 8.6%),Dot
003909,003909,,,=== City ===,,Dot
003910,003910,,,=== City ===,,Dot
003911,003911,,,=== City ===,,Dot
003912,003912,,,=== City ===,,Dot
003914,003914,,,=== Point of Interest ===,,Dot
003915,003915,,,=== Point of Interest ===,,Dot
003916,003916,,,=== Point of Interest ===,,Dot
003917,003917,,,=== Intersection ===,,Dot
003918,003918,,,=== Intersection ===,,Dot
003919,003919,,,=== Intersection ===,,Dot
003920,003920,,,=== Intersection ===,,Dot
003923,003923,,,=== Point of Interest ===,,Dot
003924,003924,,,=== Point of Interest ===,,Dot
003925,003925,,,=== Point of Interest ===,,Dot
003926,003926,,,=== Point of Interest ===,,Dot
003927,003927,42.993914,-91.173060,Summit,End 476 Foot Elevation Gain,Dot
003928,003928,,,=== City ===,,Dot
003929,003929,,,=== City ===,,Dot
003930,003930,,,=== City ===,,Dot
003932,003932,,,=== Point of Interest ===,,Dot
003933,003933,,,=== Point of Interest ===,,Dot
003934,003934,,,=== Point of Interest ===,,Dot
003935,003935,42.937944,-91.177483,Climb,Begin 454 Foot Elevation Gain Next 1.9 Miles (Grade:Avg 4.5% Max 9.0%),Dot
003936,003936,42.910538,-91.176598,Summit,End 454 Foot Elevation Gain,Dot
003937,003937,,,=== Intersection ===,,Dot
003938,003938,,,=== Intersection ===,,Dot
003939,003939,,,=== Intersection ===,,Dot
003940,003940,,,=== Intersection ===,,Dot
003942,003942,,,=== Point of Interest ===,,Dot
003943,003943,,,=== Point of Interest ===,,Dot
003944,003944,,,=== Point of Interest ===,,Dot
003945,003945,,,=== Point of Interest ===,,Dot
003946,003946,42.825162,-91.109226,Cross Buck Creek,Cross Buck Creek,Dot
003947,003947,,,=== Intersection ===,,Dot
003948,003948,,,=== Intersection ===,,Dot
003949,003949,,,=== Intersection ===,,Dot
003950,003950,,,=== Intersection ===,,Dot
003955,003955,,,=== Point of Interest ===,,Dot
003956,003956,,,=== Point of Interest ===,,Dot
003957,003957,,,=== Point of Interest ===,,Dot
003958,003958,,,=== City ===,,Dot
003959,003959,,,=== City ===,,Dot
003960,003960,,,=== City ===,,Dot
003961,003961,,,=== City ===,,Dot
003963,003963,,,=== Point of Interest ===,,Dot
003964,003964,,,=== Point of Interest ===,,Dot
003965,003965,,,=== Point of Interest ===,,Dot
003966,003966,,,=== Intersection ===,,Dot
003967,003967,,,=== Intersection ===,,Dot
003968,003968,,,=== Intersection ===,,Dot
003969,003969,,,=== Intersection ===,,Dot
003971,003971,,,=== Point of Interest ===,,Dot
003972,003972,,,=== Point of Interest ===,,Dot
003973,003973,,,=== Point of Interest ===,,Dot
003974,003974,,,=== Point of Interest ===,,Dot
003975,003975,42.767956,-91.099766,Cross Miners Creek,Cross Miners Creek,Dot
003976,003976,,,=== Intersection ===,,Dot
003977,003977,,,=== Intersection ===,,Dot
003978,003978,,,=== Intersection ===,,Dot
003979,003979,,,=== Intersection ===,,Dot
003981,003981,,,=== Point of Interest ===,,Dot
003982,003982,,,=== Point of Interest ===,,Dot
003983,003983,,,=== Point of Interest ===,,Dot
003984,003984,,,=== Point of Interest ===,,Dot
003985,003985,42.754964,-91.094251,Climb,Begin 321 Foot Elevation Gain Next 1.2 Miles (Grade:Avg 4.6% Max 7.6%),Dot
003986,003986,42.740260,-91.085639,Summit,End 321 Foot Elevation Gain,Dot
003987,003987,42.707838,-91.075713,Cross Turkey River,Cross Turkey River,Dot
003988,003988,,,=== Intersection ===,,Dot
003989,003989,,,=== Intersection ===,,Dot
003990,003990,,,=== Intersection ===,,Dot
003991,003991,,,=== Intersection ===,,Dot
003993,003993,,,=== Point of Interest ===,,Dot
003994,003994,,,=== Point of Interest ===,,Dot
003995,003995,,,=== Point of Interest ===,,Dot
003996,003996,,,=== Point of Interest ===,,Dot
003997,003997,42.703544,-91.073447,Cross Little Turkey River,Cross Little Turkey River,Dot
003998,003998,42.703051,-91.034335,Cross Bluebell Creek,Cross Bluebell Creek,Dot
003999,003999,,,=== Intersection ===,,Dot
004000,004000,,,=== Intersection ===,,Dot
004001,004001,,,=== Intersection ===,,Dot
004002,004002,,,=== Intersection ===,,Dot
004014,004014,,,=== Point of Interest ===,,Dot
004015,004015,,,=== Point of Interest ===,,Dot
004016,004016,,,=== Point of Interest ===,,Dot
004017,004017,,,=== Intersection ===,,Dot
004018,004018,,,=== Intersection ===,,Dot
004019,004019,,,=== Intersection ===,,Dot
004020,004020,,,=== Intersection ===,,Dot
004022,004022,,,=== Point of Interest ===,,Dot
004023,004023,,,=== Point of Interest ===,,Dot
004024,004024,,,=== Point of Interest ===,,Dot
004025,004025,,,=== City ===,,Dot
004026,004026,,,=== Intersection ===,,Dot
004027,004027,,,=== City ===,,Dot
004028,004028,,,=== City ===,,Dot
004030,004030,,,=== Point of Interest ===,,Dot
004031,004031,,,=== Point of Interest ===,,Dot
004032,004032,,,=== Point of Interest ===,,Dot
004033,004033,,,=== City ===,,Dot
004034,004034,,,=== City ===,,Dot
004036,004036,,,=== Point of Interest ===,,Dot
004037,004037,,,=== Point of Interest ===,,Dot
004038,004038,,,=== Point of Interest ===,,Dot
004039,004039,42.705754,-90.944029,Climb,Begin 285 Foot Elevation Gain Next 1.1 Miles (Grade:Avg 4% Max 7.4%),Dot
004040,004040,42.714539,-90.926360,Summit,End 285 Foot Elevation Gain,Dot
004041,004041,,,=== Intersection ===,,Dot
004042,004042,,,=== Intersection ===,,Dot
004043,004043,,,=== Intersection ===,,Dot
004044,004044,,,=== Intersection ===,,Dot
004046,004046,,,=== Point of Interest ===,,Dot
004047,004047,,,=== Point of Interest ===,,Dot
004048,004048,,,=== Point of Interest ===,,Dot
004049,004049,,,=== Point of Interest ===,,Dot
004050,004050,42.693594,-90.845212,Climb,Begin 289 Foot Elevation Gain Next 1.3 Miles (Grade:Avg 4.6% Max 7.1%),Dot
004051,004051,,,=== Intersection ===,,Dot
004052,004052,,,=== Intersection ===,,Dot
004053,004053,,,=== Intersection ===,,Dot
004054,004054,,,=== Intersection ===,,Dot
004056,004056,,,=== Point of Interest ===,,Dot
004057,004057,,,=== Point of Interest ===,,Dot
004058,004058,,,=== Point of Interest ===,,Dot
004059,004059,,,=== Point of Interest ===,,Dot
004060,004060,42.697030,-90.827849,Summit,End 289 Foot Elevation Gain,Dot
004061,004061,42.677271,-90.757342,Cross Grant River,Cross Grant River,Dot
004062,004062,42.666780,-90.730723,Cross Potosi Creek,Cross Potosi Creek,Dot
004063,004063,,,=== Intersection ===,,Dot
004064,004064,,,=== Intersection ===,,Dot
004065,004065,,,=== Intersection ===,,Dot
004066,004066,,,=== Intersection ===,,Dot
004068,004068,,,=== Point of Interest ===,,Dot
004069,004069,,,=== Point of Interest ===,,Dot
004070,004070,,,=== Point of Interest ===,,Dot
004071,004071,,,=== Point of Interest ===,,Dot
004072,004072,42.652473,-90.689208,Climb,Begin 225 Foot Elevation Gain Next 1.1 Miles (Grade:Avg 3.8% Max 6.5%),Dot
004073,004073,42.650765,-90.671998,Summit,End 225 Foot Elevation Gain,Dot
004074,004074,,,=== City ===,,Dot
004075,004075,,,=== City ===,,Dot
004076,004076,,,=== City ===,,Dot
004079,004079,,,=== Point of Interest ===,,Dot
004080,004080,,,=== Point of Interest ===,,Dot
004081,004081,,,=== Point of Interest ===,,Dot
004082,004082,42.620742,-90.624366,Climb,Begin 227 Foot Elevation Gain Next 1.3 Miles (Grade:Avg 3.0% Max 4.9%),Dot
004083,004083,42.630955,-90.605839,Summit,End 227 Foot Elevation Gain,Dot
004084,004084,,,=== City ===,,Dot
004085,004085,,,=== Intersection ===,,Dot
004086,004086,,,=== City ===,,Dot
004087,004087,,,=== City ===,,Dot
004090,004090,,,=== Point of Interest ===,,Dot
004091,004091,,,=== Point of Interest ===,,Dot
004092,004092,,,=== City ===,,Dot
004093,004093,,,=== City ===,,Dot
004094,004094,,,=== City ===,,Dot
004096,004096,,,=== Point of Interest ===,,Dot
004097,004097,,,=== Point of Interest ===,,Dot
004098,004098,,,=== Intersection ===,,Dot
004099,004099,,,=== City ===,,Dot
004100,004100,,,=== City ===,,Dot
004102,004102,,,=== Point of Interest ===,,Dot
004103,004103,,,=== Point of Interest ===,,Dot
004104,004104,,,=== Point of Interest ===,,Dot
004105,004105,,,=== City ===,,Dot
004106,004106,,,=== City ===,,Dot
004108,004108,,,=== Point of Interest ===,,Dot
004109,004109,,,=== Point of Interest ===,,Dot
004110,004110,,,=== Intersection ===,,Dot
004111,004111,,,=== Intersection ===,,Dot
004112,004112,,,=== Intersection ===,,Dot
004113,004113,,,=== Intersection ===,,Dot
004116,004116,,,=== Point of Interest ===,,Dot
004117,004117,,,=== Point of Interest ===,,Dot
004118,004118,,,=== Point of Interest ===,,Dot
004119,004119,,,=== Point of Interest ===,,Dot
004120,004120,42.578960,-90.642196,Cross Sinnipee Creek,Cross Sinnipee Creek,Dot
004121,004121,,,=== Intersection ===,,Dot
004122,004122,,,=== Intersection ===,,Dot
004123,004123,,,=== Intersection ===,,Dot
004124,004124,,,=== Intersection ===,,Dot
004129,004129,,,=== Point of Interest ===,,Dot
004130,004130,,,=== Point of Interest ===,,Dot
004131,004131,,,=== Point of Interest ===,,Dot
004132,004132,,,=== Point of Interest ===,,Dot
004133,004133,42.544763,-90.622269,Climb,Begin 226 Foot Elevation Gain Next 0.7 Miles (Grade:Avg 6.1% Max 7.9%),Dot
004134,004134,42.543195,-90.610543,Summit,End 226 Foot Elevation Gain,Dot
004135,004135,,,=== Intersection ===,,Dot
004136,004136,,,=== Intersection ===,,Dot
004137,004137,,,=== Intersection ===,,Dot
004138,004138,,,=== Intersection ===,,Dot
004140,004140,,,=== Point of Interest ===,,Dot
004141,004141,,,=== Point of Interest ===,,Dot
004142,004142,,,=== Point of Interest ===,,Dot
004143,004143,,,=== City ===,,Dot
004144,004144,,,=== City ===,,Dot
004145,004145,,,=== City ===,,Dot
004147,004147,,,=== Point of Interest ===,,Dot
004148,004148,,,=== Point of Interest ===,,Dot
004149,004149,,,=== Intersection ===,,Dot
004150,004150,,,=== City ===,,Dot
004151,004151,,,=== City ===,,Dot
004162,004162,,,=== Point of Interest ===,,Dot
004163,004163,,,=== Point of Interest ===,,Dot
004164,004164,,,=== Point of Interest ===,,Dot
004165,004165,,,=== Intersection ===,,Dot
004166,004166,,,=== Intersection ===,,Dot
004167,004167,,,=== Intersection ===,,Dot
004168,004168,,,=== Intersection ===,,Dot
004170,004170,,,=== Point of Interest ===,,Dot
004171,004171,,,=== Point of Interest ===,,Dot
004172,004172,,,=== Point of Interest ===,,Dot
004173,004173,,,=== City ===,,Dot
004174,004174,,,=== City ===,,Dot
004175,004175,,,=== City ===,,Dot
004176,004176,,,=== City ===,,Dot
004178,004178,,,=== Point of Interest ===,,Dot
004179,004179,,,=== Point of Interest ===,,Dot
004180,004180,,,=== Point of Interest ===,,Dot
004181,004181,,,=== Intersection ===,,Dot
004182,004182,,,=== Intersection ===,,Dot
004183,004183,,,=== Intersection ===,,Dot
004184,004184,,,=== Intersection ===,,Dot
004195,004195,,,=== Point of Interest ===,,Dot
004196,004196,,,=== Point of Interest ===,,Dot
004197,004197,,,=== Point of Interest ===,,Dot
004198,004198,,,=== Point of Interest ===,,Dot
004199,004199,42.491585,-90.661176,Cross Over US Hwy 61/151,Cross Over US Hwy 61/151,Dot
004200,004200,,,=== City ===,,Dot
004201,004201,,,=== Intersection ===,,Dot
004202,004202,,,=== City ===,,Dot
004203,004203,,,=== City ===,,Dot
004205,004205,,,=== Point of Interest ===,,Dot
004206,004206,,,=== Point of Interest ===,,Dot
004207,004207,,,=== Point of Interest ===,,Dot
004208,004208,,,=== Intersection ===,,Dot
004209,004209,,,=== Intersection ===,,Dot
004210,004210,,,=== Intersection ===,,Dot
004211,004211,,,=== Intersection ===,,Dot
004214,004214,,,=== Point of Interest ===,,Dot
004215,004215,,,=== Point of Interest ===,,Dot
004216,004216,,,=== Point of Interest ===,,Dot
004217,004217,,,=== Point of Interest ===,,Dot
004218,004218,42.484455,-90.664964,Climb,Begin 210 Foot Elevation Gain Next 0.8 Miles (Grade:Avg 4.8% Max 8.4%),Dot
004219,004219,,,=== Intersection ===,,Dot
004220,004220,,,=== Intersection ===,,Dot
004221,004221,,,=== Intersection ===,,Dot
004222,004222,,,=== Intersection ===,,Dot
004224,004224,,,=== Point of Interest ===,,Dot
004225,004225,,,=== Point of Interest ===,,Dot
004226,004226,,,=== Point of Interest ===,,Dot
004227,004227,,,=== Point of Interest ===,,Dot
004228,004228,42.478029,-90.670190,Summit,End 210 Foot Elevation Gain,Dot
004229,004229,42.478005,-90.668063,Cross Over US Hwy 61/151,Cross Over US Hwy 61/151,Dot
004230,004230,,,=== City ===,,Dot
004231,004231,,,=== Intersection ===,,Dot
004232,004232,,,=== City ===,,Dot
004233,004233,,,=== City ===,,Dot
004235,004235,,,=== Point of Interest ===,,Dot
004236,004236,,,=== Point of Interest ===,,Dot
004237,004237,,,=== Point of Interest ===,,Dot
004238,004238,,,=== Intersection ===,,Dot
004239,004239,,,=== Intersection ===,,Dot
004240,004240,,,=== Intersection ===,,Dot
004241,004241,,,=== Intersection ===,,Dot
004243,004243,,,=== Point of Interest ===,,Dot
004244,004244,,,=== Point of Interest ===,,Dot
004245,004245,,,=== Point of Interest ===,,Dot
004246,004246,,,=== Point of Interest ===,,Dot
004247,004247,42.466383,-90.647614,Cross Catfish Creek,Cross Catfish Creek,Dot
004248,004248,,,=== Intersection ===,,Dot
004249,004249,,,=== Intersection ===,,Dot
004250,004250,,,=== Intersection ===,,Dot
004251,004251,,,=== Intersection ===,,Dot
004253,004253,,,=== Point of Interest ===,,Dot
004254,004254,,,=== Point of Interest ===,,Dot
004255,004255,,,=== Point of Interest ===,,Dot
004256,004256,,,=== Point of Interest ===,,Dot
004257,004257,42.460182,-90.635486,Climb,Begin 223 Foot Elevation Gain Next 1.1 Miles (Grade:Avg 3.6% Max 6.8%),Dot
004258,004258,42.450002,-90.630142,Summit,End 223 Foot Elevation Gain,Dot
004259,004259,,,=== Intersection ===,,Dot
004260,004260,,,=== Intersection ===,,Dot
004261,004261,,,=== Intersection ===,,Dot
004262,004262,,,=== Intersection ===,,Dot
004268,004268,,,=== Point of Interest ===,,Dot
004269,004269,,,=== Point of Interest ===,,Dot
004270,004270,,,=== Point of Interest ===,,Dot
004271,004271,,,=== Point of Interest ===,,Dot
004272,004272,42.430550,-90.593712,Climb,Begin 500 Foot Elevation Gain Next 2.0 Miles (Grade:Avg 4.6% Max 11.3%),Dot
004273,004273,42.414130,-90.623194,Summit,End 500 Foot Elevation Gain,Dot
004274,004274,,,=== City ===,,Dot
004275,004275,,,=== City ===,,Dot
004276,004276,,,=== City ===,,Dot
004277,004277,,,=== City ===,,Dot
004279,004279,,,=== Point of Interest ===,,Dot
004280,004280,,,=== Point of Interest ===,,Dot
004281,004281,,,=== Point of Interest ===,,Dot
004282,004282,,,=== Point of Interest ===,,Dot
004283,004283,42.394431,-90.585611,Cross Lux Creek,Cross Lux Creek,Dot
004284,004284,42.389830,-90.578671,Cross Lux Creek,Cross Lux Creek,Dot
004285,004285,,,=== City ===,,Dot
004286,004286,,,=== City ===,,Dot
004287,004287,,,=== City ===,,Dot
004288,004288,,,=== City ===,,Dot
004290,004290,,,=== Point of Interest ===,,Dot
004291,004291,,,=== Point of Interest ===,,Dot
004292,004292,,,=== Point of Interest ===,,Dot
004293,004293,,,=== City ===,,Dot
004294,004294,,,=== City ===,,Dot
004296,004296,,,=== Point of Interest ===,,Dot
004297,004297,,,=== Point of Interest ===,,Dot
004298,004298,,,=== Point of Interest ===,,Dot
004299,004299,42.351035,-90.520930,Climb,Begin 353 Foot Elevation Gain Next 1.4 Miles (Grade:Avg 4.7% Max 6.9%),Dot
004300,004300,42.333515,-90.511297,Summit,End 353 Foot Elevation Gain,Dot
004301,004301,42.300243,-90.446897,Cross Spruce Creek,Cross Spruce Creek,Dot
004302,004302,,,=== Intersection ===,,Dot
004303,004303,,,=== Intersection ===,,Dot
004304,004304,,,=== Intersection ===,,Dot
004305,004305,,,=== Intersection ===,,Dot
004307,004307,,,=== Point of Interest ===,,Dot
004308,004308,,,=== Point of Interest ===,,Dot
004309,004309,,,=== Point of Interest ===,,Dot
004310,004310,,,=== City ===,,Dot
004311,004311,,,=== Intersection ===,,Dot
004312,004312,,,=== City ===,,Dot
004313,004313,,,=== City ===,,Dot
004315,004315,,,=== Point of Interest ===,,Dot
004316,004316,,,=== Point of Interest ===,,Dot
004317,004317,,,=== Point of Interest ===,,Dot
004318,004318,,,=== Intersection ===,,Dot
004319,004319,,,=== Intersection ===,,Dot
004320,004320,,,=== Intersection ===,,Dot
004321,004321,,,=== Intersection ===,,Dot
004324,004324,,,=== Point of Interest ===,,Dot
004325,004325,,,=== Point of Interest ===,,Dot
004326,004326,,,=== Point of Interest ===,,Dot
004327,004327,,,=== City ===,,Dot
004328,004328,,,=== City ===,,Dot
004329,004329,,,=== City ===,,Dot
004330,004330,,,=== City ===,,Dot
004332,004332,,,=== Point of Interest ===,,Dot
004333,004333,,,=== Point of Interest ===,,Dot
004334,004334,,,=== Point of Interest ===,,Dot
004335,004335,,,=== Intersection ===,,Dot
004336,004336,,,=== Intersection ===,,Dot
004337,004337,,,=== Intersection ===,,Dot
004338,004338,,,=== Intersection ===,,Dot
004341,004341,,,=== Point of Interest ===,,Dot
004342,004342,,,=== Point of Interest ===,,Dot
004343,004343,,,=== Point of Interest ===,,Dot
004344,004344,,,=== City ===,,Dot
004345,004345,,,=== City ===,,Dot
004346,004346,,,=== City ===,,Dot
004348,004348,,,=== Point of Interest ===,,Dot
004349,004349,,,=== Point of Interest ===,,Dot
004350,004350,,,=== Intersection ===,,Dot
004351,004351,,,=== Intersection ===,,Dot
004352,004352,,,=== Intersection ===,,Dot
004353,004353,,,=== Intersection ===,,Dot
004356,004356,,,=== Point of Interest ===,,Dot
004357,004357,,,=== Point of Interest ===,,Dot
004358,004358,,,=== Point of Interest ===,,Dot
004359,004359,,,=== Point of Interest ===,,Dot
004360,004360,42.231254,-90.402632,Cross Duck Creek,Cross Duck Creek,Dot
004361,004361,42.199595,-90.382452,Cross Pleasant Creek,Cross Pleasant Creek,Dot
004362,004362,42.164126,-90.335256,Cross Maquoketa River,Cross Maquoketa River,Dot
004363,004363,,,=== City ===,,Dot
004364,004364,,,=== Intersection ===,,Dot
004365,004365,,,=== City ===,,Dot
004366,004366,,,=== City ===,,Dot
004368,004368,,,=== Point of Interest ===,,Dot
004369,004369,,,=== Point of Interest ===,,Dot
004370,004370,,,=== Point of Interest ===,,Dot
004371,004371,,,=== Point of Interest ===,,Dot
004372,004372,42.141648,-90.325496,Climb,Begin 215 Foot Elevation Gain Next 1.3 Miles (Grade:Avg 2.7% Max 5.2%),Dot
004373,004373,42.130943,-90.304768,Summit,End 215 Foot Elevation Gain,Dot
004374,004374,42.131954,-90.283593,Cross Smith Creek,Cross Smith Creek,Dot
004375,004375,42.131216,-90.282190,Climb,Begin 195 Foot Elevation Gain Next 0.8 Miles (Grade:Avg 4.2% Max 6.3%),Dot
004376,004376,42.127769,-90.267437,Summit,End 195 Foot Elevation Gain,Dot
004377,004377,42.111660,-90.207948,Cross Beaver Creek,Cross Beaver Creek,Dot
004378,004378,,,=== Intersection ===,,Dot
004379,004379,,,=== Intersection ===,,Dot
004380,004380,,,=== Intersection ===,,Dot
004381,004381,,,=== Intersection ===,,Dot
004387,004387,,,=== Point of Interest ===,,Dot
004388,004388,,,=== Point of Interest ===,,Dot
004389,004389,,,=== Point of Interest ===,,Dot
004390,004390,,,=== City ===,,Dot
004391,004391,,,=== Intersection ===,,Dot
004392,004392,,,=== City ===,,Dot
004393,004393,,,=== City ===,,Dot
004396,004396,,,=== Point of Interest ===,,Dot
004397,004397,,,=== Point of Interest ===,,Dot
004398,004398,,,=== Point of Interest ===,,Dot
004399,004399,,,=== Intersection ===,,Dot
004400,004400,,,=== Intersection ===,,Dot
004401,004401,,,=== Intersection ===,,Dot
004402,004402,,,=== Intersection ===,,Dot
004405,004405,,,=== Point of Interest ===,,Dot
004406,004406,,,=== Point of Interest ===,,Dot
004407,004407,,,=== Point of Interest ===,,Dot
004408,004408,,,=== City ===,,Dot
004409,004409,,,=== City ===,,Dot
004410,004410,,,=== City ===,,Dot
004411,004411,,,=== City ===,,Dot
004413,004413,,,=== Point of Interest ===,,Dot
004414,004414,,,=== Point of Interest ===,,Dot
004415,004415,,,=== Point of Interest ===,,Dot
004416,004416,,,=== Intersection ===,,Dot
004417,004417,,,=== Intersection ===,,Dot
004418,004418,,,=== Intersection ===,,Dot
004419,004419,,,=== Intersection ===,,Dot
004422,004422,,,=== Point of Interest ===,,Dot
004423,004423,,,=== Point of Interest ===,,Dot
004424,004424,,,=== Point of Interest ===,,Dot
004425,004425,,,=== City ===,,Dot
004426,004426,,,=== Intersection ===,,Dot
004427,004427,,,=== City ===,,Dot
004428,004428,,,=== City ===,,Dot
004430,004430,,,=== Point of Interest ===,,Dot
004431,004431,,,=== Point of Interest ===,,Dot
004432,004432,,,=== Point of Interest ===,,Dot
004433,004433,,,=== Point of Interest ===,,Dot
004434,004434,42.080141,-90.143845,Cross Plum River,Cross Plum River,Dot
004435,004435,,,=== Intersection ===,,Dot
004436,004436,,,=== Intersection ===,,Dot
004437,004437,,,=== Intersection ===,,Dot
004438,004438,,,=== Intersection ===,,Dot
004440,004440,,,=== Point of Interest ===,,Dot
004441,004441,,,=== Point of Interest ===,,Dot
004442,004442,,,=== Point of Interest ===,,Dot
004443,004443,,,=== City ===,,Dot
004444,004444,,,=== City ===,,Dot
004445,004445,,,=== City ===,,Dot
004446,004446,,,=== City ===,,Dot
004448,004448,,,=== Point of Interest ===,,Dot
004449,004449,,,=== Point of Interest ===,,Dot
004450,004450,,,=== Point of Interest ===,,Dot
004451,004451,,,=== Intersection ===,,Dot
004452,004452,,,=== Intersection ===,,Dot
004453,004453,,,=== Intersection ===,,Dot
004454,004454,,,=== Intersection ===,,Dot
004459,004459,,,=== Point of Interest ===,,Dot
004460,004460,,,=== Point of Interest ===,,Dot
004461,004461,,,=== Point of Interest ===,,Dot
004462,004462,,,=== City ===,,Dot
004463,004463,,,=== Intersection ===,,Dot
004464,004464,,,=== City ===,,Dot
004465,004465,,,=== City ===,,Dot
004467,004467,,,=== Point of Interest ===,,Dot
004468,004468,,,=== Point of Interest ===,,Dot
004469,004469,,,=== Point of Interest ===,,Dot
004470,004470,,,=== Intersection ===,,Dot
004471,004471,,,=== Intersection ===,,Dot
004472,004472,,,=== Intersection ===,,Dot
004473,004473,,,=== Intersection ===,,Dot
004476,004476,,,=== Point of Interest ===,,Dot
004477,004477,,,=== Point of Interest ===,,Dot
004478,004478,,,=== Point of Interest ===,,Dot
004479,004479,,,=== City ===,,Dot
004480,004480,,,=== Intersection ===,,Dot
004481,004481,,,=== City ===,,Dot
004482,004482,,,=== City ===,,Dot
004484,004484,,,=== Point of Interest ===,,Dot
004485,004485,,,=== Point of Interest ===,,Dot
004486,004486,,,=== Point of Interest ===,,Dot
004487,004487,,,=== Point of Interest ===,,Dot
004488,004488,41.899873,-90.122331,Cross Johnson Creek,Cross Johnson Creek,Dot
004489,004489,,,=== City ===,,Dot
004490,004490,,,=== City ===,,Dot
004491,004491,,,=== City ===,,Dot
004493,004493,,,=== Point of Interest ===,,Dot
004494,004494,,,=== Point of Interest ===,,Dot
004495,004495,,,=== Intersection ===,,Dot
004496,004496,,,=== Intersection ===,,Dot
004497,004497,,,=== Intersection ===,,Dot
004498,004498,,,=== Intersection ===,,Dot
004502,004502,,,=== Point of Interest ===,,Dot
004503,004503,,,=== Point of Interest ===,,Dot
004504,004504,,,=== Point of Interest ===,,Dot
004505,004505,,,=== City ===,,Dot
004506,004506,,,=== Intersection ===,,Dot
004507,004507,,,=== City ===,,Dot
004508,004508,,,=== City ===,,Dot
004510,004510,,,=== Point of Interest ===,,Dot
004511,004511,,,=== Point of Interest ===,,Dot
004512,004512,,,=== Point of Interest ===,,Dot
004513,004513,,,=== Intersection ===,,Dot
004514,004514,,,=== Intersection ===,,Dot
004515,004515,,,=== Intersection ===,,Dot
004516,004516,,,=== Intersection ===,,Dot
004519,004519,,,=== Point of Interest ===,,Dot
004520,004520,,,=== Point of Interest ===,,Dot
004521,004521,,,=== Point of Interest ===,,Dot
004522,004522,,,=== City ===,,Dot
004523,004523,,,=== City ===,,Dot
004524,004524,,,=== City ===,,Dot
004525,004525,,,=== City ===,,Dot
004527,004527,,,=== Point of Interest ===,,Dot
004528,004528,,,=== Point of Interest ===,,Dot
004529,004529,,,=== Intersection ===,,Dot
004530,004530,,,=== City ===,,Dot
004531,004531,,,=== City ===,,Dot
004533,004533,,,=== Point of Interest ===,,Dot
004534,004534,,,=== Point of Interest ===,,Dot
004535,004535,,,=== Point of Interest ===,,Dot
004536,004536,,,=== Point of Interest ===,,Dot
004537,004537,41.865582,-90.178640,Cross Joyces Slough,Cross Joyces Slough,Dot
004538,004538,,,=== City ===,,Dot
004539,004539,,,=== City ===,,Dot
004540,004540,,,=== City ===,,Dot
004541,004541,,,=== City ===,,Dot
004543,004543,,,=== Point of Interest ===,,Dot
004544,004544,,,=== Point of Interest ===,,Dot
004545,004545,,,=== Point of Interest ===,,Dot
004546,004546,,,=== Intersection ===,,Dot
004547,004547,,,=== Intersection ===,,Dot
004548,004548,,,=== Intersection ===,,Dot
004549,004549,,,=== Intersection ===,,Dot
004552,004552,,,=== Point of Interest ===,,Dot
004553,004553,,,=== Point of Interest ===,,Dot
004554,004554,,,=== Point of Interest ===,,Dot
004555,004555,,,=== Point of Interest ===,,Dot
004556,004556,41.866848,-90.179286,Cross Joyces Slough,Cross Joyces Slough,Dot
004557,004557,,,=== Intersection ===,,Dot
004558,004558,,,=== Intersection ===,,Dot
004559,004559,,,=== Intersection ===,,Dot
004560,004560,,,=== Intersection ===,,Dot
004564,004564,,,=== Point of Interest ===,,Dot
004565,004565,,,=== Point of Interest ===,,Dot
004566,004566,,,=== Point of Interest ===,,Dot
004567,004567,,,=== City ===,,Dot
004568,004568,,,=== Intersection ===,,Dot
004569,004569,,,=== City ===,,Dot
004570,004570,,,=== City ===,,Dot
004573,004573,,,=== Point of Interest ===,,Dot
004574,004574,,,=== Point of Interest ===,,Dot
004575,004575,,,=== Point of Interest ===,,Dot
004576,004576,,,=== Point of Interest ===,,Dot
004577,004577,41.852633,-90.183053,Cross Joyces Slough,Cross Joyces Slough,Dot
004578,004578,,,=== City ===,,Dot
004579,004579,,,=== Intersection ===,,Dot
004580,004580,,,=== City ===,,Dot
004581,004581,,,=== City ===,,Dot
004584,004584,,,=== Point of Interest ===,,Dot
004585,004585,,,=== Point of Interest ===,,Dot
004586,004586,,,=== Point of Interest ===,,Dot
004587,004587,,,=== Intersection ===,,Dot
004588,004588,,,=== Intersection ===,,Dot
004589,004589,,,=== Intersection ===,,Dot
004590,004590,,,=== Intersection ===,,Dot
004594,004594,,,=== Point of Interest ===,,Dot
004595,004595,,,=== Point of Interest ===,,Dot
004596,004596,,,=== Point of Interest ===,,Dot
004597,004597,,,=== City ===,,Dot
004598,004598,,,=== City ===,,Dot
004599,004599,,,=== City ===,,Dot
004600,004600,,,=== City ===,,Dot
004602,004602,,,=== Point of Interest ===,,Dot
004603,004603,,,=== Point of Interest ===,,Dot
004604,004604,,,=== Point of Interest ===,,Dot
004605,004605,,,=== Intersection ===,,Dot
004606,004606,,,=== Intersection ===,,Dot
004607,004607,,,=== Intersection ===,,Dot
004608,004608,,,=== Intersection ===,,Dot
004614,004614,,,=== Point of Interest ===,,Dot
004615,004615,,,=== Point of Interest ===,,Dot
004616,004616,,,=== Point of Interest ===,,Dot
004617,004617,,,=== City ===,,Dot
004618,004618,,,=== City ===,,Dot
004619,004619,,,=== City ===,,Dot
004621,004621,,,=== Point of Interest ===,,Dot
004622,004622,,,=== Point of Interest ===,,Dot
004623,004623,,,=== Intersection ===,,Dot
004624,004624,,,=== Intersection ===,,Dot
004625,004625,,,=== Intersection ===,,Dot
004626,004626,,,=== Intersection ===,,Dot
004628,004628,,,=== Point of Interest ===,,Dot
004629,004629,,,=== Point of Interest ===,,Dot
004630,004630,,,=== Point of Interest ===,,Dot
004631,004631,,,=== City ===,,Dot
004632,004632,,,=== Intersection ===,,Dot
004633,004633,,,=== City ===,,Dot
004634,004634,,,=== City ===,,Dot
004636,004636,,,=== Point of Interest ===,,Dot
004637,004637,,,=== Point of Interest ===,,Dot
004638,004638,,,=== Point of Interest ===,,Dot
004639,004639,,,=== Point of Interest ===,,Dot
004640,004640,41.796369,-90.197734,Cross Spring Creek,Cross Spring Creek,Dot
004641,004641,,,=== Intersection ===,,Dot
004642,004642,,,=== Intersection ===,,Dot
004643,004643,,,=== Intersection ===,,Dot
004644,004644,,,=== Intersection ===,,Dot
004648,004648,,,=== Point of Interest ===,,Dot
004649,004649,,,=== Point of Interest ===,,Dot
004650,004650,,,=== Point of Interest ===,,Dot
004651,004651,,,=== City ===,,Dot
004652,004652,,,=== City ===,,Dot
004653,004653,,,=== City ===,,Dot
004654,004654,,,=== City ===,,Dot
004656,004656,,,=== Point of Interest ===,,Dot
004657,004657,,,=== Point of Interest ===,,Dot
004658,004658,,,=== Point of Interest ===,,Dot
004659,004659,,,=== Intersection ===,,Dot
004660,004660,,,=== Intersection ===,,Dot
004661,004661,,,=== Intersection ===,,Dot
004662,004662,,,=== Intersection ===,,Dot
004667,004667,,,=== Point of Interest ===,,Dot
004668,004668,,,=== Point of Interest ===,,Dot
004669,004669,,,=== Point of Interest ===,,Dot
004670,004670,,,=== City ===,,Dot
004671,004671,,,=== Intersection ===,,Dot
004672,004672,,,=== City ===,,Dot
004673,004673,,,=== City ===,,Dot
004677,004677,,,=== Point of Interest ===,,Dot
004678,004678,,,=== Point of Interest ===,,Dot
004679,004679,,,=== Point of Interest ===,,Dot
004680,004680,,,=== City ===,,Dot
004681,004681,,,=== City ===,,Dot
004683,004683,,,=== Point of Interest ===,,Dot
004684,004684,,,=== Point of Interest ===,,Dot
004685,004685,,,=== Intersection ===,,Dot
004686,004686,,,=== Intersection ===,,Dot
004687,004687,,,=== Intersection ===,,Dot
004688,004688,,,=== Intersection ===,,Dot
004690,004690,,,=== Point of Interest ===,,Dot
004691,004691,,,=== Point of Interest ===,,Dot
004692,004692,,,=== Point of Interest ===,,Dot
004693,004693,,,=== City ===,,Dot
004694,004694,,,=== Intersection ===,,Dot
004695,004695,,,=== City ===,,Dot
004696,004696,,,=== City ===,,Dot
004698,004698,,,=== Point of Interest ===,,Dot
004699,004699,,,=== Point of Interest ===,,Dot
004700,004700,,,=== Point of Interest ===,,Dot
004701,004701,,,=== Intersection ===,,Dot
004702,004702,,,=== Intersection ===,,Dot
004703,004703,,,=== Intersection ===,,Dot
004704,004704,,,=== Intersection ===,,Dot
004710,004710,,,=== Point of Interest ===,,Dot
004711,004711,,,=== Point of Interest ===,,Dot
004712,004712,,,=== Point of Interest ===,,Dot
004713,004713,,,=== City ===,,Dot
004714,004714,,,=== City ===,,Dot
004715,004715,,,=== City ===,,Dot
004716,004716,,,=== City ===,,Dot
004718,004718,,,=== Point of Interest ===,,Dot
004719,004719,,,=== Point of Interest ===,,Dot
004720,004720,,,=== Intersection ===,,Dot
004721,004721,,,=== City ===,,Dot
004722,004722,,,=== City ===,,Dot
004725,004725,,,=== Point of Interest ===,,Dot
004726,004726,,,=== Point of Interest ===,,Dot
004727,004727,,,=== City ===,,Dot
004728,004728,,,=== City ===,,Dot
004729,004729,,,=== City ===,,Dot
004731,004731,,,=== Point of Interest ===,,Dot
004732,004732,,,=== Point of Interest ===,,Dot
004733,004733,,,=== Point of Interest ===,,Dot
004734,004734,,,=== Intersection ===,,Dot
004735,004735,,,=== Intersection ===,,Dot
004736,004736,,,=== Intersection ===,,Dot
004737,004737,,,=== Intersection ===,,Dot
004740,004740,,,=== Point of Interest ===,,Dot
004741,004741,,,=== Point of Interest ===,,Dot
004742,004742,,,=== Point of Interest ===,,Dot
004743,004743,,,=== City ===,,Dot
004744,004744,,,=== Intersection ===,,Dot
004745,004745,,,=== City ===,,Dot
004746,004746,,,=== City ===,,Dot
004748,004748,,,=== Point of Interest ===,,Dot
004749,004749,,,=== Point of Interest ===,,Dot
004750,004750,,,=== Point of Interest ===,,Dot
004751,004751,,,=== Intersection ===,,Dot
004752,004752,,,=== Intersection ===,,Dot
004753,004753,,,=== Intersection ===,,Dot
004754,004754,,,=== Intersection ===,,Dot
004756,004756,,,=== Point of Interest ===,,Dot
004757,004757,,,=== Point of Interest ===,,Dot
004758,004758,,,=== Point of Interest ===,,Dot
004759,004759,,,=== City ===,,Dot
004760,004760,,,=== City ===,,Dot
004761,004761,,,=== City ===,,Dot
004762,004762,,,=== City ===,,Dot
004764,004764,,,=== Point of Interest ===,,Dot
004765,004765,,,=== Point of Interest ===,,Dot
004766,004766,,,=== Point of Interest ===,,Dot
004767,004767,,,=== Intersection ===,,Dot
004768,004768,,,=== Intersection ===,,Dot
004769,004769,,,=== Intersection ===,,Dot
004770,004770,,,=== Intersection ===,,Dot
004772,004772,,,=== Point of Interest ===,,Dot
004773,004773,,,=== Point of Interest ===,,Dot
004774,004774,,,=== Point of Interest ===,,Dot
004775,004775,,,=== City ===,,Dot
004776,004776,,,=== Intersection ===,,Dot
004777,004777,,,=== City ===,,Dot
004778,004778,,,=== City ===,,Dot
004780,004780,,,=== Point of Interest ===,,Dot
004781,004781,,,=== Point of Interest ===,,Dot
004782,004782,,,=== Point of Interest ===,,Dot
004783,004783,,,=== Point of Interest ===,,Dot
004784,004784,41.576149,-90.362476,Cross Under Interstate Hwy 80,Cross Under Interstate Hwy 80,Dot
004785,004785,,,=== City ===,,Dot
004786,004786,,,=== Intersection ===,,Dot
004787,004787,,,=== City ===,,Dot
004788,004788,,,=== City ===,,Dot
004791,004791,,,=== Point of Interest ===,,Dot
004792,004792,,,=== Point of Interest ===,,Dot
004793,004793,,,=== Point of Interest ===,,Dot
004794,004794,,,=== Intersection ===,,Dot
004795,004795,,,=== Intersection ===,,Dot
004796,004796,,,=== Intersection ===,,Dot
004797,004797,,,=== Intersection ===,,Dot
004802,004802,,,=== Point of Interest ===,,Dot
004803,004803,,,=== Point of Interest ===,,Dot
004804,004804,,,=== Point of Interest ===,,Dot
004805,004805,,,=== City ===,,Dot
004806,004806,,,=== Intersection ===,,Dot
004807,004807,,,=== City ===,,Dot
004808,004808,,,=== City ===,,Dot
004810,004810,,,=== Point of Interest ===,,Dot
004811,004811,,,=== Point of Interest ===,,Dot
004812,004812,,,=== Point of Interest ===,,Dot
004813,004813,,,=== Intersection ===,,Dot
004814,004814,,,=== Intersection ===,,Dot
004815,004815,,,=== Intersection ===,,Dot
004816,004816,,,=== Intersection ===,,Dot
004818,004818,,,=== Point of Interest ===,,Dot
004819,004819,,,=== Point of Interest ===,,Dot
004820,004820,,,=== Point of Interest ===,,Dot
004821,004821,,,=== City ===,,Dot
004822,004822,,,=== Intersection ===,,Dot
004823,004823,,,=== City ===,,Dot
004824,004824,,,=== City ===,,Dot
004826,004826,,,=== Point of Interest ===,,Dot
004827,004827,,,=== Point of Interest ===,,Dot
004828,004828,,,=== Point of Interest ===,,Dot
004829,004829,,,=== Intersection ===,,Dot
004830,004830,,,=== Intersection ===,,Dot
004831,004831,,,=== Intersection ===,,Dot
004832,004832,,,=== Intersection ===,,Dot
004835,004835,,,=== Point of Interest ===,,Dot
004836,004836,,,=== Point of Interest ===,,Dot
004837,004837,,,=== Point of Interest ===,,Dot
004838,004838,,,=== City ===,,Dot
004839,004839,,,=== City ===,,Dot
004840,004840,,,=== City ===,,Dot
004841,004841,,,=== City ===,,Dot
004843,004843,,,=== Point of Interest ===,,Dot
004844,004844,,,=== Point of Interest ===,,Dot
004845,004845,,,=== Point of Interest ===,,Dot
004846,004846,,,=== Intersection ===,,Dot
004847,004847,,,=== Intersection ===,,Dot
004848,004848,,,=== Intersection ===,,Dot
004849,004849,,,=== Intersection ===,,Dot
004852,004852,,,=== Point of Interest ===,,Dot
004853,004853,,,=== Point of Interest ===,,Dot
004854,004854,,,=== Point of Interest ===,,Dot
004855,004855,,,=== City ===,,Dot
004856,004856,,,=== Intersection ===,,Dot
004857,004857,,,=== City ===,,Dot
004858,004858,,,=== City ===,,Dot
004861,004861,,,=== Point of Interest ===,,Dot
004862,004862,,,=== Point of Interest ===,,Dot
004863,004863,,,=== City ===,,Dot
004864,004864,,,=== City ===,,Dot
004865,004865,,,=== City ===,,Dot
004867,004867,,,=== Point of Interest ===,,Dot
004868,004868,,,=== Point of Interest ===,,Dot
004869,004869,,,=== Intersection ===,,Dot
004870,004870,,,=== City ===,,Dot
004871,004871,,,=== City ===,,Dot
004873,004873,,,=== Point of Interest ===,,Dot
004874,004874,,,=== Point of Interest ===,,Dot
004875,004875,,,=== Point of Interest ===,,Dot
004876,004876,,,=== Point of Interest ===,,Dot
004877,004877,41.511237,-90.509497,Cross Under Interstate Hwy 74,Cross Under Interstate Hwy 74,Dot
004878,004878,,,=== City ===,,Dot
004879,004879,,,=== Intersection ===,,Dot
004880,004880,,,=== City ===,,Dot
004881,004881,,,=== City ===,,Dot
004883,004883,,,=== Point of Interest ===,,Dot
004884,004884,,,=== Point of Interest ===,,Dot
004885,004885,,,=== Point of Interest ===,,Dot
004886,004886,,,=== Intersection ===,,Dot
004887,004887,,,=== Intersection ===,,Dot
004888,004888,,,=== Intersection ===,,Dot
004889,004889,,,=== Intersection ===,,Dot
004895,004895,,,=== Point of Interest ===,,Dot
004896,004896,,,=== Point of Interest ===,,Dot
004897,004897,,,=== Point of Interest ===,,Dot
004898,004898,,,=== Point of Interest ===,,Dot
004899,004899,41.510692,-90.518511,Rodman Avenue Bridge,Rodman Avenue Bridge,Dot
004900,004900,,,=== Intersection ===,,Dot
004901,004901,,,=== Intersection ===,,Dot
004902,004902,,,=== Intersection ===,,Dot
004903,004903,,,=== Intersection ===,,Dot
004907,004907,,,=== Point of Interest ===,,Dot
004908,004908,,,=== Point of Interest ===,,Dot
004909,004909,,,=== Point of Interest ===,,Dot
004910,004910,,,=== City ===,,Dot
004911,004911,,,=== Intersection ===,,Dot
004912,004912,,,=== City ===,,Dot
004913,004913,,,=== City ===,,Dot
004915,004915,,,=== Point of Interest ===,,Dot
004916,004916,,,=== Point of Interest ===,,Dot
004917,004917,,,=== Point of Interest ===,,Dot
004918,004918,,,=== Intersection ===,,Dot
004919,004919,,,=== Intersection ===,,Dot
004920,004920,,,=== Intersection ===,,Dot
004921,004921,,,=== Intersection ===,,Dot
004927,004927,,,=== Point of Interest ===,,Dot
004928,004928,,,=== Point of Interest ===,,Dot
004929,004929,,,=== Point of Interest ===,,Dot
004930,004930,,,=== Point of Interest ===,,Dot
004931,004931,41.517416,-90.565853,Lock and Dam No 15,Lock and Dam No 15,Dot
004932,004932,,,=== City ===,,Dot
004933,004933,,,=== Intersection ===,,Dot
004934,004934,,,=== City ===,,Dot
004935,004935,,,=== City ===,,Dot
004937,004937,,,=== Point of Interest ===,,Dot
004938,004938,,,=== Point of Interest ===,,Dot
004939,004939,,,=== Point of Interest ===,,Dot
004940,004940,,,=== Intersection ===,,Dot
004941,004941,,,=== Intersection ===,,Dot
004942,004942,,,=== Intersection ===,,Dot
004943,004943,,,=== Intersection ===,,Dot
004946,004946,,,=== Point of Interest ===,,Dot
004947,004947,,,=== Point of Interest ===,,Dot
004948,004948,,,=== Point of Interest ===,,Dot
004949,004949,,,=== City ===,,Dot
004950,004950,,,=== Intersection ===,,Dot
004951,004951,,,=== City ===,,Dot
004952,004952,,,=== City ===,,Dot
004954,004954,,,=== Point of Interest ===,,Dot
004955,004955,,,=== Point of Interest ===,,Dot
004956,004956,,,=== Point of Interest ===,,Dot
004957,004957,,,=== Intersection ===,,Dot
004958,004958,,,=== Intersection ===,,Dot
004959,004959,,,=== Intersection ===,,Dot
004960,004960,,,=== Intersection ===,,Dot
004963,004963,,,=== Point of Interest ===,,Dot
004964,004964,,,=== Point of Interest ===,,Dot
004965,004965,,,=== Point of Interest ===,,Dot
004966,004966,,,=== Point of Interest ===,,Dot
004967,004967,41.491295,-90.624175,Davenport Slough,Davenport Slough,Dot
004968,004968,,,=== Intersection ===,,Dot
004969,004969,,,=== Intersection ===,,Dot
004970,004970,,,=== Intersection ===,,Dot
004971,004971,,,=== Intersection ===,,Dot
004974,004974,,,=== Point of Interest ===,,Dot
004975,004975,,,=== Point of Interest ===,,Dot
004976,004976,,,=== Point of Interest ===,,Dot
004977,004977,,,=== City ===,,Dot
004978,004978,,,=== Intersection ===,,Dot
004979,004979,,,=== City ===,,Dot
004980,004980,,,=== City ===,,Dot
004982,004982,,,=== Point of Interest ===,,Dot
004983,004983,,,=== Point of Interest ===,,Dot
004984,004984,,,=== Point of Interest ===,,Dot
004985,004985,,,=== Point of Interest ===,,Dot
004986,004986,41.457585,-90.708448,Dodges Creek,Dodges Creek,Dot
004987,004987,,,=== City ===,,Dot
004988,004988,,,=== City ===,,Dot
004989,004989,,,=== City ===,,Dot
004990,004990,,,=== City ===,,Dot
004994,004994,,,=== Point of Interest ===,,Dot
004995,004995,,,=== Point of Interest ===,,Dot
004996,004996,,,=== Point of Interest ===,,Dot
004997,004997,,,=== Point of Interest ===,,Dot
004998,004998,41.455417,-90.862458,Pine Creek,Pine Creek,Dot
004999,004999,,,=== City ===,,Dot
005000,005000,,,=== City ===,,Dot
005001,005001,,,=== City ===,,Dot
005002,005002,,,=== City ===,,Dot
005004,005004,,,=== Point of Interest ===,,Dot
005005,005005,,,=== Point of Interest ===,,Dot
005006,005006,,,=== Intersection ===,,Dot
005007,005007,,,=== City ===,,Dot
005008,005008,,,=== City ===,,Dot
005010,005010,,,=== Point of Interest ===,,Dot
005011,005011,,,=== Point of Interest ===,,Dot
005012,005012,,,=== Point of Interest ===,,Dot
005013,005013,,,=== Intersection ===,,Dot
005014,005014,,,=== Intersection ===,,Dot
005015,005015,,,=== Intersection ===,,Dot
005016,005016,,,=== Intersection ===,,Dot
005019,005019,,,=== Point of Interest ===,,Dot
005020,005020,,,=== Point of Interest ===,,Dot
005021,005021,,,=== Point of Interest ===,,Dot
005022,005022,,,=== City ===,,Dot
005023,005023,,,=== City ===,,Dot
005024,005024,,,=== City ===,,Dot
005025,005025,,,=== City ===,,Dot
005027,005027,,,=== Point of Interest ===,,Dot
005028,005028,,,=== Point of Interest ===,,Dot
005029,005029,,,=== Intersection ===,,Dot
005030,005030,,,=== City ===,,Dot
005031,005031,,,=== City ===,,Dot
005034,005034,,,=== Point of Interest ===,,Dot
005035,005035,,,=== Point of Interest ===,,Dot
005036,005036,,,=== Point of Interest ===,,Dot
005037,005037,,,=== Point of Interest ===,,Dot
005038,005038,41.411053,-91.020195,Fourth Slough,Fourth Slough,Dot
005039,005039,,,=== Intersection ===,,Dot
005040,005040,,,=== Intersection ===,,Dot
005041,005041,,,=== Intersection ===,,Dot
005042,005042,,,=== Intersection ===,,Dot
005044,005044,,,=== Point of Interest ===,,Dot
005045,005045,,,=== Point of Interest ===,,Dot
005046,005046,,,=== Point of Interest ===,,Dot
005047,005047,,,=== Point of Interest ===,,Dot
005048,005048,41.362144,-91.015574,Copperas Creek,Copperas Creek,Dot
005049,005049,,,=== Intersection ===,,Dot
005050,005050,,,=== Intersection ===,,Dot
005051,005051,,,=== Intersection ===,,Dot
005052,005052,,,=== Intersection ===,,Dot
005054,005054,,,=== Point of Interest ===,,Dot
005055,005055,,,=== Point of Interest ===,,Dot
005056,005056,,,=== Point of Interest ===,,Dot
005057,005057,,,=== Point of Interest ===,,Dot
005058,005058,41.306794,-91.003985,Keating Creek,Keating Creek,Dot
005059,005059,,,=== Intersection ===,,Dot
005060,005060,,,=== Intersection ===,,Dot
005061,005061,,,=== Intersection ===,,Dot
005062,005062,,,=== Intersection ===,,Dot
005065,005065,,,=== Point of Interest ===,,Dot
005066,005066,,,=== Point of Interest ===,,Dot
005067,005067,,,=== Point of Interest ===,,Dot
005068,005068,,,=== Point of Interest ===,,Dot
005069,005069,41.264578,-91.001989,Eliza Creek,Eliza Creek,Dot
005070,005070,,,=== Intersection ===,,Dot
005071,005071,,,=== Intersection ===,,Dot
005072,005072,,,=== Intersection ===,,Dot
005073,005073,,,=== Intersection ===,,Dot
005079,005079,,,=== Point of Interest ===,,Dot
005080,005080,,,=== Point of Interest ===,,Dot
005081,005081,,,=== Point of Interest ===,,Dot
005082,005082,,,=== City ===,,Dot
005083,005083,,,=== City ===,,Dot
005084,005084,,,=== City ===,,Dot
005085,005085,,,=== City ===,,Dot
005087,005087,,,=== Point of Interest ===,,Dot
005088,005088,,,=== Point of Interest ===,,Dot
005089,005089,,,=== Point of Interest ===,,Dot
005090,005090,,,=== Intersection ===,,Dot
005091,005091,,,=== Intersection ===,,Dot
005092,005092,,,=== Intersection ===,,Dot
005093,005093,,,=== Intersection ===,,Dot
005096,005096,,,=== Point of Interest ===,,Dot
005097,005097,,,=== Point of Interest ===,,Dot
005098,005098,,,=== Point of Interest ===,,Dot
005099,005099,,,=== City ===,,Dot
005100,005100,,,=== Intersection ===,,Dot
005101,005101,,,=== City ===,,Dot
005102,005102,,,=== City ===,,Dot
005104,005104,,,=== Point of Interest ===,,Dot
005105,005105,,,=== Point of Interest ===,,Dot
005106,005106,,,=== Point of Interest ===,,Dot
005107,005107,,,=== Intersection ===,,Dot
005108,005108,,,=== Intersection ===,,Dot
005109,005109,,,=== Intersection ===,,Dot
005110,005110,,,=== Intersection ===,,Dot
005112,005112,,,=== Point of Interest ===,,Dot
005113,005113,,,=== Point of Interest ===,,Dot
005114,005114,,,=== Point of Interest ===,,Dot
005115,005115,,,=== Point of Interest ===,,Dot
005116,005116,41.105862,-90.942780,Pope Creek,Pope Creek,Dot
005117,005117,,,=== City ===,,Dot
005118,005118,,,=== City ===,,Dot
005119,005119,,,=== City ===,,Dot
005120,005120,,,=== City ===,,Dot
005122,005122,,,=== Point of Interest ===,,Dot
005123,005123,,,=== Point of Interest ===,,Dot
005124,005124,,,=== Point of Interest ===,,Dot
005125,005125,,,=== Intersection ===,,Dot
005126,005126,,,=== Intersection ===,,Dot
005127,005127,,,=== Intersection ===,,Dot
005128,005128,,,=== Intersection ===,,Dot
005133,005133,,,=== Point of Interest ===,,Dot
005134,005134,,,=== Point of Interest ===,,Dot
005135,005135,,,=== Point of Interest ===,,Dot
005136,005136,,,=== City ===,,Dot
005137,005137,,,=== Intersection ===,,Dot
005138,005138,,,=== City ===,,Dot
005139,005139,,,=== City ===,,Dot
005141,005141,,,=== Point of Interest ===,,Dot
005142,005142,,,=== Point of Interest ===,,Dot
005143,005143,,,=== Point of Interest ===,,Dot
005144,005144,,,=== Intersection ===,,Dot
005145,005145,,,=== Intersection ===,,Dot
005146,005146,,,=== Intersection ===,,Dot
005147,005147,,,=== Intersection ===,,Dot
005149,005149,,,=== Point of Interest ===,,Dot
005150,005150,,,=== Point of Interest ===,,Dot
005151,005151,,,=== Point of Interest ===,,Dot
005152,005152,,,=== City ===,,Dot
005153,005153,,,=== City ===,,Dot
005154,005154,,,=== City ===,,Dot
005155,005155,,,=== City ===,,Dot
005157,005157,,,=== Point of Interest ===,,Dot
005158,005158,,,=== Point of Interest ===,,Dot
005159,005159,,,=== Point of Interest ===,,Dot
005160,005160,,,=== Intersection ===,,Dot
005161,005161,,,=== Intersection ===,,Dot
005162,005162,,,=== Intersection ===,,Dot
005163,005163,,,=== Intersection ===,,Dot
005167,005167,,,=== Point of Interest ===,,Dot
005168,005168,,,=== Point of Interest ===,,Dot
005169,005169,,,=== Point of Interest ===,,Dot
005170,005170,,,=== City ===,,Dot
005171,005171,,,=== Intersection ===,,Dot
005172,005172,,,=== City ===,,Dot
005173,005173,,,=== City ===,,Dot
005175,005175,,,=== Point of Interest ===,,Dot
005176,005176,,,=== Point of Interest ===,,Dot
005177,005177,,,=== Point of Interest ===,,Dot
005178,005178,,,=== Point of Interest ===,,Dot
005179,005179,40.892954,-90.950860,Henderson Creek,Henderson Creek,Dot
005180,005180,,,=== Intersection ===,,Dot
005181,005181,,,=== Intersection ===,,Dot
005182,005182,,,=== Intersection ===,,Dot
005183,005183,,,=== Intersection ===,,Dot
005187,005187,,,=== Point of Interest ===,,Dot
005188,005188,,,=== Point of Interest ===,,Dot
005189,005189,,,=== Point of Interest ===,,Dot
005190,005190,,,=== Point of Interest ===,,Dot
005191,005191,40.868875,-90.953306,South Henderson Creek,South Henderson Creek,Dot
005192,005192,,,=== Intersection ===,,Dot
005193,005193,,,=== Intersection ===,,Dot
005194,005194,,,=== Intersection ===,,Dot
005195,005195,,,=== Intersection ===,,Dot
005199,005199,,,=== Point of Interest ===,,Dot
005200,005200,,,=== Point of Interest ===,,Dot
005201,005201,,,=== Point of Interest ===,,Dot
005202,005202,,,=== City ===,,Dot
005203,005203,,,=== Intersection ===,,Dot
005204,005204,,,=== City ===,,Dot
005205,005205,,,=== City ===,,Dot
005207,005207,,,=== Point of Interest ===,,Dot
005208,005208,,,=== Point of Interest ===,,Dot
005209,005209,,,=== Point of Interest ===,,Dot
005210,005210,,,=== Intersection ===,,Dot
005211,005211,,,=== Intersection ===,,Dot
005212,005212,,,=== Intersection ===,,Dot
005213,005213,,,=== Intersection ===,,Dot
005219,005219,,,=== Point of Interest ===,,Dot
005220,005220,,,=== Point of Interest ===,,Dot
005221,005221,,,=== Point of Interest ===,,Dot
005222,005222,,,=== Point of Interest ===,,Dot
005223,005223,40.813384,-91.100299,Cross Under US Route 34,Cross Under US Route 34,Dot
005224,005224,,,=== City ===,,Dot
005225,005225,,,=== City ===,,Dot
005226,005226,,,=== City ===,,Dot
005227,005227,,,=== City ===,,Dot
005229,005229,,,=== Point of Interest ===,,Dot
005230,005230,,,=== Point of Interest ===,,Dot
005231,005231,,,=== Intersection ===,,Dot
005232,005232,,,=== City ===,,Dot
005233,005233,,,=== City ===,,Dot
005235,005235,,,=== Point of Interest ===,,Dot
005236,005236,,,=== Point of Interest ===,,Dot
005237,005237,,,=== Point of Interest ===,,Dot
005238,005238,,,=== Point of Interest ===,,Dot
005239,005239,40.812400,-91.097940,Merge onto US Rte 34,Merge onto US Rte 34,Dot
005240,005240,,,=== Intersection ===,,Dot
005241,005241,,,=== Intersection ===,,Dot
005242,005242,,,=== Intersection ===,,Dot
005243,005243,,,=== Intersection ===,,Dot
005245,005245,,,=== Point of Interest ===,,Dot
005246,005246,,,=== Point of Interest ===,,Dot
005247,005247,,,=== Point of Interest ===,,Dot
005248,005248,,,=== Point of Interest ===,,Dot
005249,005249,40.771248,-91.056674,Ellison Creek,Ellison Creek,Dot
005250,005250,40.714212,-91.070014,Honey Creek,Honey Creek,Dot
005251,005251,,,=== City ===,,Dot
005252,005252,,,=== Intersection ===,,Dot
005253,005253,,,=== City ===,,Dot
005254,005254,,,=== City ===,,Dot
005256,005256,,,=== Point of Interest ===,,Dot
005257,005257,,,=== Point of Interest ===,,Dot
005258,005258,,,=== City ===,,Dot
005259,005259,,,=== City ===,,Dot
005260,005260,,,=== City ===,,Dot
005262,005262,,,=== Point of Interest ===,,Dot
005263,005263,,,=== Point of Interest ===,,Dot
005264,005264,,,=== Point of Interest ===,,Dot
005265,005265,,,=== Intersection ===,,Dot
005266,005266,,,=== Intersection ===,,Dot
005267,005267,,,=== Intersection ===,,Dot
005268,005268,,,=== Intersection ===,,Dot
005273,005273,,,=== Point of Interest ===,,Dot
005274,005274,,,=== Point of Interest ===,,Dot
005275,005275,,,=== Point of Interest ===,,Dot
005276,005276,,,=== City ===,,Dot
005277,005277,,,=== Intersection ===,,Dot
005278,005278,,,=== City ===,,Dot
005279,005279,,,=== City ===,,Dot
005281,005281,,,=== Point of Interest ===,,Dot
005282,005282,,,=== Point of Interest ===,,Dot
005283,005283,,,=== Point of Interest ===,,Dot
005284,005284,,,=== Point of Interest ===,,Dot
005285,005285,40.624391,-91.208405,Opossum Creek,Opossum Creek,Dot
005286,005286,,,=== City ===,,Dot
005287,005287,,,=== City ===,,Dot
005288,005288,,,=== City ===,,Dot
005290,005290,,,=== Point of Interest ===,,Dot
005291,005291,,,=== Point of Interest ===,,Dot
005292,005292,,,=== Intersection ===,,Dot
005293,005293,,,=== City ===,,Dot
005294,005294,,,=== City ===,,Dot
005296,005296,,,=== Point of Interest ===,,Dot
005297,005297,,,=== Point of Interest ===,,Dot
005298,005298,,,=== City ===,,Dot
005299,005299,,,=== City ===,,Dot
005300,005300,,,=== City ===,,Dot
005302,005302,,,=== Point of Interest ===,,Dot
005303,005303,,,=== Point of Interest ===,,Dot
005304,005304,,,=== Point of Interest ===,,Dot
005305,005305,,,=== Intersection ===,,Dot
005306,005306,,,=== Intersection ===,,Dot
005307,005307,,,=== Intersection ===,,Dot
005308,005308,,,=== Intersection ===,,Dot
005321,005321,,,=== Point of Interest ===,,Dot
005322,005322,,,=== Point of Interest ===,,Dot
005323,005323,,,=== Point of Interest ===,,Dot
005324,005324,,,=== City ===,,Dot
005325,005325,,,=== Intersection ===,,Dot
005326,005326,,,=== City ===,,Dot
005327,005327,,,=== City ===,,Dot
005329,005329,,,=== Point of Interest ===,,Dot
005330,005330,,,=== Point of Interest ===,,Dot
005331,005331,,,=== City ===,,Dot
005332,005332,,,=== City ===,,Dot
005333,005333,,,=== City ===,,Dot
005335,005335,,,=== Point of Interest ===,,Dot
005336,005336,,,=== Point of Interest ===,,Dot
005337,005337,,,=== Point of Interest ===,,Dot
005338,005338,,,=== Point of Interest ===,,Dot
005339,005339,40.600068,-91.304907,Tyson Creek,Tyson Creek,Dot
005340,005340,,,=== City ===,,Dot
005341,005341,,,=== City ===,,Dot
005342,005342,,,=== City ===,,Dot
005343,005343,,,=== City ===,,Dot
005345,005345,,,=== Point of Interest ===,,Dot
005346,005346,,,=== Point of Interest ===,,Dot
005347,005347,,,=== Point of Interest ===,,Dot
005348,005348,,,=== Point of Interest ===,,Dot
005349,005349,40.450944,-91.369429,Waggoner Creek,Waggoner Creek,Dot
005350,005350,40.403525,-91.351956,Chaney Creek,Chaney Creek,Dot
005351,005351,,,=== Intersection ===,,Dot
005352,005352,,,=== Intersection ===,,Dot
005353,005353,,,=== Intersection ===,,Dot
005354,005354,,,=== Intersection ===,,Dot
005365,005365,,,=== Point of Interest ===,,Dot
005366,005366,,,=== Point of Interest ===,,Dot
005367,005367,,,=== Point of Interest ===,,Dot
005368,005368,,,=== City ===,,Dot
005369,005369,,,=== City ===,,Dot
005370,005370,,,=== City ===,,Dot
005372,005372,,,=== Point of Interest ===,,Dot
005373,005373,,,=== Point of Interest ===,,Dot
005374,005374,,,=== Point of Interest ===,,Dot
005375,005375,40.373503,-91.383602,Crystal Glen Creek,Crystal Glen Creek,Dot
005376,005376,,,=== Intersection ===,,Dot
005377,005377,,,=== Intersection ===,,Dot
005378,005378,,,=== Intersection ===,,Dot
005379,005379,,,=== Intersection ===,,Dot
005382,005382,,,=== Point of Interest ===,,Dot
005383,005383,,,=== Point of Interest ===,,Dot
005384,005384,,,=== Point of Interest ===,,Dot
005385,005385,,,=== City ===,,Dot
005386,005386,,,=== City ===,,Dot
005387,005387,,,=== City ===,,Dot
005389,005389,,,=== Point of Interest ===,,Dot
005390,005390,,,=== Point of Interest ===,,Dot
005391,005391,,,=== Point of Interest ===,,Dot
005392,005392,40.248868,-91.418091,Jennifer Creek,Jennifer Creek,Dot
005393,005393,40.229088,-91.418212,Petit Creek,Petit Creek,Dot
005394,005394,40.203294,-91.417834,Bluff Canal,Bluff Canal,Dot
005395,005395,,,=== Intersection ===,,Dot
005396,005396,,,=== Intersection ===,,Dot
005397,005397,,,=== Intersection ===,,Dot
005398,005398,,,=== Intersection ===,,Dot
005401,005401,,,=== Point of Interest ===,,Dot
005402,005402,,,=== Point of Interest ===,,Dot
005403,005403,,,=== Point of Interest ===,,Dot
005404,005404,,,=== Point of Interest ===,,Dot
005405,005405,40.074665,-91.395689,Ursa Creek,Ursa Creek,Dot
005406,005406,40.045407,-91.396706,Rock Creek,Rock Creek,Dot
005407,005407,40.034033,-91.398609,Frazier Creek,Frazier Creek,Dot
005408,005408,39.998372,-91.407984,Homan Creek,Homan Creek,Dot
005409,005409,,,=== Intersection ===,,Dot
005410,005410,,,=== Intersection ===,,Dot
005411,005411,,,=== Intersection ===,,Dot
005412,005412,,,=== Intersection ===,,Dot
005414,005414,,,=== Point of Interest ===,,Dot
005415,005415,,,=== Point of Interest ===,,Dot
005416,005416,,,=== Point of Interest ===,,Dot
005417,005417,,,=== City ===,,Dot
005418,005418,,,=== City ===,,Dot
005419,005419,,,=== City ===,,Dot
005420,005420,,,=== City ===,,Dot
005422,005422,,,=== Point of Interest ===,,Dot
005423,005423,,,=== Point of Interest ===,,Dot
005424,005424,,,=== Point of Interest ===,,Dot
005425,005425,,,=== Intersection ===,,Dot
005426,005426,,,=== Intersection ===,,Dot
005427,005427,,,=== Intersection ===,,Dot
005428,005428,,,=== Intersection ===,,Dot
005430,005430,,,=== Point of Interest ===,,Dot
005431,005431,,,=== Point of Interest ===,,Dot
005432,005432,,,=== Point of Interest ===,,Dot
005433,005433,,,=== Point of Interest ===,,Dot
005434,005434,39.935541,-91.414980,Cross Under Westbound US Hwy 24,Cross Under Westbound US Hwy 24,Dot
005435,005435,39.931798,-91.414978,Cross Under Eastbound US Hwy 24,Cross Under Eastbound US Hwy 24,Dot
005436,005436,,,=== Intersection ===,,Dot
005437,005437,,,=== Intersection ===,,Dot
005438,005438,,,=== Intersection ===,,Dot
005439,005439,,,=== Intersection ===,,Dot
005441,005441,,,=== Point of Interest ===,,Dot
005442,005442,,,=== Point of Interest ===,,Dot
005443,005443,,,=== Point of Interest ===,,Dot
005444,005444,,,=== Point of Interest ===,,Dot
005445,005445,39.909377,-91.409574,Curtis Creek,Curtis Creek,Dot
005446,005446,,,=== City ===,,Dot
005447,005447,,,=== City ===,,Dot
005448,005448,,,=== City ===,,Dot
005450,005450,,,=== Point of Interest ===,,Dot
005451,005451,,,=== Point of Interest ===,,Dot
005452,005452,,,=== Point of Interest ===,,Dot
005453,005453,39.798723,-91.319729,Austin Creek,Austin Creek,Dot
005454,005454,39.788429,-91.307833,Cross Under Interstate Hwy 172,Cross Under Interstate Hwy 172,Dot
005455,005455,,,=== Intersection ===,,Dot
005456,005456,,,=== Intersection ===,,Dot
005457,005457,,,=== Intersection ===,,Dot
005458,005458,,,=== Intersection ===,,Dot
005460,005460,,,=== Point of Interest ===,,Dot
005461,005461,,,=== Point of Interest ===,,Dot
005462,005462,,,=== Point of Interest ===,,Dot
005463,005463,,,=== Point of Interest ===,,Dot
005464,005464,39.759134,-91.303412,Cross Over Interstate Hwy 172,Cross Over Interstate Hwy 172,Dot
005465,005465,39.734952,-91.315965,Bird Slough,Bird Slough,Dot
005466,005466,,,=== City ===,,Dot
005467,005467,,,=== Intersection ===,,Dot
005468,005468,,,=== City ===,,Dot
005469,005469,,,=== City ===,,Dot
005471,005471,,,=== Point of Interest ===,,Dot
005472,005472,,,=== Point of Interest ===,,Dot
005473,005473,,,=== Point of Interest ===,,Dot
005474,005474,,,=== Intersection ===,,Dot
005475,005475,,,=== Intersection ===,,Dot
005476,005476,,,=== Intersection ===,,Dot
005477,005477,,,=== Intersection ===,,Dot
005479,005479,,,=== Point of Interest ===,,Dot
005480,005480,,,=== Point of Interest ===,,Dot
005481,005481,,,=== Point of Interest ===,,Dot
005482,005482,,,=== Point of Interest ===,,Dot
005483,005483,39.720340,-91.358189,Climb,Begin 158 Foot Elevation Gain Next 0.8 Miles (Grade:Avg 3.5% Max 7.1%),Dot
005484,005484,,,=== Intersection ===,,Dot
005485,005485,,,=== Intersection ===,,Dot
005486,005486,,,=== Intersection ===,,Dot
005487,005487,,,=== Intersection ===,,Dot
005490,005490,,,=== Point of Interest ===,,Dot
005491,005491,,,=== Point of Interest ===,,Dot
005492,005492,,,=== Point of Interest ===,,Dot
005493,005493,,,=== Point of Interest ===,,Dot
005494,005494,39.717976,-91.373329,Summit,End 158 Foot Elevation Gain,Dot
005495,005495,,,=== City ===,,Dot
005496,005496,,,=== City ===,,Dot
005497,005497,,,=== City ===,,Dot
005498,005498,,,=== City ===,,Dot
005500,005500,,,=== Point of Interest ===,,Dot
005501,005501,,,=== Point of Interest ===,,Dot
005502,005502,,,=== Point of Interest ===,,Dot
005503,005503,,,=== Point of Interest ===,,Dot
005504,005504,39.705787,-91.354396,Climb,Begin 174 Foot Elevation Gain Next 0.8 Miles (Grade:Avg 3.7% Max 5.3%),Dot
005505,005505,39.699481,-91.342176,Summit,End 174 Foot Elevation Gain,Dot
005506,005506,39.693859,-91.331907,Fall Creek,Fall Creek,Dot
005507,005507,39.670326,-91.311047,Climb,Begin 290 Foot Elevation Gain Next 1.7 Miles (Grade:Avg 3.1% Max 4.6%),Dot
005508,005508,39.648376,-91.311401,Summit,End 290 Foot Elevation Gain,Dot
005509,005509,39.636816,-91.274309,Climb,Begin 199 Foot Elevation Gain Next 1.1 Miles (Grade:Avg 3.5% Max 5.5%),Dot
005510,005510,39.636795,-91.274298,Hascall Creek,Hascall Creek,Dot
005511,005511,39.627428,-91.263077,Summit,End 199 Foot Elevation Gain,Dot
005512,005512,39.611499,-91.245577,Fools Creek,Fools Creek,Dot
005513,005513,39.611460,-91.245553,Climb,Begin 320 Foot Elevation Gain Next 1.1 Miles (Grade:Avg 4.8% Max 9.5%),Dot
005514,005514,39.600809,-91.231519,Summit,End 320 Foot Elevation Gain,Dot
005515,005515,39.578813,-91.199454,Battle Creek,Battle Creek,Dot
005516,005516,39.576689,-91.198779,Climb,Begin 294 Foot Elevation Gain Next 0.9 Miles (Grade:Avg 6.7% Max 11.0%),Dot
005517,005517,39.567015,-91.190243,Summit,End 294 Foot Elevation Gain,Dot
005518,005518,,,=== Intersection ===,,Dot
005519,005519,,,=== Intersection ===,,Dot
005520,005520,,,=== Intersection ===,,Dot
005521,005521,,,=== Intersection ===,,Dot
005523,005523,,,=== Point of Interest ===,,Dot
005524,005524,,,=== Point of Interest ===,,Dot
005525,005525,,,=== Point of Interest ===,,Dot
005526,005526,,,=== Point of Interest ===,,Dot
005527,005527,39.521792,-91.202692,Salt River,Salt River,Dot
005528,005528,39.513898,-91.206683,Haw Creek Slough,Haw Creek Slough,Dot
005529,005529,39.500952,-91.206760,Horn Branch,Horn Branch,Dot
005530,005530,39.482287,-91.155419,Climb,Begin 160 Foot Elevation Gain Next 0.7 Miles (Grade:Avg 4.5% Max 6.5%),Dot
005531,005531,39.472269,-91.155006,Summit,End 160 Foot Elevation Gain,Dot
005532,005532,39.470881,-91.102254,Grassy Creek,Grassy Creek,Dot
005533,005533,39.467826,-91.086367,Climb,Begin 245 Foot Elevation Gain Next 1.0 Miles (Grade:Avg 4.6% Max 5.6%),Dot
005534,005534,39.463325,-91.069643,Summit,End 245 Foot Elevation Gain,Dot
005535,005535,,,=== City ===,,Dot
005536,005536,,,=== Intersection ===,,Dot
005537,005537,,,=== City ===,,Dot
005538,005538,,,=== City ===,,Dot
005540,005540,,,=== Point of Interest ===,,Dot
005541,005541,,,=== Point of Interest ===,,Dot
005542,005542,,,=== City ===,,Dot
005543,005543,,,=== City ===,,Dot
005544,005544,,,=== City ===,,Dot
005546,005546,,,=== Point of Interest ===,,Dot
005547,005547,,,=== Point of Interest ===,,Dot
005548,005548,,,=== Intersection ===,,Dot
005549,005549,,,=== City ===,,Dot
005550,005550,,,=== City ===,,Dot
005552,005552,,,=== Point of Interest ===,,Dot
005553,005553,,,=== Point of Interest ===,,Dot
005554,005554,,,=== Point of Interest ===,,Dot
005555,005555,,,=== Intersection ===,,Dot
005556,005556,,,=== Intersection ===,,Dot
005557,005557,,,=== Intersection ===,,Dot
005558,005558,,,=== Intersection ===,,Dot
005560,005560,,,=== Point of Interest ===,,Dot
005561,005561,,,=== Point of Interest ===,,Dot
005562,005562,,,=== Point of Interest ===,,Dot
005563,005563,,,=== Point of Interest ===,,Dot
005564,005564,39.462480,-91.000310,Sand Slough,Sand Slough,Dot
005565,005565,39.462359,-90.987315,The Sny,The Sny,Dot
005566,005566,,,=== City ===,,Dot
005567,005567,,,=== Intersection ===,,Dot
005568,005568,,,=== City ===,,Dot
005569,005569,,,=== City ===,,Dot
005571,005571,,,=== Point of Interest ===,,Dot
005572,005572,,,=== Point of Interest ===,,Dot
005573,005573,,,=== Point of Interest ===,,Dot
005574,005574,,,=== City ===,,Dot
005575,005575,,,=== City ===,,Dot
005577,005577,,,=== Point of Interest ===,,Dot
005578,005578,,,=== Point of Interest ===,,Dot
005579,005579,,,=== Point of Interest ===,,Dot
005580,005580,39.429245,-90.848968,Bay Creek,Bay Creek,Dot
005581,005581,39.318503,-90.762761,West Panther Creek,West Panther Creek,Dot
005582,005582,39.296301,-90.751976,Crooked Creek,Crooked Creek,Dot
005583,005583,,,=== City ===,,Dot
005584,005584,,,=== Intersection ===,,Dot
005585,005585,,,=== City ===,,Dot
005586,005586,,,=== City ===,,Dot
005588,005588,,,=== Point of Interest ===,,Dot
005589,005589,,,=== Point of Interest ===,,Dot
005590,005590,,,=== Point of Interest ===,,Dot
005591,005591,,,=== Point of Interest ===,,Dot
005592,005592,39.294896,-90.718322,Fox Creek,Fox Creek,Dot
005593,005593,,,=== Intersection ===,,Dot
005594,005594,,,=== Intersection ===,,Dot
005595,005595,,,=== Intersection ===,,Dot
005596,005596,,,=== Intersection ===,,Dot
005598,005598,,,=== Point of Interest ===,,Dot
005599,005599,,,=== Point of Interest ===,,Dot
005600,005600,,,=== Point of Interest ===,,Dot
005601,005601,,,=== Point of Interest ===,,Dot
005602,005602,39.294893,-90.718343,Fox Creek,Fox Creek,Dot
005603,005603,,,=== Intersection ===,,Dot
005604,005604,,,=== Intersection ===,,Dot
005605,005605,,,=== Intersection ===,,Dot
005606,005606,,,=== Intersection ===,,Dot
005608,005608,,,=== Point of Interest ===,,Dot
005609,005609,,,=== Point of Interest ===,,Dot
005610,005610,,,=== Point of Interest ===,,Dot
005611,005611,,,=== Point of Interest ===,,Dot
005612,005612,39.280689,-90.738569,Fox Creek,Fox Creek,Dot
005613,005613,,,=== City ===,,Dot
005614,005614,,,=== City ===,,Dot
005615,005615,,,=== City ===,,Dot
005616,005616,,,=== City ===,,Dot
005618,005618,,,=== Point of Interest ===,,Dot
005619,005619,,,=== Point of Interest ===,,Dot
005620,005620,,,=== Point of Interest ===,,Dot
005621,005621,,,=== City ===,,Dot
005622,005622,,,=== City ===,,Dot
005624,005624,,,=== Point of Interest ===,,Dot
005625,005625,,,=== Point of Interest ===,,Dot
005626,005626,,,=== Intersection ===,,Dot
005627,005627,,,=== Intersection ===,,Dot
005628,005628,,,=== Intersection ===,,Dot
005629,005629,,,=== Intersection ===,,Dot
005632,005632,,,=== Point of Interest ===,,Dot
005633,005633,,,=== Point of Interest ===,,Dot
005634,005634,,,=== Point of Interest ===,,Dot
005635,005635,,,=== City ===,,Dot
005636,005636,,,=== City ===,,Dot
005637,005637,,,=== City ===,,Dot
005638,005638,,,=== City ===,,Dot
005640,005640,,,=== Point of Interest ===,,Dot
005641,005641,,,=== Point of Interest ===,,Dot
005642,005642,,,=== Point of Interest ===,,Dot
005643,005643,,,=== Point of Interest ===,,Dot
005644,005644,39.015808,-90.659229,Madison Creek,Madison Creek,Dot
005645,005645,,,=== Intersection ===,,Dot
005646,005646,,,=== Intersection ===,,Dot
005647,005647,,,=== Intersection ===,,Dot
005648,005648,,,=== Intersection ===,,Dot
005651,005651,,,=== Point of Interest ===,,Dot
005652,005652,,,=== Point of Interest ===,,Dot
005653,005653,,,=== Point of Interest ===,,Dot
005654,005654,,,=== Point of Interest ===,,Dot
005655,005655,38.951069,-90.635694,Metz Creek,Metz Creek,Dot
005656,005656,,,=== Intersection ===,,Dot
005657,005657,,,=== Intersection ===,,Dot
005658,005658,,,=== Intersection ===,,Dot
005659,005659,,,=== Intersection ===,,Dot
005661,005661,,,=== Point of Interest ===,,Dot
005662,005662,,,=== Point of Interest ===,,Dot
005663,005663,,,=== Point of Interest ===,,Dot
005664,005664,,,=== City ===,,Dot
005665,005665,,,=== Intersection ===,,Dot
005666,005666,,,=== City ===,,Dot
005667,005667,,,=== City ===,,Dot
005669,005669,,,=== Point of Interest ===,,Dot
005670,005670,,,=== Point of Interest ===,,Dot
005671,005671,,,=== Point of Interest ===,,Dot
005672,005672,,,=== City ===,,Dot
005673,005673,,,=== City ===,,Dot
005675,005675,,,=== Point of Interest ===,,Dot
005676,005676,,,=== Point of Interest ===,,Dot
005677,005677,,,=== Intersection ===,,Dot
005678,005678,,,=== City ===,,Dot
005679,005679,,,=== City ===,,Dot
005681,005681,,,=== Point of Interest ===,,Dot
005682,005682,,,=== Point of Interest ===,,Dot
005683,005683,,,=== Point of Interest ===,,Dot
005684,005684,,,=== Intersection ===,,Dot
005685,005685,,,=== Intersection ===,,Dot
005686,005686,,,=== Intersection ===,,Dot
005687,005687,,,=== Intersection ===,,Dot
005695,005695,,,=== Point of Interest ===,,Dot
005696,005696,,,=== Point of Interest ===,,Dot
005697,005697,,,=== Point of Interest ===,,Dot
005698,005698,,,=== City ===,,Dot
005699,005699,,,=== City ===,,Dot
005700,005700,,,=== City ===,,Dot
005701,005701,,,=== City ===,,Dot
005703,005703,,,=== Point of Interest ===,,Dot
005704,005704,,,=== Point of Interest ===,,Dot
005705,005705,,,=== Point of Interest ===,,Dot
005706,005706,,,=== Intersection ===,,Dot
005707,005707,,,=== Intersection ===,,Dot
005708,005708,,,=== Intersection ===,,Dot
005709,005709,,,=== Intersection ===,,Dot
005712,005712,,,=== Point of Interest ===,,Dot
005713,005713,,,=== Point of Interest ===,,Dot
005714,005714,,,=== Point of Interest ===,,Dot
005715,005715,,,=== Point of Interest ===,,Dot
005716,005716,38.962371,-90.389554,Sherman Hollow,Sherman Hollow,Dot
005717,005717,,,=== Intersection ===,,Dot
005718,005718,,,=== Intersection ===,,Dot
005719,005719,,,=== Intersection ===,,Dot
005720,005720,,,=== Intersection ===,,Dot
005722,005722,,,=== Point of Interest ===,,Dot
005723,005723,,,=== Point of Interest ===,,Dot
005724,005724,,,=== Point of Interest ===,,Dot
005725,005725,,,=== City ===,,Dot
005726,005726,,,=== Intersection ===,,Dot
005727,005727,,,=== City ===,,Dot
005728,005728,,,=== City ===,,Dot
005731,005731,,,=== Point of Interest ===,,Dot
005732,005732,,,=== Point of Interest ===,,Dot
005733,005733,,,=== City ===,,Dot
005734,005734,,,=== City ===,,Dot
005735,005735,,,=== City ===,,Dot
005737,005737,,,=== Point of Interest ===,,Dot
005738,005738,,,=== Point of Interest ===,,Dot
005739,005739,,,=== Point of Interest ===,,Dot
005740,005740,,,=== Intersection ===,,Dot
005741,005741,,,=== Intersection ===,,Dot
005742,005742,,,=== Intersection ===,,Dot
005743,005743,,,=== Intersection ===,,Dot
005749,005749,,,=== Point of Interest ===,,Dot
005750,005750,,,=== Point of Interest ===,,Dot
005751,005751,,,=== Point of Interest ===,,Dot
005752,005752,,,=== City ===,,Dot
005753,005753,,,=== Intersection ===,,Dot
005754,005754,,,=== City ===,,Dot
005755,005755,,,=== City ===,,Dot
005757,005757,,,=== Point of Interest ===,,Dot
005758,005758,,,=== Point of Interest ===,,Dot
005759,005759,,,=== Point of Interest ===,,Dot
005760,005760,,,=== Intersection ===,,Dot
005761,005761,,,=== Intersection ===,,Dot
005762,005762,,,=== Intersection ===,,Dot
005763,005763,,,=== Intersection ===,,Dot
005765,005765,,,=== Point of Interest ===,,Dot
005766,005766,,,=== Point of Interest ===,,Dot
005767,005767,,,=== Point of Interest ===,,Dot
005768,005768,,,=== Point of Interest ===,,Dot
005769,005769,38.861028,-90.128849,Wood River,Wood River,Dot
005770,005770,,,=== City ===,,Dot
005771,005771,,,=== City ===,,Dot
005772,005772,,,=== City ===,,Dot
005774,005774,,,=== Point of Interest ===,,Dot
005775,005775,,,=== Point of Interest ===,,Dot
005776,005776,,,=== Intersection ===,,Dot
005777,005777,,,=== Intersection ===,,Dot
005778,005778,,,=== Intersection ===,,Dot
005779,005779,,,=== Intersection ===,,Dot
005781,005781,,,=== Point of Interest ===,,Dot
005782,005782,,,=== Point of Interest ===,,Dot
005783,005783,,,=== Point of Interest ===,,Dot
005784,005784,,,=== Point of Interest ===,,Dot
005785,005785,38.805094,-90.112559,Mississippi-Missouri River Confluence Overlook,Mississippi-Missouri River Confluence Overlook,Dot
005786,005786,,,=== Intersection ===,,Dot
005787,005787,,,=== Intersection ===,,Dot
005788,005788,,,=== Intersection ===,,Dot
005789,005789,,,=== Intersection ===,,Dot
005791,005791,,,=== Point of Interest ===,,Dot
005792,005792,,,=== Point of Interest ===,,Dot
005793,005793,,,=== Point of Interest ===,,Dot
005794,005794,,,=== City ===,,Dot
005795,005795,,,=== Intersection ===,,Dot
005796,005796,,,=== City ===,,Dot
005797,005797,,,=== City ===,,Dot
005799,005799,,,=== Point of Interest ===,,Dot
005800,005800,,,=== Point of Interest ===,,Dot
005801,005801,,,=== Point of Interest ===,,Dot
005802,005802,,,=== Point of Interest ===,,Dot
005803,005803,38.765984,-90.132955,Cross Under Interstate Hwy 270,Cross Under Interstate Hwy 270,Dot
005804,005804,,,=== City ===,,Dot
005805,005805,,,=== Intersection ===,,Dot
005806,005806,,,=== City ===,,Dot
005807,005807,,,=== City ===,,Dot
005809,005809,,,=== Point of Interest ===,,Dot
005810,005810,,,=== Point of Interest ===,,Dot
005811,005811,,,=== Point of Interest ===,,Dot
005812,005812,,,=== Intersection ===,,Dot
005813,005813,,,=== Intersection ===,,Dot
005814,005814,,,=== Intersection ===,,Dot
005815,005815,,,=== Intersection ===,,Dot
005817,005817,,,=== Point of Interest ===,,Dot
005818,005818,,,=== Point of Interest ===,,Dot
005819,005819,,,=== Point of Interest ===,,Dot
005820,005820,,,=== Point of Interest ===,,Dot
005821,005821,38.761882,-90.138121,Cross Chain of Rocks Canal,Cross Chain of Rocks Canal,Dot
005822,005822,,,=== Intersection ===,,Dot
005823,005823,,,=== Intersection ===,,Dot
005824,005824,,,=== Intersection ===,,Dot
005825,005825,,,=== Intersection ===,,Dot
005836,005836,,,=== Point of Interest ===,,Dot
005837,005837,,,=== Point of Interest ===,,Dot
005838,005838,,,=== Point of Interest ===,,Dot
005839,005839,,,=== Point of Interest ===,,Dot
005840,005840,38.728854,-90.220750,Cross Maline Creek,Cross Maline Creek,Dot
005841,005841,,,=== Intersection ===,,Dot
005842,005842,,,=== Intersection ===,,Dot
005843,005843,,,=== Intersection ===,,Dot
005844,005844,,,=== Intersection ===,,Dot
005846,005846,,,=== Point of Interest ===,,Dot
005847,005847,,,=== Point of Interest ===,,Dot
005848,005848,,,=== Point of Interest ===,,Dot
005849,005849,,,=== Point of Interest ===,,Dot
005850,005850,38.673749,-90.190040,Cross Under Merchants Bridge (RR),Cross Under Merchants Bridge (RR),Dot
005851,005851,38.664436,-90.186815,Cross Under McKinley Bridge,Cross Under McKinley Bridge,Dot
005852,005852,,,=== City ===,,Dot
005853,005853,,,=== City ===,,Dot
005854,005854,,,=== City ===,,Dot
005856,005856,,,=== Point of Interest ===,,Dot
005857,005857,,,=== Point of Interest ===,,Dot
005858,005858,,,=== Intersection ===,,Dot
005859,005859,,,=== Intersection ===,,Dot
005860,005860,,,=== Intersection ===,,Dot
005861,005861,,,=== Intersection ===,,Dot
005863,005863,,,=== Point of Interest ===,,Dot
005864,005864,,,=== Point of Interest ===,,Dot
005865,005865,,,=== Point of Interest ===,,Dot
005866,005866,,,=== City ===,,Dot
005867,005867,,,=== Intersection ===,,Dot
005868,005868,,,=== City ===,,Dot
005869,005869,,,=== City ===,,Dot
005871,005871,,,=== Point of Interest ===,,Dot
005872,005872,,,=== Point of Interest ===,,Dot
005873,005873,,,=== Point of Interest ===,,Dot
005874,005874,,,=== Intersection ===,,Dot
005875,005875,,,=== Intersection ===,,Dot
005876,005876,,,=== Intersection ===,,Dot
005877,005877,,,=== Intersection ===,,Dot
005880,005880,,,=== Point of Interest ===,,Dot
005881,005881,,,=== Point of Interest ===,,Dot
005882,005882,,,=== Point of Interest ===,,Dot
005883,005883,,,=== Point of Interest ===,,Dot
005885,005885,,,=== Intersection ===,,Dot
005886,005886,,,=== Intersection ===,,Dot
005887,005887,,,=== Intersection ===,,Dot
005888,005888,,,=== Intersection ===,,Dot
005907,005907,,,=== Point of Interest ===,,Dot
005908,005908,,,=== Point of Interest ===,,Dot
005909,005909,,,=== Point of Interest ===,,Dot
005910,005910,,,=== Intersection ===,,Dot
005911,005911,,,=== Intersection ===,,Dot
005912,005912,,,=== Intersection ===,,Dot
005913,005913,,,=== Intersection ===,,Dot
005919,005919,,,=== Point of Interest ===,,Dot
005920,005920,,,=== Point of Interest ===,,Dot
005921,005921,,,=== Point of Interest ===,,Dot
005922,005922,,,=== Point of Interest ===,,Dot
005924,005924,,,=== Intersection ===,,Dot
005925,005925,,,=== Intersection ===,,Dot
005926,005926,,,=== Intersection ===,,Dot
005927,005927,,,=== Intersection ===,,Dot
005930,005930,,,=== Point of Interest ===,,Dot
005931,005931,,,=== Point of Interest ===,,Dot
005932,005932,,,=== Point of Interest ===,,Dot
005933,005933,,,=== City ===,,Dot
005934,005934,,,=== City ===,,Dot
005935,005935,,,=== City ===,,Dot
005937,005937,,,=== Point of Interest ===,,Dot
005938,005938,,,=== Point of Interest ===,,Dot
005939,005939,,,=== Point of Interest ===,,Dot
005940,005940,38.618940,-90.166119,Cross Under Interstate Hwy 55,Cross Under Interstate Hwy 55,Dot
005941,005941,,,=== City ===,,Dot
005942,005942,,,=== City ===,,Dot
005943,005943,,,=== City ===,,Dot
005945,005945,,,=== Point of Interest ===,,Dot
005946,005946,,,=== Point of Interest ===,,Dot
005947,005947,,,=== Intersection ===,,Dot
005948,005948,,,=== Intersection ===,,Dot
005949,005949,,,=== Intersection ===,,Dot
005950,005950,,,=== Intersection ===,,Dot
005953,005953,,,=== Point of Interest ===,,Dot
005954,005954,,,=== Point of Interest ===,,Dot
005955,005955,,,=== Point of Interest ===,,Dot
005956,005956,,,=== City ===,,Dot
005957,005957,,,=== City ===,,Dot
005958,005958,,,=== City ===,,Dot
005960,005960,,,=== Point of Interest ===,,Dot
005961,005961,,,=== Point of Interest ===,,Dot
005962,005962,,,=== Intersection ===,,Dot
005963,005963,,,=== Intersection ===,,Dot
005964,005964,,,=== Intersection ===,,Dot
005965,005965,,,=== Intersection ===,,Dot
005970,005970,,,=== Point of Interest ===,,Dot
005971,005971,,,=== Point of Interest ===,,Dot
005972,005972,,,=== Point of Interest ===,,Dot
005973,005973,,,=== City ===,,Dot
005974,005974,,,=== City ===,,Dot
005975,005975,,,=== City ===,,Dot
005976,005976,,,=== City ===,,Dot
005978,005978,,,=== Point of Interest ===,,Dot
005979,005979,,,=== Point of Interest ===,,Dot
005980,005980,,,=== Point of Interest ===,,Dot
005981,005981,,,=== Intersection ===,,Dot
005982,005982,,,=== Intersection ===,,Dot
005983,005983,,,=== Intersection ===,,Dot
005984,005984,,,=== Intersection ===,,Dot
005987,005987,,,=== Point of Interest ===,,Dot
005988,005988,,,=== Point of Interest ===,,Dot
005989,005989,,,=== Point of Interest ===,,Dot
005990,005990,,,=== City ===,,Dot
005991,005991,,,=== City ===,,Dot
005992,005992,,,=== City ===,,Dot
005994,005994,,,=== Point of Interest ===,,Dot
005995,005995,,,=== Point of Interest ===,,Dot
005996,005996,,,=== Intersection ===,,Dot
005997,005997,,,=== Intersection ===,,Dot
005998,005998,,,=== Intersection ===,,Dot
005999,005999,,,=== Intersection ===,,Dot
006001,006001,,,=== Point of Interest ===,,Dot
006002,006002,,,=== Point of Interest ===,,Dot
006003,006003,,,=== Point of Interest ===,,Dot
006004,006004,,,=== City ===,,Dot
006005,006005,,,=== City ===,,Dot
006006,006006,,,=== City ===,,Dot
006007,006007,,,=== City ===,,Dot
006009,006009,,,=== Point of Interest ===,,Dot
006010,006010,,,=== Point of Interest ===,,Dot
006011,006011,,,=== Point of Interest ===,,Dot
006012,006012,,,=== Intersection ===,,Dot
006013,006013,,,=== Intersection ===,,Dot
006014,006014,,,=== Intersection ===,,Dot
006015,006015,,,=== Intersection ===,,Dot
006018,006018,,,=== Point of Interest ===,,Dot
006019,006019,,,=== Point of Interest ===,,Dot
006020,006020,,,=== Point of Interest ===,,Dot
006021,006021,,,=== City ===,,Dot
006022,006022,,,=== City ===,,Dot
006023,006023,,,=== City ===,,Dot
006025,006025,,,=== Point of Interest ===,,Dot
006026,006026,,,=== Point of Interest ===,,Dot
006027,006027,,,=== Point of Interest ===,,Dot
006028,006028,38.551668,-90.201415,Cross Old Prairie Du Pont Creek,Cross Old Prairie Du Pont Creek,Dot
006029,006029,,,=== Intersection ===,,Dot
006030,006030,,,=== Intersection ===,,Dot
006031,006031,,,=== Intersection ===,,Dot
006032,006032,,,=== Intersection ===,,Dot
006034,006034,,,=== Point of Interest ===,,Dot
006035,006035,,,=== Point of Interest ===,,Dot
006036,006036,,,=== Point of Interest ===,,Dot
006037,006037,,,=== City ===,,Dot
006038,006038,,,=== City ===,,Dot
006039,006039,,,=== City ===,,Dot
006040,006040,,,=== City ===,,Dot
006042,006042,,,=== Point of Interest ===,,Dot
006043,006043,,,=== Point of Interest ===,,Dot
006044,006044,,,=== Point of Interest ===,,Dot
006045,006045,,,=== Point of Interest ===,,Dot
006046,006046,38.508604,-90.205103,Cross Over Interstate Hwy 255,Cross Over Interstate Hwy 255,Dot
006047,006047,,,=== City ===,,Dot
006048,006048,,,=== City ===,,Dot
006049,006049,,,=== City ===,,Dot
006051,006051,,,=== Point of Interest ===,,Dot
006052,006052,,,=== Point of Interest ===,,Dot
006053,006053,,,=== Intersection ===,,Dot
006054,006054,,,=== Intersection ===,,Dot
006055,006055,,,=== Intersection ===,,Dot
006056,006056,,,=== Intersection ===,,Dot
006058,006058,,,=== Point of Interest ===,,Dot
006059,006059,,,=== Point of Interest ===,,Dot
006060,006060,,,=== Point of Interest ===,,Dot
006061,006061,,,=== City ===,,Dot
006062,006062,,,=== City ===,,Dot
006063,006063,,,=== City ===,,Dot
006065,006065,,,=== Point of Interest ===,,Dot
006066,006066,,,=== Point of Interest ===,,Dot
006067,006067,,,=== Point of Interest ===,,Dot
006068,006068,38.461755,-90.228054,Cross Palmer Creek,Cross Palmer Creek,Dot
006069,006069,38.387165,-90.256565,Cross Fountain Creek,Cross Fountain Creek,Dot
006070,006070,,,=== Intersection ===,,Dot
006071,006071,,,=== Intersection ===,,Dot
006072,006072,,,=== Intersection ===,,Dot
006073,006073,,,=== Intersection ===,,Dot
006075,006075,,,=== Point of Interest ===,,Dot
006076,006076,,,=== Point of Interest ===,,Dot
006077,006077,,,=== Point of Interest ===,,Dot
006078,006078,,,=== City ===,,Dot
006079,006079,,,=== City ===,,Dot
006080,006080,,,=== City ===,,Dot
006081,006081,,,=== City ===,,Dot
006083,006083,,,=== Point of Interest ===,,Dot
006084,006084,,,=== Point of Interest ===,,Dot
006085,006085,,,=== Point of Interest ===,,Dot
006086,006086,,,=== Intersection ===,,Dot
006087,006087,,,=== Intersection ===,,Dot
006088,006088,,,=== Intersection ===,,Dot
006089,006089,,,=== Intersection ===,,Dot
006093,006093,,,=== Point of Interest ===,,Dot
006094,006094,,,=== Point of Interest ===,,Dot
006095,006095,,,=== Point of Interest ===,,Dot
006096,006096,,,=== City ===,,Dot
006097,006097,,,=== City ===,,Dot
006098,006098,,,=== City ===,,Dot
006100,006100,,,=== Point of Interest ===,,Dot
006101,006101,,,=== Point of Interest ===,,Dot
006102,006102,,,=== Point of Interest ===,,Dot
006103,006103,38.227526,-90.286454,Cross Selma Ditch,Cross Selma Ditch,Dot
006104,006104,,,=== Intersection ===,,Dot
006105,006105,,,=== Intersection ===,,Dot
006106,006106,,,=== Intersection ===,,Dot
006107,006107,,,=== Intersection ===,,Dot
006110,006110,,,=== Point of Interest ===,,Dot
006111,006111,,,=== Point of Interest ===,,Dot
006112,006112,,,=== Point of Interest ===,,Dot
006113,006113,,,=== Point of Interest ===,,Dot
006114,006114,38.213261,-90.264258,Cross Mayestown Creek,Cross Mayestown Creek,Dot
006115,006115,,,=== Intersection ===,,Dot
006116,006116,,,=== Intersection ===,,Dot
006117,006117,,,=== Intersection ===,,Dot
006118,006118,,,=== Intersection ===,,Dot
006120,006120,,,=== Point of Interest ===,,Dot
006121,006121,,,=== Point of Interest ===,,Dot
006122,006122,,,=== Point of Interest ===,,Dot
006123,006123,,,=== Point of Interest ===,,Dot
006124,006124,38.181828,-90.230691,Cross Old Mayestown Creek,Cross Old Mayestown Creek,Dot
006125,006125,38.164928,-90.205076,Cross Fults Creek,Cross Fults Creek,Dot
006126,006126,,,=== City ===,,Dot
006127,006127,,,=== City ===,,Dot
006128,006128,,,=== City ===,,Dot
006130,006130,,,=== Point of Interest ===,,Dot
006131,006131,,,=== Point of Interest ===,,Dot
006132,006132,,,=== Point of Interest ===,,Dot
006133,006133,38.088371,-90.098448,Cross Prairie du Rocher Creek,Cross Prairie du Rocher Creek,Dot
006134,006134,,,=== City ===,,Dot
006135,006135,,,=== Intersection ===,,Dot
006136,006136,,,=== City ===,,Dot
006137,006137,,,=== City ===,,Dot
006139,006139,,,=== Point of Interest ===,,Dot
006140,006140,,,=== Point of Interest ===,,Dot
006141,006141,,,=== Point of Interest ===,,Dot
006142,006142,,,=== Intersection ===,,Dot
006143,006143,,,=== Intersection ===,,Dot
006144,006144,,,=== Intersection ===,,Dot
006145,006145,,,=== Intersection ===,,Dot
006150,006150,,,=== Point of Interest ===,,Dot
006151,006151,,,=== Point of Interest ===,,Dot
006152,006152,,,=== Point of Interest ===,,Dot
006153,006153,,,=== City ===,,Dot
006154,006154,,,=== City ===,,Dot
006155,006155,,,=== City ===,,Dot
006166,006166,,,=== Point of Interest ===,,Dot
006167,006167,,,=== Point of Interest ===,,Dot
006168,006168,,,=== Point of Interest ===,,Dot
006169,006169,,,=== Intersection ===,,Dot
006170,006170,,,=== Intersection ===,,Dot
006171,006171,,,=== Intersection ===,,Dot
006172,006172,,,=== Intersection ===,,Dot
006175,006175,,,=== Point of Interest ===,,Dot
006176,006176,,,=== Point of Interest ===,,Dot
006177,006177,,,=== Point of Interest ===,,Dot
006178,006178,,,=== Point of Interest ===,,Dot
006179,006179,37.983564,-90.043583,Cross North Gabouri Creek,Cross North Gabouri Creek,Dot
006180,006180,,,=== City ===,,Dot
006181,006181,,,=== City ===,,Dot
006182,006182,,,=== City ===,,Dot
006183,006183,,,=== City ===,,Dot
006185,006185,,,=== Point of Interest ===,,Dot
006186,006186,,,=== Point of Interest ===,,Dot
006187,006187,,,=== Point of Interest ===,,Dot
006188,006188,,,=== Point of Interest ===,,Dot
006189,006189,37.977288,-90.042740,Cross South Gabouri Creek,Cross South Gabouri Creek,Dot
006190,006190,,,=== Intersection ===,,Dot
006191,006191,,,=== Intersection ===,,Dot
006192,006192,,,=== Intersection ===,,Dot
006193,006193,,,=== Intersection ===,,Dot
006195,006195,,,=== Point of Interest ===,,Dot
006196,006196,,,=== Point of Interest ===,,Dot
006197,006197,,,=== Point of Interest ===,,Dot
006198,006198,,,=== Point of Interest ===,,Dot
006199,006199,37.919951,-89.994592,Cross River aux Vases,Cross River aux Vases,Dot
006200,006200,37.901367,-89.978213,Cross Saline Creek,Cross Saline Creek,Dot
006201,006201,,,=== City ===,,Dot
006202,006202,,,=== Intersection ===,,Dot
006203,006203,,,=== City ===,,Dot
006204,006204,,,=== City ===,,Dot
006206,006206,,,=== Point of Interest ===,,Dot
006207,006207,,,=== Point of Interest ===,,Dot
006208,006208,,,=== Point of Interest ===,,Dot
006209,006209,,,=== Point of Interest ===,,Dot
006210,006210,37.880001,-89.948010,Cross Old River,Cross Old River,Dot
006220,006220,,,=== Point of Interest ===,,Dot
006221,006221,,,=== Point of Interest ===,,Dot
006222,006222,,,=== Point of Interest ===,,Dot
006223,006223,,,=== Intersection ===,,Dot
006224,006224,,,=== Intersection ===,,Dot
006225,006225,,,=== Intersection ===,,Dot
006226,006226,,,=== Intersection ===,,Dot
006229,006229,,,=== Point of Interest ===,,Dot
006230,006230,,,=== Point of Interest ===,,Dot
006231,006231,,,=== Point of Interest ===,,Dot
006232,006232,,,=== City ===,,Dot
006233,006233,,,=== Intersection ===,,Dot
006234,006234,,,=== City ===,,Dot
006235,006235,,,=== City ===,,Dot
006237,006237,,,=== Point of Interest ===,,Dot
006238,006238,,,=== Point of Interest ===,,Dot
006239,006239,,,=== City ===,,Dot
006240,006240,,,=== City ===,,Dot
006241,006241,,,=== City ===,,Dot
006243,006243,,,=== Point of Interest ===,,Dot
006244,006244,,,=== Point of Interest ===,,Dot
006245,006245,,,=== Point of Interest ===,,Dot
006246,006246,,,=== Intersection ===,,Dot
006247,006247,,,=== Intersection ===,,Dot
006248,006248,,,=== Intersection ===,,Dot
006249,006249,,,=== Intersection ===,,Dot
006261,006261,,,=== Point of Interest ===,,Dot
006262,006262,,,=== Point of Interest ===,,Dot
006263,006263,,,=== Point of Interest ===,,Dot
006264,006264,,,=== Intersection ===,,Dot
006265,006265,,,=== Intersection ===,,Dot
006266,006266,,,=== Intersection ===,,Dot
006267,006267,,,=== Intersection ===,,Dot
006269,006269,,,=== Point of Interest ===,,Dot
006270,006270,,,=== Point of Interest ===,,Dot
006271,006271,,,=== Point of Interest ===,,Dot
006272,006272,,,=== City ===,,Dot
006273,006273,,,=== Intersection ===,,Dot
006274,006274,,,=== City ===,,Dot
006275,006275,,,=== City ===,,Dot
006277,006277,,,=== Point of Interest ===,,Dot
006278,006278,,,=== Point of Interest ===,,Dot
006279,006279,,,=== Point of Interest ===,,Dot
006280,006280,,,=== Point of Interest ===,,Dot
006281,006281,37.860243,-89.938007,Climb,Begin 178 Foot Elevation Gain Next 1.0 Miles (Grade:Avg 2.4% Max 5.4%),Dot
006282,006282,37.857363,-89.922044,Summit,End 178 Foot Elevation Gain,Dot
006283,006283,37.856274,-89.902300,Cross Bois Brule Creek,Cross Bois Brule Creek,Dot
006284,006284,,,=== City ===,,Dot
006285,006285,,,=== Intersection ===,,Dot
006286,006286,,,=== City ===,,Dot
006287,006287,,,=== City ===,,Dot
006289,006289,,,=== Point of Interest ===,,Dot
006290,006290,,,=== Point of Interest ===,,Dot
006291,006291,,,=== Point of Interest ===,,Dot
006292,006292,,,=== Intersection ===,,Dot
006293,006293,,,=== Intersection ===,,Dot
006294,006294,,,=== Intersection ===,,Dot
006295,006295,,,=== Intersection ===,,Dot
006297,006297,,,=== Point of Interest ===,,Dot
006298,006298,,,=== Point of Interest ===,,Dot
006299,006299,,,=== Point of Interest ===,,Dot
006300,006300,,,=== City ===,,Dot
006301,006301,,,=== City ===,,Dot
006302,006302,,,=== City ===,,Dot
006303,006303,,,=== City ===,,Dot
006305,006305,,,=== Point of Interest ===,,Dot
006306,006306,,,=== Point of Interest ===,,Dot
006307,006307,,,=== Point of Interest ===,,Dot
006308,006308,,,=== Intersection ===,,Dot
006309,006309,,,=== Intersection ===,,Dot
006310,006310,,,=== Intersection ===,,Dot
006311,006311,,,=== Intersection ===,,Dot
006313,006313,,,=== Point of Interest ===,,Dot
006314,006314,,,=== Point of Interest ===,,Dot
006315,006315,,,=== Point of Interest ===,,Dot
006316,006316,,,=== City ===,,Dot
006317,006317,,,=== Intersection ===,,Dot
006318,006318,,,=== City ===,,Dot
006319,006319,,,=== City ===,,Dot
006322,006322,,,=== Point of Interest ===,,Dot
006323,006323,,,=== Point of Interest ===,,Dot
006324,006324,,,=== Point of Interest ===,,Dot
006325,006325,,,=== Intersection ===,,Dot
006326,006326,,,=== Intersection ===,,Dot
006327,006327,,,=== Intersection ===,,Dot
006328,006328,,,=== Intersection ===,,Dot
006330,006330,,,=== Point of Interest ===,,Dot
006331,006331,,,=== Point of Interest ===,,Dot
006332,006332,,,=== Point of Interest ===,,Dot
006333,006333,,,=== City ===,,Dot
006334,006334,,,=== Intersection ===,,Dot
006335,006335,,,=== City ===,,Dot
006336,006336,,,=== City ===,,Dot
006339,006339,,,=== Point of Interest ===,,Dot
006340,006340,,,=== Point of Interest ===,,Dot
006341,006341,,,=== Point of Interest ===,,Dot
006342,006342,,,=== Intersection ===,,Dot
006343,006343,,,=== Intersection ===,,Dot
006344,006344,,,=== Intersection ===,,Dot
006345,006345,,,=== Intersection ===,,Dot
006349,006349,,,=== Point of Interest ===,,Dot
006350,006350,,,=== Point of Interest ===,,Dot
006351,006351,,,=== Point of Interest ===,,Dot
006352,006352,,,=== City ===,,Dot
006353,006353,,,=== Intersection ===,,Dot
006354,006354,,,=== City ===,,Dot
006355,006355,,,=== City ===,,Dot
006357,006357,,,=== Point of Interest ===,,Dot
006358,006358,,,=== Point of Interest ===,,Dot
006359,006359,,,=== Point of Interest ===,,Dot
006360,006360,,,=== Point of Interest ===,,Dot
006361,006361,37.759609,-89.611326,Cross Reeds Creek,Cross Reeds Creek,Dot
006362,006362,,,=== Intersection ===,,Dot
006363,006363,,,=== Intersection ===,,Dot
006364,006364,,,=== Intersection ===,,Dot
006365,006365,,,=== Intersection ===,,Dot
006368,006368,,,=== Point of Interest ===,,Dot
006369,006369,,,=== Point of Interest ===,,Dot
006370,006370,,,=== Point of Interest ===,,Dot
006371,006371,,,=== City ===,,Dot
006372,006372,,,=== City ===,,Dot
006373,006373,,,=== City ===,,Dot
006375,006375,,,=== Point of Interest ===,,Dot
006376,006376,,,=== Point of Interest ===,,Dot
006377,006377,,,=== City ===,,Dot
006378,006378,,,=== City ===,,Dot
006379,006379,,,=== City ===,,Dot
006381,006381,,,=== Point of Interest ===,,Dot
006382,006382,,,=== Point of Interest ===,,Dot
006383,006383,,,=== Point of Interest ===,,Dot
006384,006384,,,=== Intersection ===,,Dot
006385,006385,,,=== Intersection ===,,Dot
006386,006386,,,=== Intersection ===,,Dot
006387,006387,,,=== Intersection ===,,Dot
006389,006389,,,=== Point of Interest ===,,Dot
006390,006390,,,=== Point of Interest ===,,Dot
006391,006391,,,=== Point of Interest ===,,Dot
006392,006392,,,=== City ===,,Dot
006393,006393,,,=== Intersection ===,,Dot
006394,006394,,,=== City ===,,Dot
006395,006395,,,=== City ===,,Dot
006397,006397,,,=== Point of Interest ===,,Dot
006398,006398,,,=== Point of Interest ===,,Dot
006399,006399,,,=== Point of Interest ===,,Dot
006400,006400,,,=== Intersection ===,,Dot
006401,006401,,,=== Intersection ===,,Dot
006402,006402,,,=== Intersection ===,,Dot
006403,006403,,,=== Intersection ===,,Dot
006411,006411,,,=== Point of Interest ===,,Dot
006412,006412,,,=== Point of Interest ===,,Dot
006413,006413,,,=== Point of Interest ===,,Dot
006414,006414,,,=== City ===,,Dot
006415,006415,,,=== City ===,,Dot
006416,006416,,,=== City ===,,Dot
006417,006417,,,=== City ===,,Dot
006419,006419,,,=== Point of Interest ===,,Dot
006420,006420,,,=== Point of Interest ===,,Dot
006421,006421,,,=== Point of Interest ===,,Dot
006422,006422,,,=== Intersection ===,,Dot
006423,006423,,,=== Intersection ===,,Dot
006424,006424,,,=== Intersection ===,,Dot
006425,006425,,,=== Intersection ===,,Dot
006427,006427,,,=== Point of Interest ===,,Dot
006428,006428,,,=== Point of Interest ===,,Dot
006429,006429,,,=== Point of Interest ===,,Dot
006430,006430,,,=== City ===,,Dot
006431,006431,,,=== City ===,,Dot
006432,006432,,,=== City ===,,Dot
006433,006433,,,=== City ===,,Dot
006435,006435,,,=== Point of Interest ===,,Dot
006436,006436,,,=== Point of Interest ===,,Dot
006437,006437,,,=== Point of Interest ===,,Dot
006438,006438,,,=== Intersection ===,,Dot
006439,006439,,,=== Intersection ===,,Dot
006440,006440,,,=== Intersection ===,,Dot
006441,006441,,,=== Intersection ===,,Dot
006443,006443,,,=== Point of Interest ===,,Dot
006444,006444,,,=== Point of Interest ===,,Dot
006445,006445,,,=== Point of Interest ===,,Dot
006446,006446,,,=== City ===,,Dot
006447,006447,,,=== Intersection ===,,Dot
006448,006448,,,=== City ===,,Dot
006449,006449,,,=== City ===,,Dot
006460,006460,,,=== Point of Interest ===,,Dot
006461,006461,,,=== Point of Interest ===,,Dot
006462,006462,,,=== Point of Interest ===,,Dot
006463,006463,,,=== Intersection ===,,Dot
006464,006464,,,=== Intersection ===,,Dot
006465,006465,,,=== Intersection ===,,Dot
006466,006466,,,=== Intersection ===,,Dot
006468,006468,,,=== Point of Interest ===,,Dot
006469,006469,,,=== Point of Interest ===,,Dot
006470,006470,,,=== Point of Interest ===,,Dot
006471,006471,,,=== City ===,,Dot
006472,006472,,,=== City ===,,Dot
006473,006473,,,=== City ===,,Dot
006475,006475,,,=== Point of Interest ===,,Dot
006476,006476,,,=== Point of Interest ===,,Dot
006477,006477,,,=== Point of Interest ===,,Dot
006478,006478,37.297770,-89.523030,"At roundabout, take exit 3 onto South Fountain Street","At roundabout, take exit 3 onto South Fountain Street",Dot
006479,006479,,,=== City ===,,Dot
006480,006480,,,=== Intersection ===,,Dot
006481,006481,,,=== City ===,,Dot
006482,006482,,,=== City ===,,Dot
006493,006493,,,=== Point of Interest ===,,Dot
006494,006494,,,=== Point of Interest ===,,Dot
006495,006495,,,=== Point of Interest ===,,Dot
006496,006496,,,=== City ===,,Dot
006497,006497,,,=== Intersection ===,,Dot
006498,006498,,,=== City ===,,Dot
006499,006499,,,=== City ===,,Dot
006501,006501,,,=== Point of Interest ===,,Dot
006502,006502,,,=== Point of Interest ===,,Dot
006503,006503,,,=== Point of Interest ===,,Dot
006504,006504,,,=== Intersection ===,,Dot
006505,006505,,,=== Intersection ===,,Dot
006506,006506,,,=== Intersection ===,,Dot
006507,006507,,,=== Intersection ===,,Dot
006509,006509,,,=== Point of Interest ===,,Dot
006510,006510,,,=== Point of Interest ===,,Dot
006511,006511,,,=== Point of Interest ===,,Dot
006512,006512,,,=== Point of Interest ===,,Dot
006513,006513,37.247990,-89.448565,Cross Sexton Creek,Cross Sexton Creek,Dot
006514,006514,,,=== City ===,,Dot
006515,006515,,,=== City ===,,Dot
006516,006516,,,=== City ===,,Dot
006518,006518,,,=== Point of Interest ===,,Dot
006519,006519,,,=== Point of Interest ===,,Dot
006520,006520,,,=== Intersection ===,,Dot
006521,006521,,,=== City ===,,Dot
006522,006522,,,=== City ===,,Dot
006524,006524,,,=== Point of Interest ===,,Dot
006525,006525,,,=== Point of Interest ===,,Dot
006526,006526,,,=== City ===,,Dot
006527,006527,,,=== City ===,,Dot
006528,006528,,,=== City ===,,Dot
006530,006530,,,=== Point of Interest ===,,Dot
006531,006531,,,=== Point of Interest ===,,Dot
006532,006532,,,=== Point of Interest ===,,Dot
006533,006533,,,=== Intersection ===,,Dot
006534,006534,,,=== Intersection ===,,Dot
006535,006535,,,=== Intersection ===,,Dot
006536,006536,,,=== Intersection ===,,Dot
006540,006540,,,=== Point of Interest ===,,Dot
006541,006541,,,=== Point of Interest ===,,Dot
006542,006542,,,=== Point of Interest ===,,Dot
006543,006543,,,=== City ===,,Dot
006544,006544,,,=== City ===,,Dot
006545,006545,,,=== City ===,,Dot
006546,006546,,,=== City ===,,Dot
006548,006548,,,=== Point of Interest ===,,Dot
006549,006549,,,=== Point of Interest ===,,Dot
006550,006550,,,=== Intersection ===,,Dot
006551,006551,,,=== City ===,,Dot
006552,006552,,,=== City ===,,Dot
006556,006556,,,=== Point of Interest ===,,Dot
006557,006557,,,=== Point of Interest ===,,Dot
006558,006558,,,=== Point of Interest ===,,Dot
006559,006559,,,=== Point of Interest ===,,Dot
006560,006560,37.168843,-89.355814,Cross Pigeon Roost Creek,Cross Pigeon Roost Creek,Dot
006561,006561,,,=== City ===,,Dot
006562,006562,,,=== City ===,,Dot
006563,006563,,,=== City ===,,Dot
006564,006564,,,=== City ===,,Dot
006566,006566,,,=== Point of Interest ===,,Dot
006567,006567,,,=== Point of Interest ===,,Dot
006568,006568,,,=== Intersection ===,,Dot
006569,006569,,,=== City ===,,Dot
006570,006570,,,=== City ===,,Dot
006572,006572,,,=== Point of Interest ===,,Dot
006573,006573,,,=== Point of Interest ===,,Dot
006574,006574,,,=== Point of Interest ===,,Dot
006575,006575,,,=== Point of Interest ===,,Dot
006576,006576,37.167363,-89.353598,Cross Pigeon Roost Creek,Cross Pigeon Roost Creek,Dot
006577,006577,,,=== City ===,,Dot
006578,006578,,,=== Intersection ===,,Dot
006579,006579,,,=== City ===,,Dot
006580,006580,,,=== City ===,,Dot
006583,006583,,,=== Point of Interest ===,,Dot
006584,006584,,,=== Point of Interest ===,,Dot
006585,006585,,,=== Point of Interest ===,,Dot
006586,006586,,,=== Point of Interest ===,,Dot
006587,006587,37.093194,-89.256444,Cross Cache River,Cross Cache River,Dot
006588,006588,,,=== City ===,,Dot
006589,006589,,,=== City ===,,Dot
006590,006590,,,=== City ===,,Dot
006592,006592,,,=== Point of Interest ===,,Dot
006593,006593,,,=== Point of Interest ===,,Dot
006594,006594,,,=== Point of Interest ===,,Dot
006595,006595,37.041616,-89.201348,Cross Under Interstate Hwy 57,Cross Under Interstate Hwy 57,Dot
006596,006596,,,=== City ===,,Dot
006597,006597,,,=== Intersection ===,,Dot
006598,006598,,,=== City ===,,Dot
006599,006599,,,=== City ===,,Dot
006601,006601,,,=== Point of Interest ===,,Dot
006602,006602,,,=== Point of Interest ===,,Dot
006603,006603,,,=== City ===,,Dot
006604,006604,,,=== City ===,,Dot
006605,006605,,,=== City ===,,Dot
006607,006607,,,=== Point of Interest ===,,Dot
006608,006608,,,=== Point of Interest ===,,Dot
006609,006609,,,=== Intersection ===,,Dot
006610,006610,,,=== City ===,,Dot
006611,006611,,,=== City ===,,Dot
006613,006613,,,=== Point of Interest ===,,Dot
006614,006614,,,=== Point of Interest ===,,Dot
006615,006615,,,=== City ===,,Dot
006616,006616,,,=== City ===,,Dot
006617,006617,,,=== City ===,,Dot
006628,006628,,,=== Point of Interest ===,,Dot
006629,006629,,,=== Point of Interest ===,,Dot
006630,006630,,,=== Point of Interest ===,,Dot
006631,006631,,,=== Intersection ===,,Dot
006632,006632,,,=== Intersection ===,,Dot
006633,006633,,,=== Intersection ===,,Dot
006634,006634,,,=== Intersection ===,,Dot
006645,006645,,,=== Point of Interest ===,,Dot
006646,006646,,,=== Point of Interest ===,,Dot
006647,006647,,,=== Point of Interest ===,,Dot
006648,006648,,,=== City ===,,Dot
006649,006649,,,=== Intersection ===,,Dot
006650,006650,,,=== City ===,,Dot
006651,006651,,,=== City ===,,Dot
006654,006654,,,=== Point of Interest ===,,Dot
006655,006655,,,=== Point of Interest ===,,Dot
006656,006656,,,=== Point of Interest ===,,Dot
006657,006657,,,=== Intersection ===,,Dot
006658,006658,,,=== Intersection ===,,Dot
006659,006659,,,=== Intersection ===,,Dot
006660,006660,,,=== Intersection ===,,Dot
006672,006672,,,=== Point of Interest ===,,Dot
006673,006673,,,=== Point of Interest ===,,Dot
006674,006674,,,=== Point of Interest ===,,Dot
006675,006675,,,=== Point of Interest ===,,Dot
006676,006676,36.993244,-89.146463,Cross Ohio River,Cross Ohio River,Dot
006677,006677,,,=== Intersection ===,,Dot
006678,006678,,,=== Intersection ===,,Dot
006679,006679,,,=== Intersection ===,,Dot
006680,006680,,,=== Intersection ===,,Dot
006683,006683,,,=== Point of Interest ===,,Dot
006684,006684,,,=== Point of Interest ===,,Dot
006685,006685,,,=== Point of Interest ===,,Dot
006686,006686,,,=== City ===,,Dot
006687,006687,,,=== City ===,,Dot
006688,006688,,,=== City ===,,Dot
006689,006689,,,=== City ===,,Dot
006691,006691,,,=== Point of Interest ===,,Dot
006692,006692,,,=== Point of Interest ===,,Dot
006693,006693,,,=== Point of Interest ===,,Dot
006694,006694,,,=== Intersection ===,,Dot
006695,006695,,,=== Intersection ===,,Dot
006696,006696,,,=== Intersection ===,,Dot
006697,006697,,,=== Intersection ===,,Dot
006699,006699,,,=== Point of Interest ===,,Dot
006700,006700,,,=== Point of Interest ===,,Dot
006701,006701,,,=== Point of Interest ===,,Dot
006702,006702,,,=== Point of Interest ===,,Dot
006703,006703,36.927781,-89.062753,Cross Mayfield Creek,Cross Mayfield Creek,Dot
006704,006704,,,=== Intersection ===,,Dot
006705,006705,,,=== Intersection ===,,Dot
006706,006706,,,=== Intersection ===,,Dot
006707,006707,,,=== Intersection ===,,Dot
006709,006709,,,=== Point of Interest ===,,Dot
006710,006710,,,=== Point of Interest ===,,Dot
006711,006711,,,=== Point of Interest ===,,Dot
006712,006712,,,=== City ===,,Dot
006713,006713,,,=== Intersection ===,,Dot
006714,006714,,,=== City ===,,Dot
006715,006715,,,=== City ===,,Dot
006718,006718,,,=== Point of Interest ===,,Dot
006719,006719,,,=== Point of Interest ===,,Dot
006720,006720,,,=== Point of Interest ===,,Dot
006721,006721,,,=== Point of Interest ===,,Dot
006722,006722,36.879790,-89.070607,Cross Gray Creek,Cross Gray Creek,Dot
006723,006723,,,=== City ===,,Dot
006724,006724,,,=== Intersection ===,,Dot
006725,006725,,,=== City ===,,Dot
006726,006726,,,=== City ===,,Dot
006728,006728,,,=== Point of Interest ===,,Dot
006729,006729,,,=== Point of Interest ===,,Dot
006730,006730,,,=== Point of Interest ===,,Dot
006731,006731,,,=== Intersection ===,,Dot
006732,006732,,,=== Intersection ===,,Dot
006733,006733,,,=== Intersection ===,,Dot
006734,006734,,,=== Intersection ===,,Dot
006736,006736,,,=== Point of Interest ===,,Dot
006737,006737,,,=== Point of Interest ===,,Dot
006738,006738,,,=== Point of Interest ===,,Dot
006739,006739,,,=== City ===,,Dot
006740,006740,,,=== Intersection ===,,Dot
006741,006741,,,=== City ===,,Dot
006742,006742,,,=== City ===,,Dot
006745,006745,,,=== Point of Interest ===,,Dot
006746,006746,,,=== Point of Interest ===,,Dot
006747,006747,,,=== City ===,,Dot
006748,006748,,,=== City ===,,Dot
006749,006749,,,=== City ===,,Dot
006751,006751,,,=== Point of Interest ===,,Dot
006752,006752,,,=== Point of Interest ===,,Dot
006753,006753,,,=== Intersection ===,,Dot
006754,006754,,,=== City ===,,Dot
006755,006755,,,=== City ===,,Dot
006757,006757,,,=== Point of Interest ===,,Dot
006758,006758,,,=== Point of Interest ===,,Dot
006759,006759,,,=== City ===,,Dot
006760,006760,,,=== City ===,,Dot
006761,006761,,,=== City ===,,Dot
006763,006763,,,=== Point of Interest ===,,Dot
006764,006764,,,=== Point of Interest ===,,Dot
006765,006765,,,=== Intersection ===,,Dot
006766,006766,,,=== City ===,,Dot
006767,006767,,,=== City ===,,Dot
006771,006771,,,=== Point of Interest ===,,Dot
006772,006772,,,=== Point of Interest ===,,Dot
006773,006773,,,=== Point of Interest ===,,Dot
006774,006774,,,=== Point of Interest ===,,Dot
006775,006775,36.703028,-89.088946,Cross Hollingsworth Creek,Cross Hollingsworth Creek,Dot
006776,006776,,,=== City ===,,Dot
006777,006777,,,=== Intersection ===,,Dot
006778,006778,,,=== City ===,,Dot
006779,006779,,,=== City ===,,Dot
006782,006782,,,=== Point of Interest ===,,Dot
006783,006783,,,=== Point of Interest ===,,Dot
006784,006784,,,=== Point of Interest ===,,Dot
006785,006785,,,=== Point of Interest ===,,Dot
006786,006786,36.669607,-89.095167,Cross Obion Creek,Cross Obion Creek,Dot
006787,006787,36.654595,-89.058197,Cross Whayne Branch,Cross Whayne Branch,Dot
006788,006788,,,=== City ===,,Dot
006789,006789,,,=== Intersection ===,,Dot
006790,006790,,,=== City ===,,Dot
006791,006791,,,=== City ===,,Dot
006793,006793,,,=== Point of Interest ===,,Dot
006794,006794,,,=== Point of Interest ===,,Dot
006795,006795,,,=== Point of Interest ===,,Dot
006796,006796,,,=== Point of Interest ===,,Dot
006797,006797,36.646708,-89.025679,Cross Hurricane Branch,Cross Hurricane Branch,Dot
006798,006798,36.616671,-89.030030,Cross Bayou de Chien,Cross Bayou de Chien,Dot
006799,006799,,,=== City ===,,Dot
006800,006800,,,=== Intersection ===,,Dot
006801,006801,,,=== City ===,,Dot
006802,006802,,,=== City ===,,Dot
006804,006804,,,=== Point of Interest ===,,Dot
006805,006805,,,=== Point of Interest ===,,Dot
006806,006806,,,=== Point of Interest ===,,Dot
006807,006807,,,=== Point of Interest ===,,Dot
006808,006808,36.595782,-89.033785,Cross Little Bayou de Chien,Cross Little Bayou de Chien,Dot
006809,006809,,,=== City ===,,Dot
006810,006810,,,=== Intersection ===,,Dot
006811,006811,,,=== City ===,,Dot
006812,006812,,,=== City ===,,Dot
006814,006814,,,=== Point of Interest ===,,Dot
006815,006815,,,=== Point of Interest ===,,Dot
006816,006816,,,=== Point of Interest ===,,Dot
006817,006817,,,=== Point of Interest ===,,Dot
006818,006818,36.589405,-89.069491,Cross Rush Creek,Cross Rush Creek,Dot
006819,006819,,,=== City ===,,Dot
006820,006820,,,=== Intersection ===,,Dot
006821,006821,,,=== City ===,,Dot
006822,006822,,,=== City ===,,Dot
006824,006824,,,=== Point of Interest ===,,Dot
006825,006825,,,=== Point of Interest ===,,Dot
006826,006826,,,=== Point of Interest ===,,Dot
006827,006827,,,=== Point of Interest ===,,Dot
006828,006828,36.565744,-89.106668,Cross Mud Creek,Cross Mud Creek,Dot
006829,006829,36.563488,-89.142042,Cross Little Mud Creek,Cross Little Mud Creek,Dot
006830,006830,,,=== City ===,,Dot
006831,006831,,,=== Intersection ===,,Dot
006832,006832,,,=== City ===,,Dot
006833,006833,,,=== City ===,,Dot
006835,006835,,,=== Point of Interest ===,,Dot
006836,006836,,,=== Point of Interest ===,,Dot
006837,006837,,,=== City ===,,Dot
006838,006838,,,=== City ===,,Dot
006839,006839,,,=== City ===,,Dot
006841,006841,,,=== Point of Interest ===,,Dot
006842,006842,,,=== Point of Interest ===,,Dot
006843,006843,,,=== Intersection ===,,Dot
006844,006844,,,=== City ===,,Dot
006845,006845,,,=== City ===,,Dot
006847,006847,,,=== Point of Interest ===,,Dot
006848,006848,,,=== Point of Interest ===,,Dot
006849,006849,,,=== Point of Interest ===,,Dot
006850,006850,,,=== Intersection ===,,Dot
006851,006851,,,=== Intersection ===,,Dot
006852,006852,,,=== Intersection ===,,Dot
006853,006853,,,=== Intersection ===,,Dot
006856,006856,,,=== Point of Interest ===,,Dot
006857,006857,,,=== Point of Interest ===,,Dot
006858,006858,,,=== Point of Interest ===,,Dot
006859,006859,,,=== City ===,,Dot
006860,006860,,,=== City ===,,Dot
006861,006861,,,=== City ===,,Dot
006872,006872,,,=== Point of Interest ===,,Dot
006873,006873,,,=== Point of Interest ===,,Dot
006874,006874,,,=== Point of Interest ===,,Dot
006875,006875,,,=== City ===,,Dot
006876,006876,,,=== Intersection ===,,Dot
006877,006877,,,=== City ===,,Dot
006878,006878,,,=== City ===,,Dot
006881,006881,,,=== Point of Interest ===,,Dot
006882,006882,,,=== Point of Interest ===,,Dot
006883,006883,,,=== Point of Interest ===,,Dot
006884,006884,,,=== Point of Interest ===,,Dot
006885,006885,36.615468,-89.285483,Cross James Bayou,Cross James Bayou,Dot
006886,006886,,,=== Intersection ===,,Dot
006887,006887,,,=== Intersection ===,,Dot
006888,006888,,,=== Intersection ===,,Dot
006889,006889,,,=== Intersection ===,,Dot
006891,006891,,,=== Point of Interest ===,,Dot
006892,006892,,,=== Point of Interest ===,,Dot
006893,006893,,,=== Point of Interest ===,,Dot
006894,006894,,,=== City ===,,Dot
006895,006895,,,=== City ===,,Dot
006896,006896,,,=== City ===,,Dot
006898,006898,,,=== Point of Interest ===,,Dot
006899,006899,,,=== Point of Interest ===,,Dot
006900,006900,,,=== Point of Interest ===,,Dot
006901,006901,36.603959,-89.450282,Cross Mud Ditch,Cross Mud Ditch,Dot
006902,006902,,,=== City ===,,Dot
006903,006903,,,=== Intersection ===,,Dot
006904,006904,,,=== City ===,,Dot
006905,006905,,,=== City ===,,Dot
006907,006907,,,=== Point of Interest ===,,Dot
006908,006908,,,=== Point of Interest ===,,Dot
006909,006909,,,=== Point of Interest ===,,Dot
006910,006910,,,=== Point of Interest ===,,Dot
006911,006911,36.591888,-89.509899,Cross Saint Johns Bayou,Cross Saint Johns Bayou,Dot
006912,006912,,,=== Intersection ===,,Dot
006913,006913,,,=== Intersection ===,,Dot
006914,006914,,,=== Intersection ===,,Dot
006915,006915,,,=== Intersection ===,,Dot
006918,006918,,,=== Point of Interest ===,,Dot
006919,006919,,,=== Point of Interest ===,,Dot
006920,006920,,,=== Point of Interest ===,,Dot
006921,006921,,,=== City ===,,Dot
006922,006922,,,=== City ===,,Dot
006923,006923,,,=== City ===,,Dot
006924,006924,,,=== City ===,,Dot
006926,006926,,,=== Point of Interest ===,,Dot
006927,006927,,,=== Point of Interest ===,,Dot
006928,006928,,,=== Point of Interest ===,,Dot
006929,006929,,,=== Intersection ===,,Dot
006930,006930,,,=== Intersection ===,,Dot
006931,006931,,,=== Intersection ===,,Dot
006932,006932,,,=== Intersection ===,,Dot
006936,006936,,,=== Point of Interest ===,,Dot
006937,006937,,,=== Point of Interest ===,,Dot
006938,006938,,,=== Point of Interest ===,,Dot
006939,006939,,,=== City ===,,Dot
006940,006940,,,=== Intersection ===,,Dot
006941,006941,,,=== City ===,,Dot
006942,006942,,,=== City ===,,Dot
006944,006944,,,=== Point of Interest ===,,Dot
006945,006945,,,=== Point of Interest ===,,Dot
006946,006946,,,=== Point of Interest ===,,Dot
006947,006947,,,=== Point of Interest ===,,Dot
006948,006948,36.518854,-89.600888,Cross Over Interstate Hwy 55,Cross Over Interstate Hwy 55,Dot
006949,006949,,,=== City ===,,Dot
006950,006950,,,=== Intersection ===,,Dot
006951,006951,,,=== City ===,,Dot
006952,006952,,,=== City ===,,Dot
006955,006955,,,=== Point of Interest ===,,Dot
006956,006956,,,=== Point of Interest ===,,Dot
006957,006957,,,=== Point of Interest ===,,Dot
006958,006958,,,=== Intersection ===,,Dot
006959,006959,,,=== Intersection ===,,Dot
006960,006960,,,=== Intersection ===,,Dot
006961,006961,,,=== Intersection ===,,Dot
006963,006963,,,=== Point of Interest ===,,Dot
006964,006964,,,=== Point of Interest ===,,Dot
006965,006965,,,=== Point of Interest ===,,Dot
006966,006966,,,=== City ===,,Dot
006967,006967,,,=== Intersection ===,,Dot
006968,006968,,,=== City ===,,Dot
006969,006969,,,=== City ===,,Dot
006971,006971,,,=== Point of Interest ===,,Dot
006972,006972,,,=== Point of Interest ===,,Dot
006973,006973,,,=== City ===,,Dot
006974,006974,,,=== City ===,,Dot
006975,006975,,,=== City ===,,Dot
006977,006977,,,=== Point of Interest ===,,Dot
006978,006978,,,=== Point of Interest ===,,Dot
006979,006979,,,=== Point of Interest ===,,Dot
006980,006980,,,=== Point of Interest ===,,Dot
006981,006981,36.418325,-89.701126,Cross Portage Open Bay,Cross Portage Open Bay,Dot
006982,006982,,,=== City ===,,Dot
006983,006983,,,=== Intersection ===,,Dot
006984,006984,,,=== City ===,,Dot
006985,006985,,,=== City ===,,Dot
006987,006987,,,=== Point of Interest ===,,Dot
006988,006988,,,=== Point of Interest ===,,Dot
006989,006989,,,=== Point of Interest ===,,Dot
006990,006990,,,=== Point of Interest ===,,Dot
006991,006991,36.393294,-89.698520,Cross Over Interstate Hwy 55,Cross Over Interstate Hwy 55,Dot
006992,006992,,,=== Intersection ===,,Dot
006993,006993,,,=== Intersection ===,,Dot
006994,006994,,,=== Intersection ===,,Dot
006995,006995,,,=== Intersection ===,,Dot
006997,006997,,,=== Point of Interest ===,,Dot
006998,006998,,,=== Point of Interest ===,,Dot
006999,006999,,,=== Point of Interest ===,,Dot
007000,007000,,,=== City ===,,Dot
007001,007001,,,=== Intersection ===,,Dot
007002,007002,,,=== City ===,,Dot
007003,007003,,,=== City ===,,Dot
007006,007006,,,=== Point of Interest ===,,Dot
007007,007007,,,=== Point of Interest ===,,Dot
007008,007008,,,=== Point of Interest ===,,Dot
007009,007009,,,=== Point of Interest ===,,Dot
007010,007010,36.298666,-89.701907,Cross Over Interstate Hwy 55,Cross Over Interstate Hwy 55,Dot
007011,007011,,,=== City ===,,Dot
007012,007012,,,=== Intersection ===,,Dot
007013,007013,,,=== City ===,,Dot
007014,007014,,,=== City ===,,Dot
007016,007016,,,=== Point of Interest ===,,Dot
007017,007017,,,=== Point of Interest ===,,Dot
007018,007018,,,=== City ===,,Dot
007019,007019,,,=== City ===,,Dot
007020,007020,,,=== City ===,,Dot
007022,007022,,,=== Point of Interest ===,,Dot
007023,007023,,,=== Point of Interest ===,,Dot
007024,007024,,,=== Point of Interest ===,,Dot
007025,007025,,,=== Point of Interest ===,,Dot
007026,007026,36.231394,-89.731472,Cross Over Interstate Hwy 55,Cross Over Interstate Hwy 55,Dot
007027,007027,,,=== City ===,,Dot
007028,007028,,,=== Intersection ===,,Dot
007029,007029,,,=== City ===,,Dot
007030,007030,,,=== City ===,,Dot
007033,007033,,,=== Point of Interest ===,,Dot
007034,007034,,,=== Point of Interest ===,,Dot
007035,007035,,,=== Point of Interest ===,,Dot
007036,007036,,,=== Intersection ===,,Dot
007037,007037,,,=== Intersection ===,,Dot
007038,007038,,,=== Intersection ===,,Dot
007039,007039,,,=== Intersection ===,,Dot
007042,007042,,,=== Point of Interest ===,,Dot
007043,007043,,,=== Point of Interest ===,,Dot
007044,007044,,,=== Point of Interest ===,,Dot
007045,007045,,,=== City ===,,Dot
007046,007046,,,=== Intersection ===,,Dot
007047,007047,,,=== City ===,,Dot
007048,007048,,,=== City ===,,Dot
007052,007052,,,=== Point of Interest ===,,Dot
007053,007053,,,=== Point of Interest ===,,Dot
007054,007054,,,=== Point of Interest ===,,Dot
007055,007055,,,=== Point of Interest ===,,Dot
007056,007056,36.176244,-89.693434,Cross Over Interstate Hwy 155/US Route 412,Cross Over Interstate Hwy 155/US Route 412,Dot
007057,007057,,,=== City ===,,Dot
007058,007058,,,=== Intersection ===,,Dot
007059,007059,,,=== City ===,,Dot
007060,007060,,,=== City ===,,Dot
007065,007065,,,=== Point of Interest ===,,Dot
007066,007066,,,=== Point of Interest ===,,Dot
007067,007067,,,=== Point of Interest ===,,Dot
007068,007068,,,=== Intersection ===,,Dot
007069,007069,,,=== Intersection ===,,Dot
007070,007070,,,=== Intersection ===,,Dot
007071,007071,,,=== Intersection ===,,Dot
007077,007077,,,=== Point of Interest ===,,Dot
007078,007078,,,=== Point of Interest ===,,Dot
007079,007079,,,=== Point of Interest ===,,Dot
007080,007080,,,=== Point of Interest ===,,Dot
007081,007081,35.753823,-89.938951,Cross Catalpa Bayou,Cross Catalpa Bayou,Dot
007082,007082,,,=== Intersection ===,,Dot
007083,007083,,,=== Intersection ===,,Dot
007084,007084,,,=== Intersection ===,,Dot
007085,007085,,,=== Intersection ===,,Dot
007093,007093,,,=== Point of Interest ===,,Dot
007094,007094,,,=== Point of Interest ===,,Dot
007095,007095,,,=== Point of Interest ===,,Dot
007096,007096,,,=== Point of Interest ===,,Dot
007097,007097,35.640965,-89.980650,Cross Sandy Bayou,Cross Sandy Bayou,Dot
007098,007098,35.468325,-90.181881,Cross Frenchmans Bayou,Cross Frenchmans Bayou,Dot
007099,007099,,,=== Intersection ===,,Dot
007100,007100,,,=== Intersection ===,,Dot
007101,007101,,,=== Intersection ===,,Dot
007102,007102,,,=== Intersection ===,,Dot
007104,007104,,,=== Point of Interest ===,,Dot
007105,007105,,,=== Point of Interest ===,,Dot
007106,007106,,,=== Point of Interest ===,,Dot
007107,007107,,,=== Point of Interest ===,,Dot
007108,007108,35.364471,-90.254600,Cross Big Creek,Cross Big Creek,Dot
007109,007109,,,=== City ===,,Dot
007110,007110,,,=== City ===,,Dot
007111,007111,,,=== City ===,,Dot
007113,007113,,,=== Point of Interest ===,,Dot
007114,007114,,,=== Point of Interest ===,,Dot
007115,007115,,,=== Intersection ===,,Dot
007116,007116,,,=== Intersection ===,,Dot
007117,007117,,,=== Intersection ===,,Dot
007118,007118,,,=== Intersection ===,,Dot
007121,007121,,,=== Point of Interest ===,,Dot
007122,007122,,,=== Point of Interest ===,,Dot
007123,007123,,,=== Point of Interest ===,,Dot
007124,007124,,,=== City ===,,Dot
007125,007125,,,=== City ===,,Dot
007126,007126,,,=== City ===,,Dot
007129,007129,,,=== Point of Interest ===,,Dot
007130,007130,,,=== Point of Interest ===,,Dot
007131,007131,,,=== Point of Interest ===,,Dot
007132,007132,35.156764,-90.127330,Cross Under Interstate Hwy 40,Cross Under Interstate Hwy 40,Dot
007133,007133,,,=== Intersection ===,,Dot
007134,007134,,,=== Intersection ===,,Dot
007135,007135,,,=== Intersection ===,,Dot
007136,007136,,,=== Intersection ===,,Dot
007138,007138,,,=== Point of Interest ===,,Dot
007139,007139,,,=== Point of Interest ===,,Dot
007140,007140,,,=== Point of Interest ===,,Dot
007141,007141,,,=== Point of Interest ===,,Dot
007142,007142,35.145043,-90.120482,Cross Under Interstate Hwy 55,Cross Under Interstate Hwy 55,Dot
007143,007143,35.143945,-90.116626,Cross Under Interstate Hwy 55,Cross Under Interstate Hwy 55,Dot
007144,007144,,,=== Intersection ===,,Dot
007145,007145,,,=== Intersection ===,,Dot
007146,007146,,,=== Intersection ===,,Dot
007147,007147,,,=== Intersection ===,,Dot
007150,007150,,,=== Point of Interest ===,,Dot
007151,007151,,,=== Point of Interest ===,,Dot
007152,007152,,,=== Point of Interest ===,,Dot
007153,007153,,,=== Point of Interest ===,,Dot
007154,007154,35.138192,-90.096414,Cross under Interstate Hwy 55,Cross under Interstate Hwy 55,Dot
007155,007155,35.134864,-90.085799,Cross Under Interstate Hwy 55,Cross Under Interstate Hwy 55,Dot
007156,007156,,,=== Intersection ===,,Dot
007157,007157,,,=== Intersection ===,,Dot
007158,007158,,,=== Intersection ===,,Dot
007159,007159,,,=== Intersection ===,,Dot
007164,007164,,,=== Point of Interest ===,,Dot
007165,007165,,,=== Point of Interest ===,,Dot
007166,007166,,,=== Point of Interest ===,,Dot
007167,007167,,,=== Point of Interest ===,,Dot
007168,007168,35.086480,-90.053626,Cross Hampson Bayou,Cross Hampson Bayou,Dot
007169,007169,35.086077,-90.031273,Cross Cane Creek,Cross Cane Creek,Dot
007170,007170,35.083444,-90.025587,Cross Over Interstate Hwy 69,Cross Over Interstate Hwy 69,Dot
007171,007171,35.071461,-90.021135,Cross Over Interstate Hwy 240,Cross Over Interstate Hwy 240,Dot
007172,007172,35.065592,-90.022571,Cross Nonconnah Creek,Cross Nonconnah Creek,Dot
007173,007173,35.063419,-90.023192,Cross Under Interstate Hwy 55,Cross Under Interstate Hwy 55,Dot
007174,007174,,,=== Intersection ===,,Dot
007175,007175,,,=== Intersection ===,,Dot
007176,007176,,,=== Intersection ===,,Dot
007177,007177,,,=== Intersection ===,,Dot
007181,007181,,,=== Point of Interest ===,,Dot
007182,007182,,,=== Point of Interest ===,,Dot
007183,007183,,,=== Point of Interest ===,,Dot
007184,007184,,,=== City ===,,Dot
007185,007185,,,=== Intersection ===,,Dot
007186,007186,,,=== City ===,,Dot
007187,007187,,,=== City ===,,Dot
007189,007189,,,=== Point of Interest ===,,Dot
007190,007190,,,=== Point of Interest ===,,Dot
007191,007191,,,=== Point of Interest ===,,Dot
007192,007192,,,=== Point of Interest ===,,Dot
007193,007193,34.948224,-90.209943,Cross Dead Negro Slough,Cross Dead Negro Slough,Dot
007194,007194,,,=== Intersection ===,,Dot
007195,007195,,,=== Intersection ===,,Dot
007196,007196,,,=== Intersection ===,,Dot
007197,007197,,,=== Intersection ===,,Dot
007209,007209,,,=== Point of Interest ===,,Dot
007210,007210,,,=== Point of Interest ===,,Dot
007211,007211,,,=== Point of Interest ===,,Dot
007212,007212,,,=== Intersection ===,,Dot
007213,007213,,,=== Intersection ===,,Dot
007214,007214,,,=== Intersection ===,,Dot
007215,007215,,,=== Intersection ===,,Dot
007217,007217,,,=== Point of Interest ===,,Dot
007218,007218,,,=== Point of Interest ===,,Dot
007219,007219,,,=== Point of Interest ===,,Dot
007220,007220,,,=== City ===,,Dot
007221,007221,,,=== City ===,,Dot
007222,007222,,,=== City ===,,Dot
007224,007224,,,=== Point of Interest ===,,Dot
007225,007225,,,=== Point of Interest ===,,Dot
007226,007226,,,=== Intersection ===,,Dot
007227,007227,,,=== Intersection ===,,Dot
007228,007228,,,=== Intersection ===,,Dot
007229,007229,,,=== Intersection ===,,Dot
007231,007231,,,=== Point of Interest ===,,Dot
007232,007232,,,=== Point of Interest ===,,Dot
007233,007233,,,=== Point of Interest ===,,Dot
007234,007234,,,=== Point of Interest ===,,Dot
007235,007235,34.738649,-90.390797,Cross McKinney Bayou,Cross McKinney Bayou,Dot
007236,007236,,,=== Intersection ===,,Dot
007237,007237,,,=== Intersection ===,,Dot
007238,007238,,,=== Intersection ===,,Dot
007239,007239,,,=== Intersection ===,,Dot
007242,007242,,,=== Point of Interest ===,,Dot
007243,007243,,,=== Point of Interest ===,,Dot
007244,007244,,,=== Point of Interest ===,,Dot
007245,007245,,,=== Point of Interest ===,,Dot
007246,007246,34.687075,-90.398054,Cross White Oak Bayou,Cross White Oak Bayou,Dot
007247,007247,,,=== Intersection ===,,Dot
007248,007248,,,=== Intersection ===,,Dot
007249,007249,,,=== Intersection ===,,Dot
007250,007250,,,=== Intersection ===,,Dot
007252,007252,,,=== Point of Interest ===,,Dot
007253,007253,,,=== Point of Interest ===,,Dot
007254,007254,,,=== Point of Interest ===,,Dot
007255,007255,,,=== Point of Interest ===,,Dot
007256,007256,34.658829,-90.428270,Cross Anderson Bayou,Cross Anderson Bayou,Dot
007257,007257,,,=== Intersection ===,,Dot
007258,007258,,,=== Intersection ===,,Dot
007259,007259,,,=== Intersection ===,,Dot
007260,007260,,,=== Intersection ===,,Dot
007264,007264,,,=== Point of Interest ===,,Dot
007265,007265,,,=== Point of Interest ===,,Dot
007266,007266,,,=== Point of Interest ===,,Dot
007267,007267,,,=== City ===,,Dot
007268,007268,,,=== City ===,,Dot
007269,007269,,,=== City ===,,Dot
007271,007271,,,=== Point of Interest ===,,Dot
007272,007272,,,=== Point of Interest ===,,Dot
007273,007273,,,=== Intersection ===,,Dot
007274,007274,,,=== Intersection ===,,Dot
007275,007275,,,=== Intersection ===,,Dot
007276,007276,,,=== Intersection ===,,Dot
007278,007278,,,=== Point of Interest ===,,Dot
007279,007279,,,=== Point of Interest ===,,Dot
007280,007280,,,=== Point of Interest ===,,Dot
007281,007281,,,=== Point of Interest ===,,Dot
007282,007282,34.378821,-90.588852,Cross Whittaker Bayou,Cross Whittaker Bayou,Dot
007283,007283,34.364468,-90.606759,Cross Whittaker Bayou,Cross Whittaker Bayou,Dot
007284,007284,,,=== Intersection ===,,Dot
007285,007285,,,=== Intersection ===,,Dot
007286,007286,,,=== Intersection ===,,Dot
007287,007287,,,=== Intersection ===,,Dot
007290,007290,,,=== Point of Interest ===,,Dot
007291,007291,,,=== Point of Interest ===,,Dot
007292,007292,,,=== Point of Interest ===,,Dot
007293,007293,,,=== Point of Interest ===,,Dot
007294,007294,34.335240,-90.626730,Cross Big Sunflower River,Cross Big Sunflower River,Dot
007295,007295,34.218980,-90.573275,Cross Big Sunflower River,Cross Big Sunflower River,Dot
007296,007296,,,=== City ===,,Dot
007297,007297,,,=== City ===,,Dot
007298,007298,,,=== City ===,,Dot
007300,007300,,,=== Point of Interest ===,,Dot
007301,007301,,,=== Point of Interest ===,,Dot
007302,007302,,,=== Intersection ===,,Dot
007303,007303,,,=== Intersection ===,,Dot
007304,007304,,,=== Intersection ===,,Dot
007305,007305,,,=== Intersection ===,,Dot
007309,007309,,,=== Point of Interest ===,,Dot
007310,007310,,,=== Point of Interest ===,,Dot
007311,007311,,,=== Point of Interest ===,,Dot
007312,007312,,,=== Point of Interest ===,,Dot
007313,007313,34.202235,-90.576838,Cross Big Sunflower River,Cross Big Sunflower River,Dot
007314,007314,,,=== Intersection ===,,Dot
007315,007315,,,=== Intersection ===,,Dot
007316,007316,,,=== Intersection ===,,Dot
007317,007317,,,=== Intersection ===,,Dot
007321,007321,,,=== Point of Interest ===,,Dot
007322,007322,,,=== Point of Interest ===,,Dot
007323,007323,,,=== Point of Interest ===,,Dot
007324,007324,,,=== Point of Interest ===,,Dot
007325,007325,34.167419,-90.756846,Cross Hushpuckena River,Cross Hushpuckena River,Dot
007326,007326,34.148917,-90.782232,Cross Hushpuckena River,Cross Hushpuckena River,Dot
007327,007327,34.133805,-90.805848,Cross Yellow Bayou,Cross Yellow Bayou,Dot
007328,007328,34.093844,-90.850772,Cross Jones Bayou,Cross Jones Bayou,Dot
007329,007329,,,=== City ===,,Dot
007330,007330,,,=== City ===,,Dot
007331,007331,,,=== City ===,,Dot
007335,007335,,,=== Point of Interest ===,,Dot
007336,007336,,,=== Point of Interest ===,,Dot
007337,007337,,,=== Point of Interest ===,,Dot
007338,007338,33.777563,-90.980605,Cross Stokes Bayou,Cross Stokes Bayou,Dot
007339,007339,33.766661,-90.980944,Cross Stokes Bayou,Cross Stokes Bayou,Dot
007340,007340,33.763154,-90.981051,Cross Stokes Bayou,Cross Stokes Bayou,Dot
007341,007341,33.688603,-90.983550,Cross Ann Bayou,Cross Ann Bayou,Dot
007342,007342,33.681226,-90.984577,Cross Good Luck Bayou,Cross Good Luck Bayou,Dot
007343,007343,33.655506,-91.004665,Cross Burrus Bayou,Cross Burrus Bayou,Dot
007344,007344,33.651310,-91.009564,Cross Browns Bayou,Cross Browns Bayou,Dot
007345,007345,33.642314,-91.019934,Cross Straight Bayou,Cross Straight Bayou,Dot
007346,007346,33.598689,-91.080459,Cross Deer Creek,Cross Deer Creek,Dot
007347,007347,33.560579,-91.083160,Cross Bull Bayou,Cross Bull Bayou,Dot
007348,007348,,,=== City ===,,Dot
007349,007349,,,=== Intersection ===,,Dot
007350,007350,,,=== City ===,,Dot
007351,007351,,,=== City ===,,Dot
007353,007353,,,=== Point of Interest ===,,Dot
007354,007354,,,=== Point of Interest ===,,Dot
007355,007355,,,=== Point of Interest ===,,Dot
007356,007356,,,=== Intersection ===,,Dot
007357,007357,,,=== Intersection ===,,Dot
007358,007358,,,=== Intersection ===,,Dot
007359,007359,,,=== Intersection ===,,Dot
007361,007361,,,=== Point of Interest ===,,Dot
007362,007362,,,=== Point of Interest ===,,Dot
007363,007363,,,=== Point of Interest ===,,Dot
007364,007364,,,=== Point of Interest ===,,Dot
007365,007365,33.295552,-91.142497,Cross Cottonwood Chute,Cross Cottonwood Chute,Dot
007366,007366,33.295583,-91.142250,Cross Cottonwood Chute,Cross Cottonwood Chute,Dot
007376,007376,,,=== Point of Interest ===,,Dot
007377,007377,,,=== Point of Interest ===,,Dot
007378,007378,,,=== Point of Interest ===,,Dot
007379,007379,,,=== Intersection ===,,Dot
007380,007380,,,=== Intersection ===,,Dot
007381,007381,,,=== Intersection ===,,Dot
007382,007382,,,=== Intersection ===,,Dot
007384,007384,,,=== Point of Interest ===,,Dot
007385,007385,,,=== Point of Interest ===,,Dot
007386,007386,,,=== Point of Interest ===,,Dot
007387,007387,,,=== Point of Interest ===,,Dot
007388,007388,33.216816,-91.052973,Cross Ditch Number Eleven,Cross Ditch Number Eleven,Dot
007389,007389,33.126416,-91.065809,Cross Ditch Number Fourteen,Cross Ditch Number Fourteen,Dot
007390,007390,,,=== Intersection ===,,Dot
007391,007391,,,=== Intersection ===,,Dot
007392,007392,,,=== Intersection ===,,Dot
007393,007393,,,=== Intersection ===,,Dot
007398,007398,,,=== Point of Interest ===,,Dot
007399,007399,,,=== Point of Interest ===,,Dot
007400,007400,,,=== Point of Interest ===,,Dot
007401,007401,,,=== Point of Interest ===,,Dot
007402,007402,33.003058,-91.055268,Cross Washington Bayou,Cross Washington Bayou,Dot
007403,007403,,,=== City ===,,Dot
007404,007404,,,=== Intersection ===,,Dot
007405,007405,,,=== City ===,,Dot
007406,007406,,,=== City ===,,Dot
007408,007408,,,=== Point of Interest ===,,Dot
007409,007409,,,=== Point of Interest ===,,Dot
007410,007410,,,=== Point of Interest ===,,Dot
007411,007411,,,=== Point of Interest ===,,Dot
007412,007412,32.983621,-91.070129,Cross New Valewood Ditch,Cross New Valewood Ditch,Dot
007413,007413,,,=== City ===,,Dot
007414,007414,,,=== City ===,,Dot
007415,007415,,,=== City ===,,Dot
007417,007417,,,=== Point of Interest ===,,Dot
007418,007418,,,=== Point of Interest ===,,Dot
007419,007419,,,=== Point of Interest ===,,Dot
007420,007420,32.851897,-91.071004,Cross Whiting Bayou,Cross Whiting Bayou,Dot
007421,007421,32.512766,-90.992403,Cross Muddy Bayou,Cross Muddy Bayou,Dot
007422,007422,32.452150,-90.890186,Cross Steele Bayou,Cross Steele Bayou,Dot
007423,007423,,,=== Intersection ===,,Dot
007424,007424,,,=== Intersection ===,,Dot
007425,007425,,,=== Intersection ===,,Dot
007426,007426,,,=== Intersection ===,,Dot
007428,007428,,,=== Point of Interest ===,,Dot
007429,007429,,,=== Point of Interest ===,,Dot
007430,007430,,,=== Point of Interest ===,,Dot
007431,007431,,,=== Point of Interest ===,,Dot
007432,007432,32.490872,-90.808809,Cross Yazoo River,Cross Yazoo River,Dot
007433,007433,,,=== Intersection ===,,Dot
007434,007434,,,=== Intersection ===,,Dot
007435,007435,,,=== Intersection ===,,Dot
007436,007436,,,=== Intersection ===,,Dot
007438,007438,,,=== Point of Interest ===,,Dot
007439,007439,,,=== Point of Interest ===,,Dot
007440,007440,,,=== Point of Interest ===,,Dot
007441,007441,,,=== Point of Interest ===,,Dot
007442,007442,32.372504,-90.871739,Cross Mint Spring Branch,Cross Mint Spring Branch,Dot
007443,007443,,,=== Intersection ===,,Dot
007444,007444,,,=== Intersection ===,,Dot
007445,007445,,,=== Intersection ===,,Dot
007446,007446,,,=== Intersection ===,,Dot
007452,007452,,,=== Point of Interest ===,,Dot
007453,007453,,,=== Point of Interest ===,,Dot
007454,007454,,,=== Point of Interest ===,,Dot
007455,007455,,,=== Point of Interest ===,,Dot
007456,007456,32.310736,-90.899873,Cross Over Interstate Hwy 20,Cross Over Interstate Hwy 20,Dot
007457,007457,32.281602,-90.917445,Cross Hennesseys Bayou,Cross Hennesseys Bayou,Dot
007458,007458,,,=== Intersection ===,,Dot
007459,007459,,,=== Intersection ===,,Dot
007460,007460,,,=== Intersection ===,,Dot
007461,007461,,,=== Intersection ===,,Dot
007465,007465,,,=== Point of Interest ===,,Dot
007466,007466,,,=== Point of Interest ===,,Dot
007467,007467,,,=== Point of Interest ===,,Dot
007468,007468,,,=== City ===,,Dot
007469,007469,,,=== Intersection ===,,Dot
007470,007470,,,=== City ===,,Dot
007471,007471,,,=== City ===,,Dot
007473,007473,,,=== Point of Interest ===,,Dot
007474,007474,,,=== Point of Interest ===,,Dot
007475,007475,,,=== Point of Interest ===,,Dot
007476,007476,,,=== Intersection ===,,Dot
007477,007477,,,=== Intersection ===,,Dot
007478,007478,,,=== Intersection ===,,Dot
007479,007479,,,=== Intersection ===,,Dot
007481,007481,,,=== Point of Interest ===,,Dot
007482,007482,,,=== Point of Interest ===,,Dot
007483,007483,,,=== Point of Interest ===,,Dot
007484,007484,,,=== Point of Interest ===,,Dot
007485,007485,32.227376,-90.927810,Cross Paces Bayou,Cross Paces Bayou,Dot
007486,007486,,,=== Intersection ===,,Dot
007487,007487,,,=== Intersection ===,,Dot
007488,007488,,,=== Intersection ===,,Dot
007489,007489,,,=== Intersection ===,,Dot
007495,007495,,,=== Point of Interest ===,,Dot
007496,007496,,,=== Point of Interest ===,,Dot
007497,007497,,,=== Point of Interest ===,,Dot
007498,007498,,,=== Point of Interest ===,,Dot
007499,007499,32.065108,-90.923151,Cross Kennison Creek,Cross Kennison Creek,Dot
007500,007500,32.052778,-90.928121,Cross Drakes Bayou,Cross Drakes Bayou,Dot
007501,007501,,,=== Intersection ===,,Dot
007502,007502,,,=== Intersection ===,,Dot
007503,007503,,,=== Intersection ===,,Dot
007504,007504,,,=== Intersection ===,,Dot
007510,007510,,,=== Point of Interest ===,,Dot
007511,007511,,,=== Point of Interest ===,,Dot
007512,007512,,,=== Point of Interest ===,,Dot
007513,007513,,,=== Point of Interest ===,,Dot
007514,007514,31.986603,-91.007697,Cross Bayou Pierre,Cross Bayou Pierre,Dot
007515,007515,,,=== Intersection ===,,Dot
007516,007516,,,=== Intersection ===,,Dot
007517,007517,,,=== Intersection ===,,Dot
007518,007518,,,=== Intersection ===,,Dot
007523,007523,,,=== Point of Interest ===,,Dot
007524,007524,,,=== Point of Interest ===,,Dot
007525,007525,,,=== Point of Interest ===,,Dot
007526,007526,,,=== Point of Interest ===,,Dot
007527,007527,31.793250,-91.108011,Cross North Fork Coles Creek,Cross North Fork Coles Creek,Dot
007528,007528,31.729553,-91.175069,Cross Bullen Creek,Cross Bullen Creek,Dot
007529,007529,31.693369,-91.181254,Cross South Fork Coles Creek,Cross South Fork Coles Creek,Dot
007530,007530,,,=== City ===,,Dot
007531,007531,,,=== City ===,,Dot
007532,007532,,,=== City ===,,Dot
007534,007534,,,=== Point of Interest ===,,Dot
007535,007535,,,=== Point of Interest ===,,Dot
007536,007536,,,=== Point of Interest ===,,Dot
007537,007537,31.644371,-91.212436,Cross Turpin Creek,Cross Turpin Creek,Dot
007538,007538,,,=== City ===,,Dot
007539,007539,,,=== Intersection ===,,Dot
007540,007540,,,=== City ===,,Dot
007541,007541,,,=== City ===,,Dot
007543,007543,,,=== Point of Interest ===,,Dot
007544,007544,,,=== Point of Interest ===,,Dot
007545,007545,,,=== Point of Interest ===,,Dot
007546,007546,,,=== Point of Interest ===,,Dot
007547,007547,31.609054,-91.262085,Cross Over US Route 61,Cross Over US Route 61,Dot
007548,007548,31.576701,-91.289394,Cross Saint Catherine Creek,Cross Saint Catherine Creek,Dot
007549,007549,31.570890,-91.304153,Cross Over US Route 84,Cross Over US Route 84,Dot
007550,007550,31.559539,-91.328276,Cross Perkins Creek,Cross Perkins Creek,Dot
007551,007551,31.550733,-91.357901,Cross Melvin Bayou,Cross Melvin Bayou,Dot
007552,007552,31.549923,-91.361310,Cross Saint Catherine Creek,Cross Saint Catherine Creek,Dot
007553,007553,,,=== Intersection ===,,Dot
007554,007554,,,=== Intersection ===,,Dot
007555,007555,,,=== Intersection ===,,Dot
007556,007556,,,=== Intersection ===,,Dot
007558,007558,,,=== Point of Interest ===,,Dot
007559,007559,,,=== Point of Interest ===,,Dot
007560,007560,,,=== Point of Interest ===,,Dot
007561,007561,,,=== Point of Interest ===,,Dot
007562,007562,31.547946,-91.373252,Cross Under US Route 61,Cross Under US Route 61,Dot
007563,007563,31.552678,-91.380871,Cross Spanish Bayou,Cross Spanish Bayou,Dot
007564,007564,,,=== Intersection ===,,Dot
007565,007565,,,=== Intersection ===,,Dot
007566,007566,,,=== Intersection ===,,Dot
007567,007567,,,=== Intersection ===,,Dot
007571,007571,,,=== Point of Interest ===,,Dot
007572,007572,,,=== Point of Interest ===,,Dot
007573,007573,,,=== Point of Interest ===,,Dot
007574,007574,,,=== Point of Interest ===,,Dot
007575,007575,31.384515,-91.590563,Cross Boggy Bayou,Cross Boggy Bayou,Dot
007576,007576,31.087898,-91.619037,Cross Old River Channel 1,Cross Old River Channel 1,Dot
007577,007577,31.076615,-91.597798,Cross Old River Channel 2,Cross Old River Channel 2,Dot
007578,007578,31.064742,-91.589846,Cross Old River Channel 3,Cross Old River Channel 3,Dot
007579,007579,,,=== City ===,,Dot
007580,007580,,,=== City ===,,Dot
007581,007581,,,=== City ===,,Dot
007583,007583,,,=== Point of Interest ===,,Dot
007584,007584,,,=== Point of Interest ===,,Dot
007585,007585,,,=== Point of Interest ===,,Dot
007586,007586,30.984108,-91.777990,Cross Bayou Coteau,Cross Bayou Coteau,Dot
007587,007587,,,=== Intersection ===,,Dot
007588,007588,,,=== Intersection ===,,Dot
007589,007589,,,=== Intersection ===,,Dot
007590,007590,,,=== Intersection ===,,Dot
007592,007592,,,=== Point of Interest ===,,Dot
007593,007593,,,=== Point of Interest ===,,Dot
007594,007594,,,=== Point of Interest ===,,Dot
007595,007595,,,=== Point of Interest ===,,Dot
007596,007596,30.973146,-91.794255,Cross Kuhlman Bayou,Cross Kuhlman Bayou,Dot
007597,007597,30.963481,-91.775093,Cross Bayou Coteau,Cross Bayou Coteau,Dot
007598,007598,,,=== City ===,,Dot
007599,007599,,,=== City ===,,Dot
007600,007600,,,=== City ===,,Dot
007602,007602,,,=== Point of Interest ===,,Dot
007603,007603,,,=== Point of Interest ===,,Dot
007604,007604,,,=== Point of Interest ===,,Dot
007605,007605,30.940810,-91.721925,Cross Bayou Fisher,Cross Bayou Fisher,Dot
007606,007606,30.818664,-91.646445,Cross Bayou White Vine,Cross Bayou White Vine,Dot
007607,007607,,,=== City ===,,Dot
007608,007608,,,=== Intersection ===,,Dot
007609,007609,,,=== City ===,,Dot
007610,007610,,,=== City ===,,Dot
007612,007612,,,=== Point of Interest ===,,Dot
007613,007613,,,=== Point of Interest ===,,Dot
007614,007614,,,=== Point of Interest ===,,Dot
007615,007615,,,=== Intersection ===,,Dot
007616,007616,,,=== Intersection ===,,Dot
007617,007617,,,=== Intersection ===,,Dot
007618,007618,,,=== Intersection ===,,Dot
007620,007620,,,=== Point of Interest ===,,Dot
007621,007621,,,=== Point of Interest ===,,Dot
007622,007622,,,=== Point of Interest ===,,Dot
007623,007623,,,=== Point of Interest ===,,Dot
007624,007624,30.689411,-91.404147,Cross Patin Dyke Slough,Cross Patin Dyke Slough,Dot
007625,007625,,,=== Intersection ===,,Dot
007626,007626,,,=== Intersection ===,,Dot
007627,007627,,,=== Intersection ===,,Dot
007628,007628,,,=== Intersection ===,,Dot
007632,007632,,,=== Point of Interest ===,,Dot
007633,007633,,,=== Point of Interest ===,,Dot
007634,007634,,,=== Point of Interest ===,,Dot
007635,007635,,,=== City ===,,Dot
007636,007636,,,=== City ===,,Dot
007637,007637,,,=== City ===,,Dot
007639,007639,,,=== Point of Interest ===,,Dot
007640,007640,,,=== Point of Interest ===,,Dot
007641,007641,,,=== Intersection ===,,Dot
007642,007642,,,=== Intersection ===,,Dot
007643,007643,,,=== Intersection ===,,Dot
007644,007644,,,=== Intersection ===,,Dot
007647,007647,,,=== Point of Interest ===,,Dot
007648,007648,,,=== Point of Interest ===,,Dot
007649,007649,,,=== Point of Interest ===,,Dot
007650,007650,,,=== Point of Interest ===,,Dot
007651,007651,30.439134,-91.190540,Cross Under Interstate 10,Cross Under Interstate 10,Dot
007652,007652,,,=== City ===,,Dot
007653,007653,,,=== Intersection ===,,Dot
007654,007654,,,=== City ===,,Dot
007655,007655,,,=== City ===,,Dot
007661,007661,,,=== Point of Interest ===,,Dot
007662,007662,,,=== Point of Interest ===,,Dot
007663,007663,,,=== Point of Interest ===,,Dot
007664,007664,,,=== Intersection ===,,Dot
007665,007665,,,=== Intersection ===,,Dot
007666,007666,,,=== Intersection ===,,Dot
007667,007667,,,=== Intersection ===,,Dot
007679,007679,,,=== Point of Interest ===,,Dot
007680,007680,,,=== Point of Interest ===,,Dot
007681,007681,,,=== Point of Interest ===,,Dot
007682,007682,,,=== City ===,,Dot
007683,007683,,,=== Intersection ===,,Dot
007684,007684,,,=== City ===,,Dot
007685,007685,,,=== City ===,,Dot
007687,007687,,,=== Point of Interest ===,,Dot
007688,007688,,,=== Point of Interest ===,,Dot
007689,007689,,,=== Point of Interest ===,,Dot
007690,007690,,,=== Intersection ===,,Dot
007691,007691,,,=== Intersection ===,,Dot
007692,007692,,,=== Intersection ===,,Dot
007693,007693,,,=== Intersection ===,,Dot
007695,007695,,,=== Point of Interest ===,,Dot
007696,007696,,,=== Point of Interest ===,,Dot
007697,007697,,,=== Point of Interest ===,,Dot
007698,007698,,,=== City ===,,Dot
007699,007699,,,=== Intersection ===,,Dot
007700,007700,,,=== City ===,,Dot
007701,007701,,,=== City ===,,Dot
007704,007704,,,=== Point of Interest ===,,Dot
007705,007705,,,=== Point of Interest ===,,Dot
007706,007706,,,=== Point of Interest ===,,Dot
007707,007707,,,=== Intersection ===,,Dot
007708,007708,,,=== Intersection ===,,Dot
007709,007709,,,=== Intersection ===,,Dot
007710,007710,,,=== Intersection ===,,Dot
007712,007712,,,=== Point of Interest ===,,Dot
007713,007713,,,=== Point of Interest ===,,Dot
007714,007714,,,=== Point of Interest ===,,Dot
007715,007715,,,=== City ===,,Dot
007716,007716,,,=== Intersection ===,,Dot
007717,007717,,,=== City ===,,Dot
007718,007718,,,=== City ===,,Dot
007720,007720,,,=== Point of Interest ===,,Dot
007721,007721,,,=== Point of Interest ===,,Dot
007722,007722,,,=== Point of Interest ===,,Dot
007723,007723,,,=== Intersection ===,,Dot
007724,007724,,,=== Intersection ===,,Dot
007725,007725,,,=== Intersection ===,,Dot
007726,007726,,,=== Intersection ===,,Dot
007728,007728,,,=== Point of Interest ===,,Dot
007729,007729,,,=== Point of Interest ===,,Dot
007730,007730,,,=== Point of Interest ===,,Dot
007731,007731,,,=== City ===,,Dot
007732,007732,,,=== Intersection ===,,Dot
007733,007733,,,=== City ===,,Dot
007734,007734,,,=== City ===,,Dot
007744,007744,,,=== Point of Interest ===,,Dot
007745,007745,,,=== Point of Interest ===,,Dot
007746,007746,,,=== Point of Interest ===,,Dot
007747,007747,,,=== Intersection ===,,Dot
007748,007748,,,=== Intersection ===,,Dot
007749,007749,,,=== Intersection ===,,Dot
007750,007750,,,=== Intersection ===,,Dot
007764,007764,,,=== Point of Interest ===,,Dot
007765,007765,,,=== Point of Interest ===,,Dot
007766,007766,,,=== Point of Interest ===,,Dot
007767,007767,,,=== City ===,,Dot
007768,007768,,,=== Intersection ===,,Dot
007769,007769,,,=== City ===,,Dot
007770,007770,,,=== City ===,,Dot
007772,007772,,,=== Point of Interest ===,,Dot
007773,007773,,,=== Point of Interest ===,,Dot
007774,007774,,,=== Point of Interest ===,,Dot
007775,007775,,,=== Intersection ===,,Dot
007776,007776,,,=== Intersection ===,,Dot
007777,007777,,,=== Intersection ===,,Dot
007778,007778,,,=== Intersection ===,,Dot
007781,007781,,,=== Point of Interest ===,,Dot
007782,007782,,,=== Point of Interest ===,,Dot
007783,007783,,,=== Point of Interest ===,,Dot
007784,007784,,,=== City ===,,Dot
007785,007785,,,=== Intersection ===,,Dot
007786,007786,,,=== City ===,,Dot
007787,007787,,,=== City ===,,Dot
007790,007790,,,=== Point of Interest ===,,Dot
007791,007791,,,=== Point of Interest ===,,Dot
007792,007792,,,=== Point of Interest ===,,Dot
007793,007793,,,=== Intersection ===,,Dot
007794,007794,,,=== Intersection ===,,Dot
007795,007795,,,=== Intersection ===,,Dot
007796,007796,,,=== Intersection ===,,Dot
007804,007804,,,=== Point of Interest ===,,Dot
007805,007805,,,=== Point of Interest ===,,Dot
007806,007806,,,=== Point of Interest ===,,Dot
007807,007807,,,=== City ===,,Dot
007808,007808,,,=== Intersection ===,,Dot
007809,007809,,,=== City ===,,Dot
007810,007810,,,=== City ===,,Dot
007812,007812,,,=== Point of Interest ===,,Dot
007813,007813,,,=== Point of Interest ===,,Dot
007814,007814,,,=== Point of Interest ===,,Dot
007815,007815,,,=== Intersection ===,,Dot
007816,007816,,,=== Intersection ===,,Dot
007817,007817,,,=== Intersection ===,,Dot
007818,007818,,,=== Intersection ===,,Dot
007820,007820,,,=== Point of Interest ===,,Dot
007821,007821,,,=== Point of Interest ===,,Dot
007822,007822,,,=== Point of Interest ===,,Dot
007823,007823,,,=== City ===,,Dot
007824,007824,,,=== Intersection ===,,Dot
007825,007825,,,=== City ===,,Dot
007826,007826,,,=== City ===,,Dot
007828,007828,,,=== Point of Interest ===,,Dot
007829,007829,,,=== Point of Interest ===,,Dot
007830,007830,,,=== Point of Interest ===,,Dot
007831,007831,,,=== Intersection ===,,Dot
007832,007832,,,=== Intersection ===,,Dot
007833,007833,,,=== Intersection ===,,Dot
007834,007834,,,=== Intersection ===,,Dot
007836,007836,,,=== Point of Interest ===,,Dot
007837,007837,,,=== Point of Interest ===,,Dot
007838,007838,,,=== Point of Interest ===,,Dot
007839,007839,,,=== City ===,,Dot
007840,007840,,,=== City ===,,Dot
007841,007841,,,=== City ===,,Dot
007843,007843,,,=== Point of Interest ===,,Dot
007844,007844,,,=== Point of Interest ===,,Dot
007845,007845,,,=== Point of Interest ===,,Dot
007846,007846,29.384162,-89.602788,Cross Doullut Canal,Cross Doullut Canal,Dot
