<?xml version='1.0' encoding='UTF-8'?>
<gpx xmlns="http://www.topografix.com/GPX/1/1" xmlns:xsi="http://www.w3.org/2001/XMLSchema-instance" xsi:schemaLocation="http://www.topografix.com/GPX/1/1 http://www.topografix.com/GPX/1/1/gpx.xsd">
    <metadata>
    <name>MRRide_WAYpts_260601-01</name>
    <link href="https://ridewithgps.com/routes/55323339">
      <text>MRRide_WAYpts_260601-01</text>
    </link>
    <desc>260601-01 | Inserted 438 non-Mississippi River Crossing - Bridge waypoints (sorted N-to-S, Bridge symbol) immediately before City/Town Center. All original data preserved from 260512-01 CSV. Changelogs cumulative. 23 categories maintained.</desc>
    <time>2026-06-02T07:07:51.453506Z</time>
  </metadata>
  <!-- Changelog 260601-01: Added compiled non-Mississippi water crossings (438 waypoints) under single River Crossing - Bridge header, inserted immediately before City/Town Center category. Source: cleaned MRRide_218wpts_260512-01.csv (pure 2,200 waypoints). No data deleted - only reclassified/moved. -->
  

  <!-- === River Crossing - Bridge (Non-Mississippi tributaries & other water crossings) === -->
  <wpt lat="47.42974" lon="-94.05094">
    <name>Continue onto Great River Rd</name>
    <desc>Continue onto Great River Rd</desc>
    <sym>Bridge</sym>
  </wpt>
  <wpt lat="47.41678" lon="-93.99807">
    <name>Turn right onto Great River Rd/​Itasca County Road 39</name>
    <desc>Turn right onto Great River Rd/​Itasca County Road 39</desc>
    <sym>Bridge</sym>
  </wpt>
  <wpt lat="47.4155" lon="-94.417299">
    <name>Cross Lydick Brook</name>
    <desc>Cross Lydick Brook</desc>
    <sym>Bridge</sym>
  </wpt>
  <wpt lat="47.380016" lon="-94.5875">
    <name>Cross Fox Creek</name>
    <desc>Cross Fox Creek</desc>
    <sym>Bridge</sym>
  </wpt>
  <wpt lat="47.333545" lon="-93.795422">
    <name>Junction MN SR 6 to Left,Deer River, MN</name>
    <desc>Junction MN SR 6 to Left,Deer River, MN</desc>
    <sym>Bridge</sym>
  </wpt>
  <wpt lat="47.332192" lon="-93.784053">
    <name>Cross Deer RIver</name>
    <desc>Cross Deer RIver</desc>
    <sym>Bridge</sym>
  </wpt>
  <wpt lat="47.331867" lon="-93.89287">
    <name>Cross Ball Club RIver</name>
    <desc>Cross Ball Club RIver</desc>
    <sym>Bridge</sym>
  </wpt>
  <wpt lat="47.235524" lon="-93.611397">
    <name>Cross Channel between Little Jay Gould Lake on Left and Poke</name>
    <desc>Cross Channel between Little Jay Gould Lake on Left and Pokegama Lake on Right</desc>
    <sym>Bridge</sym>
  </wpt>
  <wpt lat="47.23365" lon="-93.52282">
    <name>Continue onto Canal St</name>
    <desc>Continue onto Canal St</desc>
    <sym>Bridge</sym>
  </wpt>
  <wpt lat="47.23348" lon="-93.52067">
    <name>Turn right onto NE 5th Ave/​Canal St</name>
    <desc>Turn right onto NE 5th Ave/​Canal St</desc>
    <sym>Bridge</sym>
  </wpt>
  <wpt lat="47.23319" lon="-93.51946">
    <name>Turn right to stay on Canal St</name>
    <desc>Turn right to stay on Canal St</desc>
    <sym>Bridge</sym>
  </wpt>
  <wpt lat="47.22711" lon="-93.51259">
    <name>Turn left onto Great River Rd/​River Rd</name>
    <desc>Turn left onto Great River Rd/​River Rd</desc>
    <sym>Bridge</sym>
  </wpt>
  <wpt lat="47.22526" lon="-93.75603">
    <name>Turn left onto Great River Rd/​Itasca County Road 63</name>
    <desc>Turn left onto Great River Rd/​Itasca County Road 63</desc>
    <sym>Bridge</sym>
  </wpt>
  <wpt lat="47.224146" lon="-93.698746">
    <name>Cross Rice Creek</name>
    <desc>Cross Rice Creek</desc>
    <sym>Bridge</sym>
  </wpt>
  <wpt lat="47.05661" lon="-93.386505">
    <name>Cross Split Hand Creek</name>
    <desc>Cross Split Hand Creek</desc>
    <sym>Bridge</sym>
  </wpt>
  <wpt lat="47.01588" lon="-93.29498">
    <name>Turn left onto Great River Rd</name>
    <desc>Turn left onto Great River Rd</desc>
    <sym>Bridge</sym>
  </wpt>
  <wpt lat="46.906826" lon="-93.347003">
    <name>Cross Pokegama Creek</name>
    <desc>Cross Pokegama Creek</desc>
    <sym>Bridge</sym>
  </wpt>
  <wpt lat="46.682644" lon="-93.588689">
    <name>Cross Willow River</name>
    <desc>Cross Willow River</desc>
    <sym>Bridge</sym>
  </wpt>
  <wpt lat="46.677573" lon="-93.601648">
    <name>Cross White Elk Creek</name>
    <desc>Cross White Elk Creek</desc>
    <sym>Bridge</sym>
  </wpt>
  <wpt lat="46.65594" lon="-93.61339">
    <name>Turn right onto Great River Road, CR 21</name>
    <desc>Turn right onto Great River Road, CR 21</desc>
    <sym>Bridge</sym>
  </wpt>
  <wpt lat="46.592674" lon="-93.760911">
    <name>Cross Flood Diversion Channel</name>
    <desc>Cross Flood Diversion Channel</desc>
    <sym>Bridge</sym>
  </wpt>
  <wpt lat="46.5923" lon="-93.686903">
    <name>Cross Flood Diversion Channel</name>
    <desc>Cross Flood Diversion Channel</desc>
    <sym>Bridge</sym>
  </wpt>
  <wpt lat="46.579662" lon="-93.859763">
    <name>Cross Dean Brook</name>
    <desc>Cross Dean Brook</desc>
    <sym>Bridge</sym>
  </wpt>
  <wpt lat="46.571283" lon="-94.028199">
    <name>Cross Pine River</name>
    <desc>Cross Pine River</desc>
    <sym>Bridge</sym>
  </wpt>
  <wpt lat="46.555897" lon="-93.921865">
    <name>Cross Deadmans Creek</name>
    <desc>Cross Deadmans Creek</desc>
    <sym>Bridge</sym>
  </wpt>
  <wpt lat="46.521726" lon="-94.089901">
    <name>Cross Mission Creek</name>
    <desc>Cross Mission Creek</desc>
    <sym>Bridge</sym>
  </wpt>
  <wpt lat="46.32776" lon="-94.24578">
    <name>Turn left onto Scenic River Drive South</name>
    <desc>Turn left onto Scenic River Drive South</desc>
    <sym>Bridge</sym>
  </wpt>
  <wpt lat="46.32439" lon="-94.25507">
    <name>Turn left onto Scenic River Drive South</name>
    <desc>Turn left onto Scenic River Drive South</desc>
    <sym>Bridge</sym>
  </wpt>
  <wpt lat="46.32337" lon="-94.25463">
    <name>Turn slight right onto Scenic River Drive South</name>
    <desc>Turn slight right onto Scenic River Drive South</desc>
    <sym>Bridge</sym>
  </wpt>
  <wpt lat="46.31856" lon="-94.26352">
    <name>Turn left onto Scenic River Drive South</name>
    <desc>Turn left onto Scenic River Drive South</desc>
    <sym>Bridge</sym>
  </wpt>
  <wpt lat="46.178251" lon="-94.363278">
    <name>Nokasippi River</name>
    <desc>Nokasippi River</desc>
    <sym>Bridge</sym>
  </wpt>
  <wpt lat="46.011666" lon="-94.365404">
    <name>Little Elk River</name>
    <desc>Little Elk River</desc>
    <sym>Bridge</sym>
  </wpt>
  <wpt lat="45.99865" lon="-94.36799">
    <name>Turn slight right onto West River Road</name>
    <desc>Turn slight right onto West River Road</desc>
    <sym>Bridge</sym>
  </wpt>
  <wpt lat="45.952791" lon="-94.391058">
    <name>Pike Creek</name>
    <desc>Pike Creek</desc>
    <sym>Bridge</sym>
  </wpt>
  <wpt lat="45.918605" lon="-94.389179">
    <name>Swan River</name>
    <desc>Swan River</desc>
    <sym>Bridge</sym>
  </wpt>
  <wpt lat="45.8266" lon="-94.36481">
    <name>Turn left onto Great River Road</name>
    <desc>Turn left onto Great River Road</desc>
    <sym>Bridge</sym>
  </wpt>
  <wpt lat="45.825333" lon="-94.364705">
    <name>Two River</name>
    <desc>Two River</desc>
    <sym>Bridge</sym>
  </wpt>
  <wpt lat="45.814307" lon="-94.360564">
    <name>Cross Hazel Creek</name>
    <desc>Cross Hazel Creek</desc>
    <sym>Bridge</sym>
  </wpt>
  <wpt lat="45.784488" lon="-94.315024">
    <name>Cross Spunk Creek</name>
    <desc>Cross Spunk Creek</desc>
    <sym>Bridge</sym>
  </wpt>
  <wpt lat="45.681526" lon="-94.183905">
    <name>Little Rock Creek</name>
    <desc>Little Rock Creek</desc>
    <sym>Bridge</sym>
  </wpt>
  <wpt lat="45.591401" lon="-94.177794">
    <name>Sauk River</name>
    <desc>Sauk River</desc>
    <sym>Bridge</sym>
  </wpt>
  <wpt lat="45.387443" lon="-94.011723">
    <name>Cross Fish Creek</name>
    <desc>Cross Fish Creek</desc>
    <sym>Bridge</sym>
  </wpt>
  <wpt lat="45.365059" lon="-93.956384">
    <name>Cross Silver Creek, Locke Lake to Right</name>
    <desc>Cross Silver Creek, Locke Lake to Right</desc>
    <sym>Bridge</sym>
  </wpt>
  <wpt lat="45.313736" lon="-93.818249">
    <name>Cross Otter Creek</name>
    <desc>Cross Otter Creek</desc>
    <sym>Bridge</sym>
  </wpt>
  <wpt lat="45.26236" lon="-93.55336">
    <name>Turn slight right onto River Road Northeast, CR 42</name>
    <desc>Turn slight right onto River Road Northeast, CR 42</desc>
    <sym>Bridge</sym>
  </wpt>
  <wpt lat="45.244378" lon="-93.522496">
    <name>Crow River</name>
    <desc>Crow River</desc>
    <sym>Bridge</sym>
  </wpt>
  <wpt lat="45.18849" lon="-93.39407">
    <name>Turn left onto East River Parkway</name>
    <desc>Turn left onto East River Parkway</desc>
    <sym>Bridge</sym>
  </wpt>
  <wpt lat="45.184032" lon="-93.389372">
    <name>Cross Elm Creek</name>
    <desc>Cross Elm Creek</desc>
    <sym>Bridge</sym>
  </wpt>
  <wpt lat="45.183986" lon="-93.389326">
    <name>Elm Creek</name>
    <desc>Elm Creek</desc>
    <sym>Bridge</sym>
  </wpt>
  <wpt lat="45.18352" lon="-93.3884">
    <name>Turn right toward W River Rd</name>
    <desc>Turn right toward W River Rd</desc>
    <sym>Bridge</sym>
  </wpt>
  <wpt lat="45.18298" lon="-93.38811">
    <name>Continue onto W River Rd</name>
    <desc>Continue onto W River Rd</desc>
    <sym>Bridge</sym>
  </wpt>
  <wpt lat="45.17707" lon="-93.37489">
    <name>Turn right onto River Shore Lane</name>
    <desc>Turn right onto River Shore Lane</desc>
    <sym>Bridge</sym>
  </wpt>
  <wpt lat="45.1643" lon="-93.35424">
    <name>Turn left onto West River Road, CR 12</name>
    <desc>Turn left onto West River Road, CR 12</desc>
    <sym>Bridge</sym>
  </wpt>
  <wpt lat="45.15207" lon="-93.33783">
    <name>Turn right at Great River Rd/​W River Rd</name>
    <desc>Turn right at Great River Rd/​W River Rd</desc>
    <sym>Bridge</sym>
  </wpt>
  <wpt lat="45.15111" lon="-93.33459">
    <name>Turn left onto W River Rd</name>
    <desc>Turn left onto W River Rd</desc>
    <sym>Bridge</sym>
  </wpt>
  <wpt lat="45.110809" lon="-93.295206">
    <name>Matson Brook</name>
    <desc>Matson Brook</desc>
    <sym>Bridge</sym>
  </wpt>
  <wpt lat="45.00148" lon="-93.2767">
    <name>Turn right onto West River Road North</name>
    <desc>Turn right onto West River Road North</desc>
    <sym>Bridge</sym>
  </wpt>
  <wpt lat="45.0014" lon="-93.27658">
    <name>Turn right onto West River Pkwy Trail</name>
    <desc>Turn right onto West River Pkwy Trail</desc>
    <sym>Bridge</sym>
  </wpt>
  <wpt lat="44.99825" lon="-93.27681">
    <name>Slight Left</name>
    <desc>Turn slight left onto West River Parkway Trail</desc>
    <sym>Bridge</sym>
  </wpt>
  <wpt lat="44.99638" lon="-93.27654">
    <name>Keep right onto West River Pkwy Trail,</name>
    <desc>Keep right onto West River Pkwy Trail,</desc>
    <sym>Bridge</sym>
  </wpt>
  <wpt lat="44.99132" lon="-93.27442">
    <name>Turn left onto West River Parkway Trail</name>
    <desc>Turn left onto West River Parkway Trail</desc>
    <sym>Bridge</sym>
  </wpt>
  <wpt lat="44.9902" lon="-93.273981">
    <name>Cross Bassett Creek</name>
    <desc>Cross Bassett Creek</desc>
    <sym>Bridge</sym>
  </wpt>
  <wpt lat="44.97761" lon="-93.24474">
    <name>Turn right onto West River Parkway Trail</name>
    <desc>Turn right onto West River Parkway Trail</desc>
    <sym>Bridge</sym>
  </wpt>
  <wpt lat="44.943007" lon="-93.193519">
    <name>Shadow Creek</name>
    <desc>Shadow Creek</desc>
    <sym>Bridge</sym>
  </wpt>
  <wpt lat="44.91256" lon="-93.05341">
    <name>Turn left onto River to River Greenway</name>
    <desc>Turn left onto River to River Greenway</desc>
    <sym>Bridge</sym>
  </wpt>
  <wpt lat="44.90906" lon="-93.14242">
    <name>Turn right onto River Crossing Regional Trail</name>
    <desc>Turn right onto River Crossing Regional Trail</desc>
    <sym>Bridge</sym>
  </wpt>
  <wpt lat="44.90255" lon="-93.13434">
    <name>Continue onto River to River Greenway</name>
    <desc>Continue onto River to River Greenway</desc>
    <sym>Bridge</sym>
  </wpt>
  <wpt lat="44.902443" lon="-93.133554">
    <name>Lilydale Creek</name>
    <desc>Lilydale Creek</desc>
    <sym>Bridge</sym>
  </wpt>
  <wpt lat="44.90171" lon="-93.13552">
    <name>Keep right onto River Crossing Regional Trail</name>
    <desc>Keep right onto River Crossing Regional Trail</desc>
    <sym>Bridge</sym>
  </wpt>
  <wpt lat="44.899646" lon="-93.151796">
    <name>Mouth of Minnesota River to Right (not visible)</name>
    <desc>Mouth of Minnesota River to Right (not visible)</desc>
    <sym>Bridge</sym>
  </wpt>
  <wpt lat="44.748875" lon="-92.804668">
    <name>St. Croix River</name>
    <desc>St. Croix River</desc>
    <sym>Bridge</sym>
  </wpt>
  <wpt lat="44.74375" lon="-92.7903">
    <name>Turn right onto Great River Rd/​Jefferson St</name>
    <desc>Turn right onto Great River Rd/​Jefferson St</desc>
    <sym>Bridge</sym>
  </wpt>
  <wpt lat="44.74286" lon="-92.79089">
    <name>Great River Road Visitor Center</name>
    <desc>Great River Road Visitor Center</desc>
    <sym>Bridge</sym>
  </wpt>
  <wpt lat="44.717607" lon="-92.672873">
    <name>Big River</name>
    <desc>Big River</desc>
    <sym>Bridge</sym>
  </wpt>
  <wpt lat="44.661143" lon="-92.636436">
    <name>Wind River</name>
    <desc>Wind River</desc>
    <sym>Bridge</sym>
  </wpt>
  <wpt lat="44.625599" lon="-92.579382">
    <name>Trimbelle River</name>
    <desc>Trimbelle River</desc>
    <sym>Bridge</sym>
  </wpt>
  <wpt lat="44.586115" lon="-92.443729">
    <name>Cross Isabelle Creek</name>
    <desc>Cross Isabelle Creek</desc>
    <sym>Bridge</sym>
  </wpt>
  <wpt lat="44.58544" lon="-92.45072">
    <name>Turn right onto Great River Road, WI 35</name>
    <desc>Turn right onto Great River Road, WI 35</desc>
    <sym>Bridge</sym>
  </wpt>
  <wpt lat="44.570109" lon="-92.328802">
    <name>Rush River</name>
    <desc>Rush River</desc>
    <sym>Bridge</sym>
  </wpt>
  <wpt lat="44.54276" lon="-92.29501">
    <name>Cross Pine Creek</name>
    <desc>Cross Pine Creek</desc>
    <sym>Bridge</sym>
  </wpt>
  <wpt lat="44.535805" lon="-92.296213">
    <name>Cross Little Pine Creek</name>
    <desc>Cross Little Pine Creek</desc>
    <sym>Bridge</sym>
  </wpt>
  <wpt lat="44.460986" lon="-92.214288">
    <name>Cross Bogus Creek</name>
    <desc>Cross Bogus Creek</desc>
    <sym>Bridge</sym>
  </wpt>
  <wpt lat="44.459032" lon="-92.202976">
    <name>Cross Lost Creek</name>
    <desc>Cross Lost Creek</desc>
    <sym>Bridge</sym>
  </wpt>
  <wpt lat="44.436943" lon="-92.074482">
    <name>Chippewa River</name>
    <desc>Chippewa River</desc>
    <sym>Bridge</sym>
  </wpt>
  <wpt lat="44.434804" lon="-92.049272">
    <name>Cross Buffalo Slough</name>
    <desc>Cross Buffalo Slough</desc>
    <sym>Bridge</sym>
  </wpt>
  <wpt lat="44.434061" lon="-92.024536">
    <name>Cross Shively Slough</name>
    <desc>Cross Shively Slough</desc>
    <sym>Bridge</sym>
  </wpt>
  <wpt lat="44.432023" lon="-92.010103">
    <name>By Golly Creek</name>
    <desc>By Golly Creek</desc>
    <sym>Bridge</sym>
  </wpt>
  <wpt lat="44.391743" lon="-91.970795">
    <name>Deer Creek</name>
    <desc>Deer Creek</desc>
    <sym>Bridge</sym>
  </wpt>
  <wpt lat="44.363797" lon="-91.945611">
    <name>Cross Spring Creek</name>
    <desc>Cross Spring Creek</desc>
    <sym>Bridge</sym>
  </wpt>
  <wpt lat="44.352269" lon="-91.930134">
    <name>Buffalo River</name>
    <desc>Buffalo River</desc>
    <sym>Bridge</sym>
  </wpt>
  <wpt lat="44.23131" lon="-91.86469">
    <name>Turn right onto River Road, OO</name>
    <desc>Turn right onto River Road, OO</desc>
    <sym>Bridge</sym>
  </wpt>
  <wpt lat="44.22286" lon="-91.85849">
    <name>Turn right onto River Road, OO</name>
    <desc>Turn right onto River Road, OO</desc>
    <sym>Bridge</sym>
  </wpt>
  <wpt lat="44.16488" lon="-91.76037">
    <name>Turn right onto Great River Road, WI 35</name>
    <desc>Turn right onto Great River Road, WI 35</desc>
    <sym>Bridge</sym>
  </wpt>
  <wpt lat="44.151118" lon="-91.740377">
    <name>Cross Waumandee Creek</name>
    <desc>Cross Waumandee Creek</desc>
    <sym>Bridge</sym>
  </wpt>
  <wpt lat="44.040728" lon="-91.650453">
    <name>Cross Gilmore Creek, Lake Winona to Left</name>
    <desc>Cross Gilmore Creek, Lake Winona to Left</desc>
    <sym>Bridge</sym>
  </wpt>
  <wpt lat="44.020503" lon="-91.552791">
    <name>Cross Homer Creek</name>
    <desc>Cross Homer Creek</desc>
    <sym>Bridge</sym>
  </wpt>
  <wpt lat="44.019987" lon="-91.602553">
    <name>Cross Pleasant Valley Creek</name>
    <desc>Cross Pleasant Valley Creek</desc>
    <sym>Bridge</sym>
  </wpt>
  <wpt lat="44.006808" lon="-91.495968">
    <name>Cedar Creek</name>
    <desc>Cedar Creek</desc>
    <sym>Bridge</sym>
  </wpt>
  <wpt lat="43.996379" lon="-91.460745">
    <name>Trout Creek</name>
    <desc>Trout Creek</desc>
    <sym>Bridge</sym>
  </wpt>
  <wpt lat="43.996331" lon="-91.460635">
    <name>Cross Big Trout Creek</name>
    <desc>Cross Big Trout Creek</desc>
    <sym>Bridge</sym>
  </wpt>
  <wpt lat="43.91917" lon="-91.36184">
    <name>Turn right onto River Street</name>
    <desc>Turn right onto River Street</desc>
    <sym>Bridge</sym>
  </wpt>
  <wpt lat="43.916679" lon="-91.360686">
    <name>Cross Dakota Creek</name>
    <desc>Cross Dakota Creek</desc>
    <sym>Bridge</sym>
  </wpt>
  <wpt lat="43.783389" lon="-91.208844">
    <name>Cross Pammel Creek</name>
    <desc>Cross Pammel Creek</desc>
    <sym>Bridge</sym>
  </wpt>
  <wpt lat="43.78319" lon="-91.2085">
    <name>Turn right onto Pammel Creek Trail</name>
    <desc>Turn right onto Pammel Creek Trail</desc>
    <sym>Bridge</sym>
  </wpt>
  <wpt lat="43.77243" lon="-91.2091">
    <name>Keep right onto Pammel Creek Trail</name>
    <desc>Keep right onto Pammel Creek Trail</desc>
    <sym>Bridge</sym>
  </wpt>
  <wpt lat="43.76855" lon="-91.20865">
    <name>Turn slight right onto Pammel Creek Trail</name>
    <desc>Turn slight right onto Pammel Creek Trail</desc>
    <sym>Bridge</sym>
  </wpt>
  <wpt lat="43.76182" lon="-91.20704">
    <name>Turn right onto Pammel Creek Trail</name>
    <desc>Turn right onto Pammel Creek Trail</desc>
    <sym>Bridge</sym>
  </wpt>
  <wpt lat="43.74773" lon="-91.20044">
    <name>Turn right onto Great River Road, WI 35</name>
    <desc>Turn right onto Great River Road, WI 35</desc>
    <sym>Bridge</sym>
  </wpt>
  <wpt lat="43.73909" lon="-91.200505">
    <name>Mormon Creek</name>
    <desc>Mormon Creek</desc>
    <sym>Bridge</sym>
  </wpt>
  <wpt lat="43.647543" lon="-91.219151">
    <name>Coon Creek</name>
    <desc>Coon Creek</desc>
    <sym>Bridge</sym>
  </wpt>
  <wpt lat="43.521016" lon="-91.215415">
    <name>Bad Axe River</name>
    <desc>Bad Axe River</desc>
    <sym>Bridge</sym>
  </wpt>
  <wpt lat="43.368054" lon="-91.139655">
    <name>Rush Creek</name>
    <desc>Rush Creek</desc>
    <sym>Bridge</sym>
  </wpt>
  <wpt lat="43.340079" lon="-91.081334">
    <name>Sugar Creek</name>
    <desc>Sugar Creek</desc>
    <sym>Bridge</sym>
  </wpt>
  <wpt lat="43.330999" lon="-91.070087">
    <name>Buck Creek</name>
    <desc>Buck Creek</desc>
    <sym>Bridge</sym>
  </wpt>
  <wpt lat="43.315843" lon="-91.058726">
    <name>Copper Creek</name>
    <desc>Copper Creek</desc>
    <sym>Bridge</sym>
  </wpt>
  <wpt lat="43.216436" lon="-91.089266">
    <name>Cross Leitner Creek, Leitner Hollow to Left</name>
    <desc>Cross Leitner Creek, Leitner Hollow to Left</desc>
    <sym>Bridge</sym>
  </wpt>
  <wpt lat="43.169897" lon="-91.134028">
    <name>Du Charme Creek</name>
    <desc>Du Charme Creek</desc>
    <sym>Bridge</sym>
  </wpt>
  <wpt lat="43.140723" lon="-91.142762">
    <name>Picatee Creek</name>
    <desc>Picatee Creek</desc>
    <sym>Bridge</sym>
  </wpt>
  <wpt lat="43.08616" lon="-91.182464">
    <name>Yellow River</name>
    <desc>Yellow River</desc>
    <sym>Bridge</sym>
  </wpt>
  <wpt lat="43.086155" lon="-91.182458">
    <name>Yellow River</name>
    <desc>Yellow River</desc>
    <sym>Bridge</sym>
  </wpt>
  <wpt lat="43.04505" lon="-91.17818">
    <name>Continue onto Great River Road, IA 76</name>
    <desc>Continue onto Great River Road, IA 76</desc>
    <sym>Bridge</sym>
  </wpt>
  <wpt lat="42.9385" lon="-91.176982">
    <name>Cross Sny Magill Creek</name>
    <desc>Cross Sny Magill Creek</desc>
    <sym>Bridge</sym>
  </wpt>
  <wpt lat="42.90344" lon="-91.17455">
    <name>Turn left onto Great River Road</name>
    <desc>Turn left onto Great River Road</desc>
    <sym>Bridge</sym>
  </wpt>
  <wpt lat="42.825162" lon="-91.109226">
    <name>Cross Buck Creek</name>
    <desc>Cross Buck Creek</desc>
    <sym>Bridge</sym>
  </wpt>
  <wpt lat="42.79361" lon="-91.10091">
    <name>Slight Left</name>
    <desc>Keep left onto North River Park Drive</desc>
    <sym>Bridge</sym>
  </wpt>
  <wpt lat="42.767956" lon="-91.099766">
    <name>Cross Miners Creek</name>
    <desc>Cross Miners Creek</desc>
    <sym>Bridge</sym>
  </wpt>
  <wpt lat="42.707838" lon="-91.075713">
    <name>Cross Turkey River</name>
    <desc>Cross Turkey River</desc>
    <sym>Bridge</sym>
  </wpt>
  <wpt lat="42.704199" lon="-90.956464">
    <name>Cross Mill Branch</name>
    <desc>Cross Mill Branch</desc>
    <sym>Bridge</sym>
  </wpt>
  <wpt lat="42.70389" lon="-90.9581">
    <name>Turn right onto Great River Road, WI 133</name>
    <desc>Turn right onto Great River Road, WI 133</desc>
    <sym>Bridge</sym>
  </wpt>
  <wpt lat="42.703544" lon="-91.073447">
    <name>Cross Little Turkey River</name>
    <desc>Cross Little Turkey River</desc>
    <sym>Bridge</sym>
  </wpt>
  <wpt lat="42.70334" lon="-91.07541">
    <name>Turn left onto Great River Road, C9Y</name>
    <desc>Turn left onto Great River Road, C9Y</desc>
    <sym>Bridge</sym>
  </wpt>
  <wpt lat="42.703051" lon="-91.034335">
    <name>Cross Bluebell Creek</name>
    <desc>Cross Bluebell Creek</desc>
    <sym>Bridge</sym>
  </wpt>
  <wpt lat="42.693591" lon="-90.845128">
    <name>Cross McCartney Branch</name>
    <desc>Cross McCartney Branch</desc>
    <sym>Bridge</sym>
  </wpt>
  <wpt lat="42.677271" lon="-90.757342">
    <name>Cross Grant River</name>
    <desc>Cross Grant River</desc>
    <sym>Bridge</sym>
  </wpt>
  <wpt lat="42.66708" lon="-90.72928">
    <name>Junction WI SR 133 to Left ,Turn right onto River Lane Road</name>
    <desc>Junction WI SR 133 to Left ,Turn right onto River Lane Road</desc>
    <sym>Bridge</sym>
  </wpt>
  <wpt lat="42.66678" lon="-90.730723">
    <name>Cross Potosi Creek</name>
    <desc>Cross Potosi Creek</desc>
    <sym>Bridge</sym>
  </wpt>
  <wpt lat="42.66177" lon="-90.70814">
    <name>Turn right onto River Lane Road</name>
    <desc>Turn right onto River Lane Road</desc>
    <sym>Bridge</sym>
  </wpt>
  <wpt lat="42.63101" lon="-90.60569">
    <name>Turn right onto Great River Road, US 61, WI 35</name>
    <desc>Turn right onto Great River Road, US 61, WI 35</desc>
    <sym>Bridge</sym>
  </wpt>
  <wpt lat="42.630485" lon="-90.652447">
    <name>Cross Platte River</name>
    <desc>Cross Platte River</desc>
    <sym>Bridge</sym>
  </wpt>
  <wpt lat="42.619658" lon="-90.639668">
    <name>Cross Indian Creek</name>
    <desc>Cross Indian Creek</desc>
    <sym>Bridge</sym>
  </wpt>
  <wpt lat="42.618226" lon="-90.632401">
    <name>Cross Indian Creek</name>
    <desc>Cross Indian Creek</desc>
    <sym>Bridge</sym>
  </wpt>
  <wpt lat="42.61747" lon="-90.58714">
    <name>Turn right onto Great River Road, US 61/151, WI 35</name>
    <desc>Turn right onto Great River Road, US 61/151, WI 35</desc>
    <sym>Bridge</sym>
  </wpt>
  <wpt lat="42.611497" lon="-90.589516">
    <name>Cross Indian Creek</name>
    <desc>Cross Indian Creek</desc>
    <sym>Bridge</sym>
  </wpt>
  <wpt lat="42.57896" lon="-90.642196">
    <name>Cross Sinnipee Creek</name>
    <desc>Cross Sinnipee Creek</desc>
    <sym>Bridge</sym>
  </wpt>
  <wpt lat="42.466383" lon="-90.647614">
    <name>Cross Catfish Creek</name>
    <desc>Cross Catfish Creek</desc>
    <sym>Bridge</sym>
  </wpt>
  <wpt lat="42.41439" lon="-90.62367">
    <name>Turn sharp left onto Great River Road, US 52</name>
    <desc>Turn sharp left onto Great River Road, US 52</desc>
    <sym>Bridge</sym>
  </wpt>
  <wpt lat="42.394431" lon="-90.585611">
    <name>Cross Lux Creek</name>
    <desc>Cross Lux Creek</desc>
    <sym>Bridge</sym>
  </wpt>
  <wpt lat="42.38983" lon="-90.578671">
    <name>Cross Lux Creek</name>
    <desc>Cross Lux Creek</desc>
    <sym>Bridge</sym>
  </wpt>
  <wpt lat="42.358217" lon="-90.534693">
    <name>Cross Tete Des Morts Creek</name>
    <desc>Cross Tete Des Morts Creek</desc>
    <sym>Bridge</sym>
  </wpt>
  <wpt lat="42.300243" lon="-90.446897">
    <name>Cross Spruce Creek</name>
    <desc>Cross Spruce Creek</desc>
    <sym>Bridge</sym>
  </wpt>
  <wpt lat="42.250509" lon="-90.41907">
    <name>Cross Mill Creek</name>
    <desc>Cross Mill Creek</desc>
    <sym>Bridge</sym>
  </wpt>
  <wpt lat="42.24869" lon="-90.4177">
    <name>Turn right onto Great River Road, US 52</name>
    <desc>Turn right onto Great River Road, US 52</desc>
    <sym>Bridge</sym>
  </wpt>
  <wpt lat="42.231254" lon="-90.402632">
    <name>Cross Duck Creek</name>
    <desc>Cross Duck Creek</desc>
    <sym>Bridge</sym>
  </wpt>
  <wpt lat="42.199595" lon="-90.382452">
    <name>Cross Pleasant Creek</name>
    <desc>Cross Pleasant Creek</desc>
    <sym>Bridge</sym>
  </wpt>
  <wpt lat="42.164126" lon="-90.335256">
    <name>Cross Maquoketa River</name>
    <desc>Cross Maquoketa River</desc>
    <sym>Bridge</sym>
  </wpt>
  <wpt lat="42.131954" lon="-90.283593">
    <name>Cross Smith Creek</name>
    <desc>Cross Smith Creek</desc>
    <sym>Bridge</sym>
  </wpt>
  <wpt lat="42.11166" lon="-90.207948">
    <name>Cross Beaver Creek</name>
    <desc>Cross Beaver Creek</desc>
    <sym>Bridge</sym>
  </wpt>
  <wpt lat="42.09036" lon="-90.15534">
    <name>Turn left onto Great River Trail</name>
    <desc>Turn left onto Great River Trail</desc>
    <sym>Bridge</sym>
  </wpt>
  <wpt lat="42.080141" lon="-90.143845">
    <name>Cross Plum River</name>
    <desc>Cross Plum River</desc>
    <sym>Bridge</sym>
  </wpt>
  <wpt lat="42.07267" lon="-90.1734">
    <name>Turn right onto River Street</name>
    <desc>Turn right onto River Street</desc>
    <sym>Bridge</sym>
  </wpt>
  <wpt lat="42.06675" lon="-90.16979">
    <name>Keep right onto River Street</name>
    <desc>Keep right onto River Street</desc>
    <sym>Bridge</sym>
  </wpt>
  <wpt lat="41.93843" lon="-90.108849">
    <name>Potter Slough to Right</name>
    <desc>Potter Slough to Right</desc>
    <sym>Bridge</sym>
  </wpt>
  <wpt lat="41.90162" lon="-90.12132">
    <name>Turn right onto Great River Trail</name>
    <desc>Turn right onto Great River Trail</desc>
    <sym>Bridge</sym>
  </wpt>
  <wpt lat="41.899873" lon="-90.122331">
    <name>Cross Johnson Creek</name>
    <desc>Cross Johnson Creek</desc>
    <sym>Bridge</sym>
  </wpt>
  <wpt lat="41.870269" lon="-90.145055">
    <name>Cross Cattail Slough</name>
    <desc>Cross Cattail Slough</desc>
    <sym>Bridge</sym>
  </wpt>
  <wpt lat="41.866848" lon="-90.179286">
    <name>Cross Joyces Slough</name>
    <desc>Cross Joyces Slough</desc>
    <sym>Bridge</sym>
  </wpt>
  <wpt lat="41.865582" lon="-90.17864">
    <name>Cross Joyces Slough</name>
    <desc>Cross Joyces Slough</desc>
    <sym>Bridge</sym>
  </wpt>
  <wpt lat="41.852633" lon="-90.183053">
    <name>Cross Joyces Slough</name>
    <desc>Cross Joyces Slough</desc>
    <sym>Bridge</sym>
  </wpt>
  <wpt lat="41.82533" lon="-90.168016">
    <name>Cross Cattail Creek</name>
    <desc>Cross Cattail Creek</desc>
    <sym>Bridge</sym>
  </wpt>
  <wpt lat="41.80524" lon="-90.17609">
    <name>Turn right onto Great River Trail</name>
    <desc>Turn right onto Great River Trail</desc>
    <sym>Bridge</sym>
  </wpt>
  <wpt lat="41.803545" lon="-90.180291">
    <name>Cross Cedar Creek</name>
    <desc>Cross Cedar Creek</desc>
    <sym>Bridge</sym>
  </wpt>
  <wpt lat="41.796369" lon="-90.197734">
    <name>Cross Spring Creek</name>
    <desc>Cross Spring Creek</desc>
    <sym>Bridge</sym>
  </wpt>
  <wpt lat="41.76886" lon="-90.246525">
    <name>Cross Meredosia Ditch</name>
    <desc>Cross Meredosia Ditch</desc>
    <sym>Bridge</sym>
  </wpt>
  <wpt lat="41.761769" lon="-90.262364">
    <name>Marais D'osier Slough to Right</name>
    <desc>Marais D'osier Slough to Right</desc>
    <sym>Bridge</sym>
  </wpt>
  <wpt lat="41.72885" lon="-90.29855">
    <name>Turn left onto Great River Trail</name>
    <desc>Turn left onto Great River Trail</desc>
    <sym>Bridge</sym>
  </wpt>
  <wpt lat="41.71419" lon="-90.30085">
    <name>Turn sharp right onto Great River Trail</name>
    <desc>Turn sharp right onto Great River Trail</desc>
    <sym>Bridge</sym>
  </wpt>
  <wpt lat="41.69215" lon="-90.31132">
    <name>Turn left onto River Road North</name>
    <desc>Turn left onto River Road North</desc>
    <sym>Bridge</sym>
  </wpt>
  <wpt lat="41.66891" lon="-90.32564">
    <name>Turn right onto Great River Trail</name>
    <desc>Turn right onto Great River Trail</desc>
    <sym>Bridge</sym>
  </wpt>
  <wpt lat="41.61918" lon="-90.33497">
    <name>Turn right onto Great River Trail</name>
    <desc>Turn right onto Great River Trail</desc>
    <sym>Bridge</sym>
  </wpt>
  <wpt lat="41.5972" lon="-90.33553">
    <name>Turn right onto Great River Trail</name>
    <desc>Turn right onto Great River Trail</desc>
    <sym>Bridge</sym>
  </wpt>
  <wpt lat="41.593811" lon="-90.335495">
    <name>Cross Barber Creek</name>
    <desc>Cross Barber Creek</desc>
    <sym>Bridge</sym>
  </wpt>
  <wpt lat="41.57923" lon="-90.3519">
    <name>Turn right onto Great River Trail</name>
    <desc>Turn right onto Great River Trail</desc>
    <sym>Bridge</sym>
  </wpt>
  <wpt lat="41.57326" lon="-90.37233">
    <name>Turn left onto Great River Trail</name>
    <desc>Turn left onto Great River Trail</desc>
    <sym>Bridge</sym>
  </wpt>
  <wpt lat="41.56611" lon="-90.39785">
    <name>Slight Left</name>
    <desc>Keep left onto Great River Trail</desc>
    <sym>Bridge</sym>
  </wpt>
  <wpt lat="41.56254" lon="-90.40354">
    <name>Turn right onto Great River Trail</name>
    <desc>Turn right onto Great River Trail</desc>
    <sym>Bridge</sym>
  </wpt>
  <wpt lat="41.56026" lon="-90.40801">
    <name>Turn left onto Great River Trail</name>
    <desc>Turn left onto Great River Trail</desc>
    <sym>Bridge</sym>
  </wpt>
  <wpt lat="41.53755" lon="-90.42429">
    <name>Turn right onto Great River Trail</name>
    <desc>Turn right onto Great River Trail</desc>
    <sym>Bridge</sym>
  </wpt>
  <wpt lat="41.532625" lon="-90.42921">
    <name>Sugar Creek</name>
    <desc>Sugar Creek</desc>
    <sym>Bridge</sym>
  </wpt>
  <wpt lat="41.53062" lon="-90.43807">
    <name>Continue onto Great River Trail</name>
    <desc>Continue onto Great River Trail</desc>
    <sym>Bridge</sym>
  </wpt>
  <wpt lat="41.50911" lon="-90.51494">
    <name>Turn right onto River Dr</name>
    <desc>Turn right onto River Dr</desc>
    <sym>Bridge</sym>
  </wpt>
  <wpt lat="41.491295" lon="-90.624175">
    <name>Davenport Slough</name>
    <desc>Davenport Slough</desc>
    <sym>Bridge</sym>
  </wpt>
  <wpt lat="41.457585" lon="-90.708448">
    <name>Dodges Creek</name>
    <desc>Dodges Creek</desc>
    <sym>Bridge</sym>
  </wpt>
  <wpt lat="41.455417" lon="-90.862458">
    <name>Pine Creek</name>
    <desc>Pine Creek</desc>
    <sym>Bridge</sym>
  </wpt>
  <wpt lat="41.42627" lon="-91.03254">
    <name>Turn left onto Brook St</name>
    <desc>Turn left onto Brook St</desc>
    <sym>Bridge</sym>
  </wpt>
  <wpt lat="41.411053" lon="-91.020195">
    <name>Fourth Slough</name>
    <desc>Fourth Slough</desc>
    <sym>Bridge</sym>
  </wpt>
  <wpt lat="41.362144" lon="-91.015574">
    <name>Copperas Creek</name>
    <desc>Copperas Creek</desc>
    <sym>Bridge</sym>
  </wpt>
  <wpt lat="41.306794" lon="-91.003985">
    <name>Keating Creek</name>
    <desc>Keating Creek</desc>
    <sym>Bridge</sym>
  </wpt>
  <wpt lat="41.264578" lon="-91.001989">
    <name>Eliza Creek</name>
    <desc>Eliza Creek</desc>
    <sym>Bridge</sym>
  </wpt>
  <wpt lat="41.187052" lon="-90.967818">
    <name>Edwards River</name>
    <desc>Edwards River</desc>
    <sym>Bridge</sym>
  </wpt>
  <wpt lat="41.105862" lon="-90.94278">
    <name>Pope Creek</name>
    <desc>Pope Creek</desc>
    <sym>Bridge</sym>
  </wpt>
  <wpt lat="40.892954" lon="-90.95086">
    <name>Henderson Creek</name>
    <desc>Henderson Creek</desc>
    <sym>Bridge</sym>
  </wpt>
  <wpt lat="40.868875" lon="-90.953306">
    <name>South Henderson Creek</name>
    <desc>South Henderson Creek</desc>
    <sym>Bridge</sym>
  </wpt>
  <wpt lat="40.771248" lon="-91.056674">
    <name>Ellison Creek</name>
    <desc>Ellison Creek</desc>
    <sym>Bridge</sym>
  </wpt>
  <wpt lat="40.714212" lon="-91.070014">
    <name>Honey Creek</name>
    <desc>Honey Creek</desc>
    <sym>Bridge</sym>
  </wpt>
  <wpt lat="40.644695" lon="-91.14347">
    <name>Camp Creek</name>
    <desc>Camp Creek</desc>
    <sym>Bridge</sym>
  </wpt>
  <wpt lat="40.624391" lon="-91.208405">
    <name>Opossum Creek</name>
    <desc>Opossum Creek</desc>
    <sym>Bridge</sym>
  </wpt>
  <wpt lat="40.624132" lon="-91.214566">
    <name>Spillman Creek</name>
    <desc>Spillman Creek</desc>
    <sym>Bridge</sym>
  </wpt>
  <wpt lat="40.600068" lon="-91.304907">
    <name>Tyson Creek</name>
    <desc>Tyson Creek</desc>
    <sym>Bridge</sym>
  </wpt>
  <wpt lat="40.465982" lon="-91.3625">
    <name>Larry Creek</name>
    <desc>Larry Creek</desc>
    <sym>Bridge</sym>
  </wpt>
  <wpt lat="40.450944" lon="-91.369429">
    <name>Waggoner Creek</name>
    <desc>Waggoner Creek</desc>
    <sym>Bridge</sym>
  </wpt>
  <wpt lat="40.403525" lon="-91.351956">
    <name>Chaney Creek</name>
    <desc>Chaney Creek</desc>
    <sym>Bridge</sym>
  </wpt>
  <wpt lat="40.389271" lon="-91.359767">
    <name>Railroad Creek</name>
    <desc>Railroad Creek</desc>
    <sym>Bridge</sym>
  </wpt>
  <wpt lat="40.373503" lon="-91.383602">
    <name>Crystal Glen Creek</name>
    <desc>Crystal Glen Creek</desc>
    <sym>Bridge</sym>
  </wpt>
  <wpt lat="40.372398" lon="-91.394104">
    <name>Cedar Glen Creek</name>
    <desc>Cedar Glen Creek</desc>
    <sym>Bridge</sym>
  </wpt>
  <wpt lat="40.318575" lon="-91.436556">
    <name>Shuhart Creek</name>
    <desc>Shuhart Creek</desc>
    <sym>Bridge</sym>
  </wpt>
  <wpt lat="40.248868" lon="-91.418091">
    <name>Jennifer Creek</name>
    <desc>Jennifer Creek</desc>
    <sym>Bridge</sym>
  </wpt>
  <wpt lat="40.229088" lon="-91.418212">
    <name>Petit Creek</name>
    <desc>Petit Creek</desc>
    <sym>Bridge</sym>
  </wpt>
  <wpt lat="40.203294" lon="-91.417834">
    <name>Bluff Canal</name>
    <desc>Bluff Canal</desc>
    <sym>Bridge</sym>
  </wpt>
  <wpt lat="40.126911" lon="-91.417307">
    <name>Bear Creek</name>
    <desc>Bear Creek</desc>
    <sym>Bridge</sym>
  </wpt>
  <wpt lat="40.074665" lon="-91.395689">
    <name>Ursa Creek</name>
    <desc>Ursa Creek</desc>
    <sym>Bridge</sym>
  </wpt>
  <wpt lat="40.045407" lon="-91.396706">
    <name>Rock Creek</name>
    <desc>Rock Creek</desc>
    <sym>Bridge</sym>
  </wpt>
  <wpt lat="40.034033" lon="-91.398609">
    <name>Frazier Creek</name>
    <desc>Frazier Creek</desc>
    <sym>Bridge</sym>
  </wpt>
  <wpt lat="39.998372" lon="-91.407984">
    <name>Homan Creek</name>
    <desc>Homan Creek</desc>
    <sym>Bridge</sym>
  </wpt>
  <wpt lat="39.95484" lon="-91.415572">
    <name>Cedar Creek</name>
    <desc>Cedar Creek</desc>
    <sym>Bridge</sym>
  </wpt>
  <wpt lat="39.909377" lon="-91.409574">
    <name>Curtis Creek</name>
    <desc>Curtis Creek</desc>
    <sym>Bridge</sym>
  </wpt>
  <wpt lat="39.841077" lon="-91.369316">
    <name>Mill Creek</name>
    <desc>Mill Creek</desc>
    <sym>Bridge</sym>
  </wpt>
  <wpt lat="39.816947" lon="-91.340666">
    <name>Harkness Creek</name>
    <desc>Harkness Creek</desc>
    <sym>Bridge</sym>
  </wpt>
  <wpt lat="39.798723" lon="-91.319729">
    <name>Austin Creek</name>
    <desc>Austin Creek</desc>
    <sym>Bridge</sym>
  </wpt>
  <wpt lat="39.734952" lon="-91.315965">
    <name>Bird Slough</name>
    <desc>Bird Slough</desc>
    <sym>Bridge</sym>
  </wpt>
  <wpt lat="39.705948" lon="-91.35451">
    <name>Bear Creek</name>
    <desc>Bear Creek</desc>
    <sym>Bridge</sym>
  </wpt>
  <wpt lat="39.693859" lon="-91.331907">
    <name>Fall Creek</name>
    <desc>Fall Creek</desc>
    <sym>Bridge</sym>
  </wpt>
  <wpt lat="39.671084" lon="-91.310428">
    <name>Marble Creek</name>
    <desc>Marble Creek</desc>
    <sym>Bridge</sym>
  </wpt>
  <wpt lat="39.636795" lon="-91.274298">
    <name>Hascall Creek</name>
    <desc>Hascall Creek</desc>
    <sym>Bridge</sym>
  </wpt>
  <wpt lat="39.611499" lon="-91.245577">
    <name>Fools Creek</name>
    <desc>Fools Creek</desc>
    <sym>Bridge</sym>
  </wpt>
  <wpt lat="39.578813" lon="-91.199454">
    <name>Battle Creek</name>
    <desc>Battle Creek</desc>
    <sym>Bridge</sym>
  </wpt>
  <wpt lat="39.521792" lon="-91.202692">
    <name>Salt River</name>
    <desc>Salt River</desc>
    <sym>Bridge</sym>
  </wpt>
  <wpt lat="39.513898" lon="-91.206683">
    <name>Haw Creek Slough</name>
    <desc>Haw Creek Slough</desc>
    <sym>Bridge</sym>
  </wpt>
  <wpt lat="39.500952" lon="-91.20676">
    <name>Horn Branch</name>
    <desc>Horn Branch</desc>
    <sym>Bridge</sym>
  </wpt>
  <wpt lat="39.496365" lon="-91.204685">
    <name>Sugar Creek</name>
    <desc>Sugar Creek</desc>
    <sym>Bridge</sym>
  </wpt>
  <wpt lat="39.489497" lon="-91.186066">
    <name>Early Branch</name>
    <desc>Early Branch</desc>
    <sym>Bridge</sym>
  </wpt>
  <wpt lat="39.470881" lon="-91.102254">
    <name>Grassy Creek</name>
    <desc>Grassy Creek</desc>
    <sym>Bridge</sym>
  </wpt>
  <wpt lat="39.468256" lon="-91.087146">
    <name>Tanyard Branch</name>
    <desc>Tanyard Branch</desc>
    <sym>Bridge</sym>
  </wpt>
  <wpt lat="39.46248" lon="-91.00031">
    <name>Sand Slough</name>
    <desc>Sand Slough</desc>
    <sym>Bridge</sym>
  </wpt>
  <wpt lat="39.458016" lon="-90.891235">
    <name>Sixmile Creek Diversion Ditch</name>
    <desc>Sixmile Creek Diversion Ditch</desc>
    <sym>Bridge</sym>
  </wpt>
  <wpt lat="39.429245" lon="-90.848968">
    <name>Bay Creek</name>
    <desc>Bay Creek</desc>
    <sym>Bridge</sym>
  </wpt>
  <wpt lat="39.318503" lon="-90.762761">
    <name>West Panther Creek</name>
    <desc>West Panther Creek</desc>
    <sym>Bridge</sym>
  </wpt>
  <wpt lat="39.296301" lon="-90.751976">
    <name>Crooked Creek</name>
    <desc>Crooked Creek</desc>
    <sym>Bridge</sym>
  </wpt>
  <wpt lat="39.294896" lon="-90.718322">
    <name>Fox Creek</name>
    <desc>Fox Creek</desc>
    <sym>Bridge</sym>
  </wpt>
  <wpt lat="39.294893" lon="-90.718343">
    <name>Fox Creek</name>
    <desc>Fox Creek</desc>
    <sym>Bridge</sym>
  </wpt>
  <wpt lat="39.28395" lon="-90.7406">
    <name>Turn left onto IL-96 S/​Great River Rd</name>
    <desc>Turn left onto IL-96 S/​Great River Rd</desc>
    <sym>Bridge</sym>
  </wpt>
  <wpt lat="39.280689" lon="-90.738569">
    <name>Fox Creek</name>
    <desc>Fox Creek</desc>
    <sym>Bridge</sym>
  </wpt>
  <wpt lat="39.191966" lon="-90.699479">
    <name>Indian Creek</name>
    <desc>Indian Creek</desc>
    <sym>Bridge</sym>
  </wpt>
  <wpt lat="39.0584" lon="-90.666827">
    <name>Turner Branch</name>
    <desc>Turner Branch</desc>
    <sym>Bridge</sym>
  </wpt>
  <wpt lat="39.015808" lon="-90.659229">
    <name>Madison Creek</name>
    <desc>Madison Creek</desc>
    <sym>Bridge</sym>
  </wpt>
  <wpt lat="38.965327" lon="-90.494793">
    <name>Cross Illinois River ,Brussels Ferry</name>
    <desc>Cross Illinois River ,Brussels Ferry</desc>
    <sym>Bridge</sym>
  </wpt>
  <wpt lat="38.951069" lon="-90.635694">
    <name>Metz Creek</name>
    <desc>Metz Creek</desc>
    <sym>Bridge</sym>
  </wpt>
  <wpt lat="38.92492" lon="-90.51355">
    <name>Turn right onto Illinois River Rd</name>
    <desc>Turn right onto Illinois River Rd</desc>
    <sym>Bridge</sym>
  </wpt>
  <wpt lat="38.861028" lon="-90.128849">
    <name>Wood River</name>
    <desc>Wood River</desc>
    <sym>Bridge</sym>
  </wpt>
  <wpt lat="38.80554" lon="-90.099159">
    <name>Cross Cahokia Diversion Channel</name>
    <desc>Cross Cahokia Diversion Channel</desc>
    <sym>Bridge</sym>
  </wpt>
  <wpt lat="38.761882" lon="-90.138121">
    <name>Cross Chain of Rocks Canal</name>
    <desc>Cross Chain of Rocks Canal</desc>
    <sym>Bridge</sym>
  </wpt>
  <wpt lat="38.728854" lon="-90.22075">
    <name>Cross Maline Creek</name>
    <desc>Cross Maline Creek</desc>
    <sym>Bridge</sym>
  </wpt>
  <wpt lat="38.551668" lon="-90.201415">
    <name>Cross Old Prairie Du Pont Creek</name>
    <desc>Cross Old Prairie Du Pont Creek</desc>
    <sym>Bridge</sym>
  </wpt>
  <wpt lat="38.493513" lon="-90.213364">
    <name>Cross Hill Creek</name>
    <desc>Cross Hill Creek</desc>
    <sym>Bridge</sym>
  </wpt>
  <wpt lat="38.461755" lon="-90.228054">
    <name>Cross Palmer Creek</name>
    <desc>Cross Palmer Creek</desc>
    <sym>Bridge</sym>
  </wpt>
  <wpt lat="38.444297" lon="-90.232119">
    <name>Cross Carr Creek</name>
    <desc>Cross Carr Creek</desc>
    <sym>Bridge</sym>
  </wpt>
  <wpt lat="38.422855" lon="-90.241407">
    <name>Cross Little Carr Creek</name>
    <desc>Cross Little Carr Creek</desc>
    <sym>Bridge</sym>
  </wpt>
  <wpt lat="38.404902" lon="-90.250538">
    <name>Cross Long Slash Creek</name>
    <desc>Cross Long Slash Creek</desc>
    <sym>Bridge</sym>
  </wpt>
  <wpt lat="38.387165" lon="-90.256565">
    <name>Cross Fountain Creek</name>
    <desc>Cross Fountain Creek</desc>
    <sym>Bridge</sym>
  </wpt>
  <wpt lat="38.247674" lon="-90.291837">
    <name>Cross Monroe City Creek</name>
    <desc>Cross Monroe City Creek</desc>
    <sym>Bridge</sym>
  </wpt>
  <wpt lat="38.227526" lon="-90.286454">
    <name>Cross Selma Ditch</name>
    <desc>Cross Selma Ditch</desc>
    <sym>Bridge</sym>
  </wpt>
  <wpt lat="38.213261" lon="-90.264258">
    <name>Cross Mayestown Creek</name>
    <desc>Cross Mayestown Creek</desc>
    <sym>Bridge</sym>
  </wpt>
  <wpt lat="38.181828" lon="-90.230691">
    <name>Cross Old Mayestown Creek</name>
    <desc>Cross Old Mayestown Creek</desc>
    <sym>Bridge</sym>
  </wpt>
  <wpt lat="38.164928" lon="-90.205076">
    <name>Cross Fults Creek</name>
    <desc>Cross Fults Creek</desc>
    <sym>Bridge</sym>
  </wpt>
  <wpt lat="38.135282" lon="-90.15112">
    <name>Cross Onemile Race Creek</name>
    <desc>Cross Onemile Race Creek</desc>
    <sym>Bridge</sym>
  </wpt>
  <wpt lat="38.088371" lon="-90.098448">
    <name>Cross Prairie du Rocher Creek</name>
    <desc>Cross Prairie du Rocher Creek</desc>
    <sym>Bridge</sym>
  </wpt>
  <wpt lat="37.983564" lon="-90.043583">
    <name>Cross North Gabouri Creek</name>
    <desc>Cross North Gabouri Creek</desc>
    <sym>Bridge</sym>
  </wpt>
  <wpt lat="37.977288" lon="-90.04274">
    <name>Cross South Gabouri Creek</name>
    <desc>Cross South Gabouri Creek</desc>
    <sym>Bridge</sym>
  </wpt>
  <wpt lat="37.919951" lon="-89.994592">
    <name>Cross River aux Vases</name>
    <desc>Cross River aux Vases</desc>
    <sym>Bridge</sym>
  </wpt>
  <wpt lat="37.90485" lon="-89.83291">
    <name>Turn slight right onto Branch Street</name>
    <desc>Turn slight right onto Branch Street</desc>
    <sym>Bridge</sym>
  </wpt>
  <wpt lat="37.901367" lon="-89.978213">
    <name>Cross Saline Creek</name>
    <desc>Cross Saline Creek</desc>
    <sym>Bridge</sym>
  </wpt>
  <wpt lat="37.88761" lon="-89.94405">
    <name>Turn left onto Old Channel Road</name>
    <desc>Turn left onto Old Channel Road</desc>
    <sym>Bridge</sym>
  </wpt>
  <wpt lat="37.884589" lon="-89.785127">
    <name>Cross Marys River</name>
    <desc>Cross Marys River</desc>
    <sym>Bridge</sym>
  </wpt>
  <wpt lat="37.880001" lon="-89.94801">
    <name>Cross Old River</name>
    <desc>Cross Old River</desc>
    <sym>Bridge</sym>
  </wpt>
  <wpt lat="37.860259" lon="-89.938028">
    <name>Cross Saint Laurent Creek</name>
    <desc>Cross Saint Laurent Creek</desc>
    <sym>Bridge</sym>
  </wpt>
  <wpt lat="37.856274" lon="-89.9023">
    <name>Cross Bois Brule Creek</name>
    <desc>Cross Bois Brule Creek</desc>
    <sym>Bridge</sym>
  </wpt>
  <wpt lat="37.759609" lon="-89.611326">
    <name>Cross Reeds Creek</name>
    <desc>Cross Reeds Creek</desc>
    <sym>Bridge</sym>
  </wpt>
  <wpt lat="37.711662" lon="-89.527557">
    <name>Cross Matusky Brook</name>
    <desc>Cross Matusky Brook</desc>
    <sym>Bridge</sym>
  </wpt>
  <wpt lat="37.633825" lon="-89.508266">
    <name>Tower Rock across River to Right</name>
    <desc>Tower Rock across River to Right</desc>
    <sym>Bridge</sym>
  </wpt>
  <wpt lat="37.61809" lon="-89.49553">
    <name>Turn left onto Upper Chute Road</name>
    <desc>Turn left onto Upper Chute Road</desc>
    <sym>Bridge</sym>
  </wpt>
  <wpt lat="37.533758" lon="-89.455711">
    <name>Cross Running Lake Ditch</name>
    <desc>Cross Running Lake Ditch</desc>
    <sym>Bridge</sym>
  </wpt>
  <wpt lat="37.318878" lon="-89.436068">
    <name>Cross Old Clear Creek</name>
    <desc>Cross Old Clear Creek</desc>
    <sym>Bridge</sym>
  </wpt>
  <wpt lat="37.24799" lon="-89.448565">
    <name>Cross Sexton Creek</name>
    <desc>Cross Sexton Creek</desc>
    <sym>Bridge</sym>
  </wpt>
  <wpt lat="37.240295" lon="-89.443692">
    <name>Cross Miller Creek</name>
    <desc>Cross Miller Creek</desc>
    <sym>Bridge</sym>
  </wpt>
  <wpt lat="37.198818" lon="-89.451699">
    <name>Cross Orchard Creek</name>
    <desc>Cross Orchard Creek</desc>
    <sym>Bridge</sym>
  </wpt>
  <wpt lat="37.168843" lon="-89.355814">
    <name>Cross Pigeon Roost Creek</name>
    <desc>Cross Pigeon Roost Creek</desc>
    <sym>Bridge</sym>
  </wpt>
  <wpt lat="37.16871" lon="-89.353291">
    <name>Olive Branch, IL</name>
    <desc>Olive Branch, IL</desc>
    <sym>Bridge</sym>
  </wpt>
  <wpt lat="37.167363" lon="-89.353598">
    <name>Cross Pigeon Roost Creek</name>
    <desc>Cross Pigeon Roost Creek</desc>
    <sym>Bridge</sym>
  </wpt>
  <wpt lat="37.150899" lon="-89.361337">
    <name>Cross Black Creek</name>
    <desc>Cross Black Creek</desc>
    <sym>Bridge</sym>
  </wpt>
  <wpt lat="37.093194" lon="-89.256444">
    <name>Cross Cache River</name>
    <desc>Cross Cache River</desc>
    <sym>Bridge</sym>
  </wpt>
  <wpt lat="36.993244" lon="-89.146463">
    <name>Cross Ohio River</name>
    <desc>Cross Ohio River</desc>
    <sym>Bridge</sym>
  </wpt>
  <wpt lat="36.927781" lon="-89.062753">
    <name>Cross Mayfield Creek</name>
    <desc>Cross Mayfield Creek</desc>
    <sym>Bridge</sym>
  </wpt>
  <wpt lat="36.87979" lon="-89.070607">
    <name>Cross Gray Creek</name>
    <desc>Cross Gray Creek</desc>
    <sym>Bridge</sym>
  </wpt>
  <wpt lat="36.703028" lon="-89.088946">
    <name>Cross Hollingsworth Creek</name>
    <desc>Cross Hollingsworth Creek</desc>
    <sym>Bridge</sym>
  </wpt>
  <wpt lat="36.669607" lon="-89.095167">
    <name>Cross Obion Creek</name>
    <desc>Cross Obion Creek</desc>
    <sym>Bridge</sym>
  </wpt>
  <wpt lat="36.654595" lon="-89.058197">
    <name>Cross Whayne Branch</name>
    <desc>Cross Whayne Branch</desc>
    <sym>Bridge</sym>
  </wpt>
  <wpt lat="36.646708" lon="-89.025679">
    <name>Cross Hurricane Branch</name>
    <desc>Cross Hurricane Branch</desc>
    <sym>Bridge</sym>
  </wpt>
  <wpt lat="36.616671" lon="-89.03003">
    <name>Cross Bayou de Chien</name>
    <desc>Cross Bayou de Chien</desc>
    <sym>Bridge</sym>
  </wpt>
  <wpt lat="36.615468" lon="-89.285483">
    <name>Cross James Bayou</name>
    <desc>Cross James Bayou</desc>
    <sym>Bridge</sym>
  </wpt>
  <wpt lat="36.603959" lon="-89.450282">
    <name>Cross Mud Ditch</name>
    <desc>Cross Mud Ditch</desc>
    <sym>Bridge</sym>
  </wpt>
  <wpt lat="36.598915" lon="-89.416771">
    <name>Cross Wilson Bayou</name>
    <desc>Cross Wilson Bayou</desc>
    <sym>Bridge</sym>
  </wpt>
  <wpt lat="36.595782" lon="-89.033785">
    <name>Cross Little Bayou de Chien</name>
    <desc>Cross Little Bayou de Chien</desc>
    <sym>Bridge</sym>
  </wpt>
  <wpt lat="36.591888" lon="-89.509899">
    <name>Cross Saint Johns Bayou</name>
    <desc>Cross Saint Johns Bayou</desc>
    <sym>Bridge</sym>
  </wpt>
  <wpt lat="36.589409" lon="-89.073515">
    <name>Cross Samson Creek</name>
    <desc>Cross Samson Creek</desc>
    <sym>Bridge</sym>
  </wpt>
  <wpt lat="36.589405" lon="-89.069491">
    <name>Cross Rush Creek</name>
    <desc>Cross Rush Creek</desc>
    <sym>Bridge</sym>
  </wpt>
  <wpt lat="36.565744" lon="-89.106668">
    <name>Cross Mud Creek</name>
    <desc>Cross Mud Creek</desc>
    <sym>Bridge</sym>
  </wpt>
  <wpt lat="36.563488" lon="-89.142042">
    <name>Cross Little Mud Creek</name>
    <desc>Cross Little Mud Creek</desc>
    <sym>Bridge</sym>
  </wpt>
  <wpt lat="35.753823" lon="-89.938951">
    <name>Cross Catalpa Bayou</name>
    <desc>Cross Catalpa Bayou</desc>
    <sym>Bridge</sym>
  </wpt>
  <wpt lat="35.74113" lon="-89.96391">
    <name>Continue onto Bayou Road</name>
    <desc>Continue onto Bayou Road</desc>
    <sym>Bridge</sym>
  </wpt>
  <wpt lat="35.640965" lon="-89.98065">
    <name>Cross Sandy Bayou</name>
    <desc>Cross Sandy Bayou</desc>
    <sym>Bridge</sym>
  </wpt>
  <wpt lat="35.468325" lon="-90.181881">
    <name>Cross Frenchmans Bayou</name>
    <desc>Cross Frenchmans Bayou</desc>
    <sym>Bridge</sym>
  </wpt>
  <wpt lat="35.364471" lon="-90.2546">
    <name>Cross Big Creek</name>
    <desc>Cross Big Creek</desc>
    <sym>Bridge</sym>
  </wpt>
  <wpt lat="35.294662" lon="-90.230347">
    <name>Cross Fifteenmile Bayou</name>
    <desc>Cross Fifteenmile Bayou</desc>
    <sym>Bridge</sym>
  </wpt>
  <wpt lat="35.250844" lon="-90.212989">
    <name>Cross Fifteenmile Bayou</name>
    <desc>Cross Fifteenmile Bayou</desc>
    <sym>Bridge</sym>
  </wpt>
  <wpt lat="35.189263" lon="-90.13692">
    <name>Cross Tenmile Bayou</name>
    <desc>Cross Tenmile Bayou</desc>
    <sym>Bridge</sym>
  </wpt>
  <wpt lat="35.127" lon="-90.06801">
    <name>Turn right onto Channel 3 Drive</name>
    <desc>Turn right onto Channel 3 Drive</desc>
    <sym>Bridge</sym>
  </wpt>
  <wpt lat="35.08648" lon="-90.050628">
    <name>Cross Latham Branch</name>
    <desc>Cross Latham Branch</desc>
    <sym>Bridge</sym>
  </wpt>
  <wpt lat="35.08648" lon="-90.053626">
    <name>Cross Hampson Bayou</name>
    <desc>Cross Hampson Bayou</desc>
    <sym>Bridge</sym>
  </wpt>
  <wpt lat="35.086077" lon="-90.031273">
    <name>Cross Cane Creek</name>
    <desc>Cross Cane Creek</desc>
    <sym>Bridge</sym>
  </wpt>
  <wpt lat="35.065592" lon="-90.022571">
    <name>Cross Nonconnah Creek</name>
    <desc>Cross Nonconnah Creek</desc>
    <sym>Bridge</sym>
  </wpt>
  <wpt lat="34.999212" lon="-90.118729">
    <name>Cross Horn Lake Creek</name>
    <desc>Cross Horn Lake Creek</desc>
    <sym>Bridge</sym>
  </wpt>
  <wpt lat="34.948224" lon="-90.209943">
    <name>Cross Dead Negro Slough</name>
    <desc>Cross Dead Negro Slough</desc>
    <sym>Bridge</sym>
  </wpt>
  <wpt lat="34.828835" lon="-90.324184">
    <name>Cross Indian Creek</name>
    <desc>Cross Indian Creek</desc>
    <sym>Bridge</sym>
  </wpt>
  <wpt lat="34.738649" lon="-90.390797">
    <name>Cross McKinney Bayou</name>
    <desc>Cross McKinney Bayou</desc>
    <sym>Bridge</sym>
  </wpt>
  <wpt lat="34.69014" lon="-90.3823">
    <name>Turn right onto River Road, MS 4</name>
    <desc>Turn right onto River Road, MS 4</desc>
    <sym>Bridge</sym>
  </wpt>
  <wpt lat="34.687075" lon="-90.398054">
    <name>Cross White Oak Bayou</name>
    <desc>Cross White Oak Bayou</desc>
    <sym>Bridge</sym>
  </wpt>
  <wpt lat="34.658829" lon="-90.42827">
    <name>Cross Anderson Bayou</name>
    <desc>Cross Anderson Bayou</desc>
    <sym>Bridge</sym>
  </wpt>
  <wpt lat="34.496127" lon="-90.532933">
    <name>Cross Phillips Bayou</name>
    <desc>Cross Phillips Bayou</desc>
    <sym>Bridge</sym>
  </wpt>
  <wpt lat="34.378821" lon="-90.588852">
    <name>Cross Whittaker Bayou</name>
    <desc>Cross Whittaker Bayou</desc>
    <sym>Bridge</sym>
  </wpt>
  <wpt lat="34.364468" lon="-90.606759">
    <name>Cross Whittaker Bayou</name>
    <desc>Cross Whittaker Bayou</desc>
    <sym>Bridge</sym>
  </wpt>
  <wpt lat="34.33524" lon="-90.62673">
    <name>Cross Big Sunflower River</name>
    <desc>Cross Big Sunflower River</desc>
    <sym>Bridge</sym>
  </wpt>
  <wpt lat="34.21898" lon="-90.573275">
    <name>Cross Big Sunflower River</name>
    <desc>Cross Big Sunflower River</desc>
    <sym>Bridge</sym>
  </wpt>
  <wpt lat="34.20919" lon="-90.700207">
    <name>Cross Harris Bayou</name>
    <desc>Cross Harris Bayou</desc>
    <sym>Bridge</sym>
  </wpt>
  <wpt lat="34.208919" lon="-90.575703">
    <name>Cross Mill Creek</name>
    <desc>Cross Mill Creek</desc>
    <sym>Bridge</sym>
  </wpt>
  <wpt lat="34.207687" lon="-90.687016">
    <name>Dogwood Bayou to Left</name>
    <desc>Dogwood Bayou to Left</desc>
    <sym>Bridge</sym>
  </wpt>
  <wpt lat="34.202235" lon="-90.576838">
    <name>Cross Big Sunflower River</name>
    <desc>Cross Big Sunflower River</desc>
    <sym>Bridge</sym>
  </wpt>
  <wpt lat="34.167419" lon="-90.756846">
    <name>Cross Hushpuckena River</name>
    <desc>Cross Hushpuckena River</desc>
    <sym>Bridge</sym>
  </wpt>
  <wpt lat="34.148917" lon="-90.782232">
    <name>Cross Hushpuckena River</name>
    <desc>Cross Hushpuckena River</desc>
    <sym>Bridge</sym>
  </wpt>
  <wpt lat="34.133805" lon="-90.805848">
    <name>Cross Yellow Bayou</name>
    <desc>Cross Yellow Bayou</desc>
    <sym>Bridge</sym>
  </wpt>
  <wpt lat="34.093844" lon="-90.850772">
    <name>Cross Jones Bayou</name>
    <desc>Cross Jones Bayou</desc>
    <sym>Bridge</sym>
  </wpt>
  <wpt lat="34.061978" lon="-90.852895">
    <name>Cross Wildcat Slough</name>
    <desc>Cross Wildcat Slough</desc>
    <sym>Bridge</sym>
  </wpt>
  <wpt lat="34.026646" lon="-90.853897">
    <name>Cross Wildcat Slough</name>
    <desc>Cross Wildcat Slough</desc>
    <sym>Bridge</sym>
  </wpt>
  <wpt lat="33.777563" lon="-90.980605">
    <name>Cross Stokes Bayou</name>
    <desc>Cross Stokes Bayou</desc>
    <sym>Bridge</sym>
  </wpt>
  <wpt lat="33.766661" lon="-90.980944">
    <name>Cross Stokes Bayou</name>
    <desc>Cross Stokes Bayou</desc>
    <sym>Bridge</sym>
  </wpt>
  <wpt lat="33.763154" lon="-90.981051">
    <name>Cross Stokes Bayou</name>
    <desc>Cross Stokes Bayou</desc>
    <sym>Bridge</sym>
  </wpt>
  <wpt lat="33.716093" lon="-90.982624">
    <name>Cross Christmas Lake Branch</name>
    <desc>Cross Christmas Lake Branch</desc>
    <sym>Bridge</sym>
  </wpt>
  <wpt lat="33.699365" lon="-90.983202">
    <name>Cross Christmas Lake Branch</name>
    <desc>Cross Christmas Lake Branch</desc>
    <sym>Bridge</sym>
  </wpt>
  <wpt lat="33.688603" lon="-90.98355">
    <name>Cross Ann Bayou</name>
    <desc>Cross Ann Bayou</desc>
    <sym>Bridge</sym>
  </wpt>
  <wpt lat="33.681226" lon="-90.984577">
    <name>Cross Good Luck Bayou</name>
    <desc>Cross Good Luck Bayou</desc>
    <sym>Bridge</sym>
  </wpt>
  <wpt lat="33.655506" lon="-91.004665">
    <name>Cross Burrus Bayou</name>
    <desc>Cross Burrus Bayou</desc>
    <sym>Bridge</sym>
  </wpt>
  <wpt lat="33.65131" lon="-91.009564">
    <name>Cross Browns Bayou</name>
    <desc>Cross Browns Bayou</desc>
    <sym>Bridge</sym>
  </wpt>
  <wpt lat="33.642314" lon="-91.019934">
    <name>Cross Straight Bayou</name>
    <desc>Cross Straight Bayou</desc>
    <sym>Bridge</sym>
  </wpt>
  <wpt lat="33.598689" lon="-91.080459">
    <name>Cross Deer Creek</name>
    <desc>Cross Deer Creek</desc>
    <sym>Bridge</sym>
  </wpt>
  <wpt lat="33.560579" lon="-91.08316">
    <name>Cross Bull Bayou</name>
    <desc>Cross Bull Bayou</desc>
    <sym>Bridge</sym>
  </wpt>
  <wpt lat="33.553176" lon="-91.082871">
    <name>Cross Williams Bayou</name>
    <desc>Cross Williams Bayou</desc>
    <sym>Bridge</sym>
  </wpt>
  <wpt lat="33.295583" lon="-91.14225">
    <name>Cross Cottonwood Chute</name>
    <desc>Cross Cottonwood Chute</desc>
    <sym>Bridge</sym>
  </wpt>
  <wpt lat="33.295552" lon="-91.142497">
    <name>Cross Cottonwood Chute</name>
    <desc>Cross Cottonwood Chute</desc>
    <sym>Bridge</sym>
  </wpt>
  <wpt lat="33.216816" lon="-91.052973">
    <name>Cross Ditch Number Eleven</name>
    <desc>Cross Ditch Number Eleven</desc>
    <sym>Bridge</sym>
  </wpt>
  <wpt lat="33.126416" lon="-91.065809">
    <name>Cross Ditch Number Fourteen</name>
    <desc>Cross Ditch Number Fourteen</desc>
    <sym>Bridge</sym>
  </wpt>
  <wpt lat="33.003058" lon="-91.055268">
    <name>Cross Washington Bayou</name>
    <desc>Cross Washington Bayou</desc>
    <sym>Bridge</sym>
  </wpt>
  <wpt lat="32.983621" lon="-91.070129">
    <name>Cross New Valewood Ditch</name>
    <desc>Cross New Valewood Ditch</desc>
    <sym>Bridge</sym>
  </wpt>
  <wpt lat="32.88702" lon="-91.050954">
    <name>Cross Mills Bayou</name>
    <desc>Cross Mills Bayou</desc>
    <sym>Bridge</sym>
  </wpt>
  <wpt lat="32.851897" lon="-91.071004">
    <name>Cross Whiting Bayou</name>
    <desc>Cross Whiting Bayou</desc>
    <sym>Bridge</sym>
  </wpt>
  <wpt lat="32.512766" lon="-90.992403">
    <name>Cross Muddy Bayou</name>
    <desc>Cross Muddy Bayou</desc>
    <sym>Bridge</sym>
  </wpt>
  <wpt lat="32.490872" lon="-90.808809">
    <name>Cross Yazoo River</name>
    <desc>Cross Yazoo River</desc>
    <sym>Bridge</sym>
  </wpt>
  <wpt lat="32.45215" lon="-90.890186">
    <name>Cross Steele Bayou</name>
    <desc>Cross Steele Bayou</desc>
    <sym>Bridge</sym>
  </wpt>
  <wpt lat="32.372504" lon="-90.871739">
    <name>Cross Mint Spring Branch</name>
    <desc>Cross Mint Spring Branch</desc>
    <sym>Bridge</sym>
  </wpt>
  <wpt lat="32.356147" lon="-90.880802">
    <name>Cross Glass Bayou</name>
    <desc>Cross Glass Bayou</desc>
    <sym>Bridge</sym>
  </wpt>
  <wpt lat="32.281602" lon="-90.917445">
    <name>Cross Hennesseys Bayou</name>
    <desc>Cross Hennesseys Bayou</desc>
    <sym>Bridge</sym>
  </wpt>
  <wpt lat="32.227376" lon="-90.92781">
    <name>Cross Paces Bayou</name>
    <desc>Cross Paces Bayou</desc>
    <sym>Bridge</sym>
  </wpt>
  <wpt lat="32.147289" lon="-90.938113">
    <name>Cross Blackman Bayou</name>
    <desc>Cross Blackman Bayou</desc>
    <sym>Bridge</sym>
  </wpt>
  <wpt lat="32.081676" lon="-90.926547">
    <name>Cross Big Black River</name>
    <desc>Cross Big Black River</desc>
    <sym>Bridge</sym>
  </wpt>
  <wpt lat="32.065108" lon="-90.923151">
    <name>Cross Kennison Creek</name>
    <desc>Cross Kennison Creek</desc>
    <sym>Bridge</sym>
  </wpt>
  <wpt lat="32.052778" lon="-90.928121">
    <name>Cross Drakes Bayou</name>
    <desc>Cross Drakes Bayou</desc>
    <sym>Bridge</sym>
  </wpt>
  <wpt lat="31.986603" lon="-91.007697">
    <name>Cross Bayou Pierre</name>
    <desc>Cross Bayou Pierre</desc>
    <sym>Bridge</sym>
  </wpt>
  <wpt lat="31.951374" lon="-90.985786">
    <name>Cross Towyard Branch</name>
    <desc>Cross Towyard Branch</desc>
    <sym>Bridge</sym>
  </wpt>
  <wpt lat="31.868072" lon="-91.039751">
    <name>Cross Barnes Creek</name>
    <desc>Cross Barnes Creek</desc>
    <sym>Bridge</sym>
  </wpt>
  <wpt lat="31.79325" lon="-91.108011">
    <name>Cross North Fork Coles Creek</name>
    <desc>Cross North Fork Coles Creek</desc>
    <sym>Bridge</sym>
  </wpt>
  <wpt lat="31.760727" lon="-91.167915">
    <name>Cross Mud Island Creek</name>
    <desc>Cross Mud Island Creek</desc>
    <sym>Bridge</sym>
  </wpt>
  <wpt lat="31.729553" lon="-91.175069">
    <name>Cross Bullen Creek</name>
    <desc>Cross Bullen Creek</desc>
    <sym>Bridge</sym>
  </wpt>
  <wpt lat="31.693369" lon="-91.181254">
    <name>Cross South Fork Coles Creek</name>
    <desc>Cross South Fork Coles Creek</desc>
    <sym>Bridge</sym>
  </wpt>
  <wpt lat="31.656351" lon="-91.205696">
    <name>Cross Monkey Bayou</name>
    <desc>Cross Monkey Bayou</desc>
    <sym>Bridge</sym>
  </wpt>
  <wpt lat="31.644371" lon="-91.212436">
    <name>Cross Turpin Creek</name>
    <desc>Cross Turpin Creek</desc>
    <sym>Bridge</sym>
  </wpt>
  <wpt lat="31.576701" lon="-91.289394">
    <name>Cross Saint Catherine Creek</name>
    <desc>Cross Saint Catherine Creek</desc>
    <sym>Bridge</sym>
  </wpt>
  <wpt lat="31.5616" lon="-91.40535">
    <name>Turn left onto South Canal Street</name>
    <desc>Turn left onto South Canal Street</desc>
    <sym>Bridge</sym>
  </wpt>
  <wpt lat="31.559539" lon="-91.328276">
    <name>Cross Perkins Creek</name>
    <desc>Cross Perkins Creek</desc>
    <sym>Bridge</sym>
  </wpt>
  <wpt lat="31.552678" lon="-91.380871">
    <name>Cross Spanish Bayou</name>
    <desc>Cross Spanish Bayou</desc>
    <sym>Bridge</sym>
  </wpt>
  <wpt lat="31.550733" lon="-91.357901">
    <name>Cross Melvin Bayou</name>
    <desc>Cross Melvin Bayou</desc>
    <sym>Bridge</sym>
  </wpt>
  <wpt lat="31.549923" lon="-91.36131">
    <name>Cross Saint Catherine Creek</name>
    <desc>Cross Saint Catherine Creek</desc>
    <sym>Bridge</sym>
  </wpt>
  <wpt lat="31.384515" lon="-91.590563">
    <name>Cross Boggy Bayou</name>
    <desc>Cross Boggy Bayou</desc>
    <sym>Bridge</sym>
  </wpt>
  <wpt lat="31.087898" lon="-91.619037">
    <name>Cross Old River Channel 1</name>
    <desc>Cross Old River Channel 1</desc>
    <sym>Bridge</sym>
  </wpt>
  <wpt lat="31.076615" lon="-91.597798">
    <name>Cross Old River Channel 2</name>
    <desc>Cross Old River Channel 2</desc>
    <sym>Bridge</sym>
  </wpt>
  <wpt lat="31.064742" lon="-91.589846">
    <name>Cross Old River Channel 3</name>
    <desc>Cross Old River Channel 3</desc>
    <sym>Bridge</sym>
  </wpt>
  <wpt lat="31.009069" lon="-91.654023">
    <name>Cross Sugar Mill Chute</name>
    <desc>Cross Sugar Mill Chute</desc>
    <sym>Bridge</sym>
  </wpt>
  <wpt lat="31.004794" lon="-91.725039">
    <name>Cross Bayou Moreau</name>
    <desc>Cross Bayou Moreau</desc>
    <sym>Bridge</sym>
  </wpt>
  <wpt lat="31.003594" lon="-91.673487">
    <name>Cross Carr Cut Off</name>
    <desc>Cross Carr Cut Off</desc>
    <sym>Bridge</sym>
  </wpt>
  <wpt lat="30.984108" lon="-91.77799">
    <name>Cross Bayou Coteau</name>
    <desc>Cross Bayou Coteau</desc>
    <sym>Bridge</sym>
  </wpt>
  <wpt lat="30.977769" lon="-91.803458">
    <name>Cross Atchafalaya River</name>
    <desc>Cross Atchafalaya River</desc>
    <sym>Bridge</sym>
  </wpt>
  <wpt lat="30.977751" lon="-91.803442">
    <name>Cross Atchafalaya River</name>
    <desc>Cross Atchafalaya River</desc>
    <sym>Bridge</sym>
  </wpt>
  <wpt lat="30.973146" lon="-91.794255">
    <name>Cross Kuhlman Bayou</name>
    <desc>Cross Kuhlman Bayou</desc>
    <sym>Bridge</sym>
  </wpt>
  <wpt lat="30.963481" lon="-91.775093">
    <name>Cross Bayou Coteau</name>
    <desc>Cross Bayou Coteau</desc>
    <sym>Bridge</sym>
  </wpt>
  <wpt lat="30.953409" lon="-91.755115">
    <name>Cross Bayou Moreau</name>
    <desc>Cross Bayou Moreau</desc>
    <sym>Bridge</sym>
  </wpt>
  <wpt lat="30.94081" lon="-91.721925">
    <name>Cross Bayou Fisher</name>
    <desc>Cross Bayou Fisher</desc>
    <sym>Bridge</sym>
  </wpt>
  <wpt lat="30.891498" lon="-91.6875">
    <name>Cross Bayou Hazard</name>
    <desc>Cross Bayou Hazard</desc>
    <sym>Bridge</sym>
  </wpt>
  <wpt lat="30.877523" lon="-91.680838">
    <name>Cross Bayou Latenache</name>
    <desc>Cross Bayou Latenache</desc>
    <sym>Bridge</sym>
  </wpt>
  <wpt lat="30.818664" lon="-91.646445">
    <name>Cross Bayou White Vine</name>
    <desc>Cross Bayou White Vine</desc>
    <sym>Bridge</sym>
  </wpt>
  <wpt lat="30.720036" lon="-91.578367">
    <name>Cross Bayou Barre</name>
    <desc>Cross Bayou Barre</desc>
    <sym>Bridge</sym>
  </wpt>
  <wpt lat="30.689411" lon="-91.404147">
    <name>Cross Patin Dyke Slough</name>
    <desc>Cross Patin Dyke Slough</desc>
    <sym>Bridge</sym>
  </wpt>
  <wpt lat="30.686926" lon="-91.45311">
    <name>False River to Right</name>
    <desc>False River to Right</desc>
    <sym>Bridge</sym>
  </wpt>
  <wpt lat="30.68689" lon="-91.45309">
    <name>Turn left onto False River Drive, LA 1 Bus</name>
    <desc>Turn left onto False River Drive, LA 1 Bus</desc>
    <sym>Bridge</sym>
  </wpt>
  <wpt lat="30.685923" lon="-91.356227">
    <name>False Bayou to Right</name>
    <desc>False Bayou to Right</desc>
    <sym>Bridge</sym>
  </wpt>
  <wpt lat="30.50261" lon="-91.170033">
    <name>Cross Monte Sano Bayou</name>
    <desc>Cross Monte Sano Bayou</desc>
    <sym>Bridge</sym>
  </wpt>
  <wpt lat="30.44404" lon="-91.18991">
    <name>Keep right onto South River Road</name>
    <desc>Keep right onto South River Road</desc>
    <sym>Bridge</sym>
  </wpt>
  <wpt lat="30.4396" lon="-91.18996">
    <name>Turn right onto South River Road</name>
    <desc>Turn right onto South River Road</desc>
    <sym>Bridge</sym>
  </wpt>
  <wpt lat="30.34312" lon="-91.14448">
    <name>At roundabout, take exit 1 onto River Road, LA 327</name>
    <desc>At roundabout, take exit 1 onto River Road, LA 327</desc>
    <sym>Bridge</sym>
  </wpt>
  <wpt lat="30.31004" lon="-91.14913">
    <name>Keep right onto River Road</name>
    <desc>Keep right onto River Road</desc>
    <sym>Bridge</sym>
  </wpt>
  <wpt lat="30.28761" lon="-91.21002">
    <name>Slight Left</name>
    <desc>Keep left onto River Road</desc>
    <sym>Bridge</sym>
  </wpt>
  <wpt lat="30.28689" lon="-91.20865">
    <name>Continue onto River Road, LA 75</name>
    <desc>Continue onto River Road, LA 75</desc>
    <sym>Bridge</sym>
  </wpt>
  <wpt lat="30.13749" lon="-90.92438">
    <name>Turn right onto River Road, LA 44</name>
    <desc>Turn right onto River Road, LA 44</desc>
    <sym>Bridge</sym>
  </wpt>
  <wpt lat="30.0045" lon="-90.46422">
    <name>Turn right onto River Rd</name>
    <desc>Turn right onto River Rd</desc>
    <sym>Bridge</sym>
  </wpt>
  <wpt lat="30.00442" lon="-90.45367">
    <name>Turn slight right onto River Road</name>
    <desc>Turn slight right onto River Road</desc>
    <sym>Bridge</sym>
  </wpt>
  <wpt lat="29.95091" lon="-90.06597">
    <name>Turn sharp right onto Canal Street</name>
    <desc>Turn sharp right onto Canal Street</desc>
    <sym>Bridge</sym>
  </wpt>
  <wpt lat="29.94994" lon="-90.06214">
    <name>Continue onto Canal Street–Algiers Point Ferry</name>
    <desc>Continue onto Canal Street–Algiers Point Ferry</desc>
    <sym>Bridge</sym>
  </wpt>
  <wpt lat="29.94977" lon="-90.064">
    <name>Continue onto Canal Street</name>
    <desc>Continue onto Canal Street</desc>
    <sym>Bridge</sym>
  </wpt>
  <wpt lat="29.94974" lon="-90.0642">
    <name>Slight Left</name>
    <desc>Keep left onto Canal Street</desc>
    <sym>Bridge</sym>
  </wpt>
  <wpt lat="29.93387" lon="-90.06997">
    <name>Turn right onto Race Street</name>
    <desc>Turn right onto Race Street</desc>
    <sym>Bridge</sym>
  </wpt>
  <wpt lat="29.863253" lon="-89.909162">
    <name>Cross Bayou Mandeville</name>
    <desc>Cross Bayou Mandeville</desc>
    <sym>Bridge</sym>
  </wpt>
  <wpt lat="29.712056" lon="-89.97789">
    <name>Cross Belair Canal</name>
    <desc>Cross Belair Canal</desc>
    <sym>Bridge</sym>
  </wpt>
  <wpt lat="29.384162" lon="-89.602788">
    <name>Cross Doullut Canal</name>
    <desc>Cross Doullut Canal</desc>
    <sym>Bridge</sym>
  </wpt>

<!-- === City/Town Center ===-->
  <wpt lat="47.354145" lon="-95.081257">
    <name>Becida, MN</name>
    <desc>Becida, MN</desc>
    <sym>City</sym>
  </wpt>
  <wpt lat="47.472663" lon="-94.879661">
    <name>Bemidji, MN</name>
    <desc>Bemidji, MN</desc>
    <sym>City</sym>
  </wpt>
  <wpt lat="47.379469" lon="-94.60758">
    <name>Cass Lake, MN</name>
    <desc>Cass Lake, MN</desc>
    <sym>City</sym>
  </wpt>
  <wpt lat="47.345258" lon="-94.208763">
    <name>Bena, MN</name>
    <desc>Bena, MN</desc>
    <sym>City</sym>
  </wpt>
  <wpt lat="47.232869" lon="-93.528355">
    <name>Grand Rapids, MN</name>
    <desc>Grand Rapids, MN</desc>
    <sym>City</sym>
  </wpt>
  <wpt lat="46.71038" lon="-93.48841">
    <name>Palisade, MN</name>
    <desc>Palisade, MN</desc>
    <sym>City</sym>
  </wpt>
  <wpt lat="46.535519" lon="-93.706699">
    <name>Aitkin, MN</name>
    <desc>Aitkin, MN</desc>
    <sym>City</sym>
  </wpt>
  <wpt lat="46.243719" lon="-94.343237">
    <name>Lennox, MN</name>
    <desc>Lennox, MN</desc>
    <sym>City</sym>
  </wpt>
  <wpt lat="46.166298" lon="-94.360239">
    <name>Fort Ripley, MN</name>
    <desc>Fort Ripley, MN</desc>
    <sym>City</sym>
  </wpt>
  <wpt lat="45.976882" lon="-94.365548">
    <name>Little Falls, MN</name>
    <desc>Little Falls, MN</desc>
    <sym>City</sym>
  </wpt>
  <wpt lat="45.751969" lon="-94.220339">
    <name>Rice, MN</name>
    <desc>Rice, MN</desc>
    <sym>City</sym>
  </wpt>
  <wpt lat="45.676365" lon="-94.180808">
    <name>Watab, MN</name>
    <desc>Watab, MN</desc>
    <sym>City</sym>
  </wpt>
  <wpt lat="45.615261" lon="-94.204521">
    <name>Sartell, MN</name>
    <desc>Sartell, MN</desc>
    <sym>City</sym>
  </wpt>
  <wpt lat="45.559262" lon="-94.156485">
    <name>St. Cloud, MN</name>
    <desc>St. Cloud, MN</desc>
    <sym>City</sym>
  </wpt>
  <wpt lat="45.305632" lon="-93.794192">
    <name>Monticello, MN</name>
    <desc>Monticello, MN</desc>
    <sym>City</sym>
  </wpt>

  <wpt lat="45.415028" lon="-94.050264">
    <name>Clearwater, MN</name>
    <desc>Clearwater, MN</desc>
    <sym>City</sym>
  </wpt>
  <wpt lat="45.281119" lon="-93.565739">
    <name>Otsego, MN</name>
    <desc>Otsego, MN</desc>
    <sym>City</sym>
  </wpt>
  <wpt lat="45.244054" lon="-93.515348">
    <name>Dayton, MN</name>
    <desc>Dayton, MN</desc>
    <sym>City</sym>
  </wpt>
  <wpt lat="44.982387" lon="-93.261772">
    <name>Minneapolis, MN</name>
    <desc>Minneapolis, MN</desc>
    <sym>City</sym>
  </wpt>
  <wpt lat="44.949851" lon="-93.098456">
    <name>St. Paul, MN</name>
    <desc>St. Paul, MN</desc>
    <sym>City</sym>
  </wpt>
  <wpt lat="44.931581" lon="-93.080787">
    <name>South St. Paul, MN</name>
    <desc>South St. Paul, MN</desc>
    <sym>City</sym>
  </wpt>
  <wpt lat="44.824084" lon="-92.925816">
    <name>Cottage Grove, MN</name>
    <desc>Cottage Grove, MN</desc>
    <sym>City</sym>
  </wpt>
  <wpt lat="44.57565" lon="-92.358551">
    <name>Warrentown, WI</name>
    <desc>Warrentown, WI</desc>
    <sym>City</sym>
  </wpt>
  <wpt lat="44.448752" lon="-92.179879">
    <name>Lakeport, WI</name>
    <desc>Lakeport, WI</desc>
    <sym>City</sym>
  </wpt>
  <wpt lat="44.021017" lon="-91.555169">
    <name>Homer, MN</name>
    <desc>Homer, MN</desc>
    <sym>City</sym>
  </wpt>
  <wpt lat="43.91351" lon="-91.359118">
    <name>Dakota, MN</name>
    <desc>Dakota, MN</desc>
    <sym>City</sym>
  </wpt>
  <wpt lat="43.894649" lon="-91.34298">
    <name>Dresbach, MN</name>
    <desc>Dresbach, MN</desc>
    <sym>City</sym>
  </wpt>
  <wpt lat="43.828292" lon="-91.301475">
    <name>La Crescent, MN</name>
    <desc>La Crescent, MN</desc>
    <sym>City</sym>
  </wpt>
  <wpt lat="43.662022" lon="-91.218994">
    <name>Stoddard, WI</name>
    <desc>Stoddard, WI</desc>
    <sym>City</sym>
  </wpt>
  <wpt lat="43.04505" lon="-91.178201">
    <name>Marquette, IA</name>
    <desc>Marquette, IA</desc>
    <sym>City</sym>
  </wpt>
  <wpt lat="43.045031" lon="-91.17818">
    <name>Marquette, IA</name>
    <desc>Marquette, IA</desc>
    <sym>City</sym>
  </wpt>
  <wpt lat="42.071631" lon="-90.172344">
    <name>Sabula, IA</name>
    <desc>Sabula, IA</desc>
    <sym>City</sym>
  </wpt>
  <wpt lat="41.958422" lon="-90.111859">
    <name>Thomson, IL</name>
    <desc>Thomson, IL</desc>
    <sym>City</sym>
  </wpt>
  <wpt lat="40.865487" lon="-90.96053">
    <name>Gladstone, IL</name>
    <desc>Gladstone, IL</desc>
    <sym>City</sym>
  </wpt>
  <wpt lat="40.63781" lon="-91.168609">
    <name>Dallas City, IL</name>
    <desc>Dallas City, IL</desc>
    <sym>City</sym>
  </wpt>
  <wpt lat="40.359169" lon="-91.434429">
    <name>Warsaw, IL</name>
    <desc>Warsaw, IL</desc>
    <sym>City</sym>
  </wpt>
  <wpt lat="37.877121" lon="-89.945949">
    <name>St. Mary, MO</name>
    <desc>St. Mary, MO</desc>
    <sym>City</sym>
  </wpt>
  <wpt lat="36.519011" lon="-89.610408">
    <name>Marston, MO</name>
    <desc>Marston, MO</desc>
    <sym>City</sym>
  </wpt>
  <wpt lat="36.193474" lon="-89.655988">
    <name>Caruthersville, MO</name>
    <desc>Caruthersville, MO</desc>
    <sym>City</sym>
  </wpt>
  <wpt lat="35.92029" lon="-89.798317">
    <name>Armorel, AR</name>
    <desc>Armorel, AR</desc>
    <sym>City</sym>
  </wpt>
  <wpt lat="35.756" lon="-89.936831">
    <name>Luxora, AR</name>
    <desc>Luxora, AR</desc>
    <sym>City</sym>
  </wpt>
  <wpt lat="35.704896" lon="-89.96401">
    <name>Osceola, AR</name>
    <desc>Osceola, AR</desc>
    <sym>City</sym>
  </wpt>
  <wpt lat="35.624764" lon="-89.992115">
    <name>Rotan, AR</name>
    <desc>Rotan, AR</desc>
    <sym>City</sym>
  </wpt>
  <wpt lat="35.612819" lon="-90.011417">
    <name>Driver, AR</name>
    <desc>Driver, AR</desc>
    <sym>City</sym>
  </wpt>
  <wpt lat="35.568038" lon="-90.042507">
    <name>Wilson, AR</name>
    <desc>Wilson, AR</desc>
    <sym>City</sym>
  </wpt>
  <wpt lat="35.534527" lon="-90.127356">
    <name>Bassett, AR</name>
    <desc>Bassett, AR</desc>
    <sym>City</sym>
  </wpt>
  <wpt lat="35.508916" lon="-90.148576">
    <name>Joiner, AR</name>
    <desc>Joiner, AR</desc>
    <sym>City</sym>
  </wpt>
  <wpt lat="35.426786" lon="-90.214862">
    <name>Meneshea, AR</name>
    <desc>Meneshea, AR</desc>
    <sym>City</sym>
  </wpt>
  <wpt lat="35.374033" lon="-90.255095">
    <name>Turrell, AR</name>
    <desc>Turrell, AR</desc>
    <sym>City</sym>
  </wpt>
  <wpt lat="35.21494" lon="-90.197464">
    <name>Marion, AR</name>
    <desc>Marion, AR</desc>
    <sym>City</sym>
  </wpt>
  <wpt lat="34.703144" lon="-90.379806">
    <name>North Tunica, MS</name>
    <desc>North Tunica, MS</desc>
    <sym>City</sym>
  </wpt>
  <wpt lat="34.690638" lon="-90.382236">
    <name>Tunica, MS</name>
    <desc>Tunica, MS</desc>
    <sym>City</sym>
  </wpt>
  <wpt lat="34.364759" lon="-90.64027">
    <name>Friars Point, MS</name>
    <desc>Friars Point, MS</desc>
    <sym>City</sym>
  </wpt>
  <wpt lat="34.255893" lon="-90.570774">
    <name>Coahoma, MS</name>
    <desc>Coahoma, MS</desc>
    <sym>City</sym>
  </wpt>
  <wpt lat="34.203197" lon="-90.576063">
    <name>Clarksdale, MS</name>
    <desc>Clarksdale, MS</desc>
    <sym>City</sym>
  </wpt>
  <wpt lat="33.978562" lon="-90.910308">
    <name>Perthshire, MS</name>
    <desc>Perthshire, MS</desc>
    <sym>City</sym>
  </wpt>
  <wpt lat="33.941854" lon="-90.943585">
    <name>Gunnison, MS</name>
    <desc>Gunnison, MS</desc>
    <sym>City</sym>
  </wpt>
  <wpt lat="33.853703" lon="-91.027629">
    <name>Rosedale, MS</name>
    <desc>Rosedale, MS</desc>
    <sym>City</sym>
  </wpt>
  <wpt lat="33.790279" lon="-90.981534">
    <name>Beulah, MS</name>
    <desc>Beulah, MS</desc>
    <sym>City</sym>
  </wpt>
  <wpt lat="33.718179" lon="-90.98259">
    <name>Lobdell, MS</name>
    <desc>Lobdell, MS</desc>
    <sym>City</sym>
  </wpt>
  <wpt lat="33.651639" lon="-91.009147">
    <name>Benoit, MS</name>
    <desc>Benoit, MS</desc>
    <sym>City</sym>
  </wpt>
  <wpt lat="33.594945" lon="-91.084317">
    <name>Scott, MS</name>
    <desc>Scott, MS</desc>
    <sym>City</sym>
  </wpt>
  <wpt lat="33.536923" lon="-91.08022">
    <name>Lamont, MS</name>
    <desc>Lamont, MS</desc>
    <sym>City</sym>
  </wpt>
  <wpt lat="33.385317" lon="-91.067293">
    <name>Greenville, MS</name>
    <desc>Greenville, MS</desc>
    <sym>City</sym>
  </wpt>
  <wpt lat="33.025779" lon="-91.032399">
    <name>Glen Allan, MS</name>
    <desc>Glen Allan, MS</desc>
    <sym>City</sym>
  </wpt>
  <wpt lat="32.435597" lon="-90.821607">
    <name>Blakely, MS</name>
    <desc>Blakely, MS</desc>
    <sym>City</sym>
  </wpt>
  <wpt lat="32.379466" lon="-90.867718">
    <name>Waltersville, MS</name>
    <desc>Waltersville, MS</desc>
    <sym>City</sym>
  </wpt>
  <wpt lat="32.350248" lon="-90.88328">
    <name>Vicksburg, MS</name>
    <desc>Vicksburg, MS</desc>
    <sym>City</sym>
  </wpt>
  <wpt lat="31.956195" lon="-90.985061">
    <name>Port Gibson, MS</name>
    <desc>Port Gibson, MS</desc>
    <sym>City</sym>
  </wpt>
  <wpt lat="31.560165" lon="-91.403251">
    <name>Natchez, MS</name>
    <desc>Natchez, MS</desc>
    <sym>City</sym>
  </wpt>
  <wpt lat="31.566469" lon="-91.427369">
    <name>Vidalia, LA</name>
    <desc>Vidalia, LA</desc>
    <sym>City</sym>
  </wpt>
  <wpt lat="30.876806" lon="-91.680573">
    <name>Innis, LA</name>
    <desc>Innis, LA</desc>
    <sym>City</sym>
  </wpt>
  <wpt lat="30.842002" lon="-91.661797">
    <name>Batchelor, LA</name>
    <desc>Batchelor, LA</desc>
    <sym>City</sym>
  </wpt>
  <wpt lat="30.737261" lon="-91.593096">
    <name>Morganza, LA</name>
    <desc>Morganza, LA</desc>
    <sym>City</sym>
  </wpt>
  <wpt lat="30.693174" lon="-91.434885">
    <name>New Roads, LA</name>
    <desc>New Roads, LA</desc>
    <sym>City</sym>
  </wpt>
  <wpt lat="30.278534" lon="-91.13023">
    <name>Sunshine, LA</name>
    <desc>Sunshine, LA</desc>
    <sym>City</sym>
  </wpt>
  <wpt lat="30.118417" lon="-90.987646">
    <name>Darrow, LA</name>
    <desc>Darrow, LA</desc>
    <sym>City</sym>
  </wpt>
  <wpt lat="30.134525" lon="-90.950376">
    <name>Hillaryville, LA</name>
    <desc>Hillaryville, LA</desc>
    <sym>City</sym>
  </wpt>
  <wpt lat="30.137498" lon="-90.924922">
    <name>Burnside, LA</name>
    <desc>Burnside, LA</desc>
    <sym>City</sym>
  </wpt>
  <wpt lat="30.020755" lon="-90.830013">
    <name>Convent, LA</name>
    <desc>Convent, LA</desc>
    <sym>City</sym>
  </wpt>
  <wpt lat="29.864024" lon="-89.90629">
    <name>Caernarvon, LA</name>
    <desc>Caernarvon, LA</desc>
    <sym>City</sym>
  </wpt>
  <wpt lat="29.807424" lon="-89.998955">
    <name>Dalcour, LA</name>
    <desc>Dalcour, LA</desc>
    <sym>City</sym>
  </wpt>
  <wpt lat="29.645509" lon="-89.93967">
    <name>Phoenix, LA</name>
    <desc>Phoenix, LA</desc>
    <sym>City</sym>
  </wpt>
  <wpt lat="29.607361" lon="-89.848526">
    <name>Davant, LA</name>
    <desc>Davant, LA</desc>
    <sym>City</sym>
  </wpt>
  <wpt lat="29.578118" lon="-89.796236">
    <name>Pointe a la Hache, LA</name>
    <desc>Pointe a la Hache, LA</desc>
    <sym>City</sym>
  </wpt>
  <wpt lat="29.501747" lon="-89.717128">
    <name>Port Sulphur, LA</name>
    <desc>Port Sulphur, LA</desc>
    <sym>City</sym>
  </wpt>
  <wpt lat="29.451996" lon="-89.64836">
    <name>Empire, LA</name>
    <desc>Empire, LA</desc>
    <sym>City</sym>
  </wpt>
  <wpt lat="29.348117" lon="-89.526278">
    <name>Buras, LA</name>
    <desc>Buras, LA</desc>
    <sym>City</sym>
  </wpt>
  <wpt lat="29.342115" lon="-89.466633">
    <name>Triumph, LA</name>
    <desc>Triumph, LA</desc>
    <sym>City</sym>
  </wpt>
  <wpt lat="29.343677" lon="-89.421802">
    <name>Boothville, LA</name>
    <desc>Boothville, LA</desc>
    <sym>City</sym>
  </wpt>
  <wpt lat="29.305102" lon="-89.379748">
    <name>Venice, LA</name>
    <desc>Venice, LA</desc>
    <sym>City</sym>
  </wpt>
  <wpt lat="44.748696" lon="-92.801775">
    <name>Prescott, WI</name>
    <desc>Prescott, WI</desc>
    <sym>City</sym>
  </wpt>
  <wpt lat="44.648518" lon="-92.623816">
    <name>Diamond Bluff, WI</name>
    <desc>Diamond Bluff, WI</desc>
    <sym>City</sym>
  </wpt>
  <wpt lat="44.60313" lon="-92.562892">
    <name>Trenton, WI</name>
    <desc>Trenton, WI</desc>
    <sym>City</sym>
  </wpt>
  <wpt lat="44.60144" lon="-92.5382">
    <name>Hager City, WI</name>
    <desc>Hager City, WI</desc>
    <sym>City</sym>
  </wpt>
  <wpt lat="44.584395" lon="-92.4506">
    <name>Bay City, WI</name>
    <desc>Bay City, WI</desc>
    <sym>City</sym>
  </wpt>
  <wpt lat="44.584389" lon="-92.450599">
    <name>Bay City, WI</name>
    <desc>Bay City, WI</desc>
    <sym>City</sym>
  </wpt>
  <wpt lat="44.588055" lon="-92.3958">
    <name>Oakridge, WI</name>
    <desc>Oakridge, WI</desc>
    <sym>City</sym>
  </wpt>
  <wpt lat="44.560645" lon="-92.309734">
    <name>Maiden Rock, WI</name>
    <desc>Maiden Rock, WI</desc>
    <sym>City</sym>
  </wpt>
  <wpt lat="44.482986" lon="-92.262162">
    <name>Stockholm, WI</name>
    <desc>Stockholm, WI</desc>
    <sym>City</sym>
  </wpt>
  <wpt lat="44.43899" lon="-92.148517">
    <name>Pepin, WI</name>
    <desc>Pepin, WI</desc>
    <sym>City</sym>
  </wpt>
  <wpt lat="44.420775" lon="-92.00887">
    <name>Nelson, WI</name>
    <desc>Nelson, WI</desc>
    <sym>City</sym>
  </wpt>
  <wpt lat="44.319837" lon="-91.914744">
    <name>Alma, WI</name>
    <desc>Alma, WI</desc>
    <sym>City</sym>
  </wpt>
  <wpt lat="44.230548" lon="-91.864539">
    <name>Buffalo City, WI</name>
    <desc>Buffalo City, WI</desc>
    <sym>City</sym>
  </wpt>
  <wpt lat="43.749994" lon="-91.200341">
    <name>Maple Grove, WI</name>
    <desc>Maple Grove, WI</desc>
    <sym>City</sym>
  </wpt>
  <wpt lat="43.574677" lon="-91.22754">
    <name>Genoa, WI</name>
    <desc>Genoa, WI</desc>
    <sym>City</sym>
  </wpt>
  <wpt lat="43.48586" lon="-91.21342">
    <name>Victory, WI</name>
    <desc>Victory, WI</desc>
    <sym>City</sym>
  </wpt>
  <wpt lat="43.246841" lon="-91.057828">
    <name>Lynxville, WI</name>
    <desc>Lynxville, WI</desc>
    <sym>City</sym>
  </wpt>
  <wpt lat="43.022061" lon="-91.1784">
    <name>McGregor, IA</name>
    <desc>McGregor, IA</desc>
    <sym>City</sym>
  </wpt>
  <wpt lat="42.783823" lon="-91.09619">
    <name>Guttenberg, IA</name>
    <desc>Guttenberg, IA</desc>
    <sym>City</sym>
  </wpt>
  <wpt lat="42.626874" lon="-90.592426">
    <name>Dickeyville, WI</name>
    <desc>Dickeyville, WI</desc>
    <sym>City</sym>
  </wpt>
  <wpt lat="42.492134" lon="-90.642756">
    <name>East Dubuque, IL</name>
    <desc>East Dubuque, IL</desc>
    <sym>City</sym>
  </wpt>
  <wpt lat="42.405357" lon="-90.594244">
    <name>King, IA</name>
    <desc>King, IA</desc>
    <sym>City</sym>
  </wpt>
  <wpt lat="42.360673" lon="-90.539504">
    <name>St. Donatus, IA</name>
    <desc>St. Donatus, IA</desc>
    <sym>City</sym>
  </wpt>
  <wpt lat="42.097458" lon="-90.158899">
    <name>Savanna, IL</name>
    <desc>Savanna, IL</desc>
    <sym>City</sym>
  </wpt>
  <wpt lat="42.051046" lon="-90.116187">
    <name>Ayers, IL</name>
    <desc>Ayers, IL</desc>
    <sym>City</sym>
  </wpt>
  <wpt lat="41.86371" lon="-90.165699">
    <name>Fulton, IL</name>
    <desc>Fulton, IL</desc>
    <sym>City</sym>
  </wpt>
  <wpt lat="41.865949" lon="-90.180929">
    <name>Clinton, IA</name>
    <desc>Clinton, IA</desc>
    <sym>City</sym>
  </wpt>
  <wpt lat="41.838951" lon="-90.190311">
    <name>Clinton, IA</name>
    <desc>Clinton, IA</desc>
    <sym>City</sym>
  </wpt>
  <wpt lat="41.790247" lon="-90.22136">
    <name>Albany, IL</name>
    <desc>Albany, IL</desc>
    <sym>City</sym>
  </wpt>
  <wpt lat="41.68035" lon="-90.319208">
    <name>Cordova, IL</name>
    <desc>Cordova, IL</desc>
    <sym>City</sym>
  </wpt>
  <wpt lat="41.614194" lon="-90.336076">
    <name>Port Byron, IL</name>
    <desc>Port Byron, IL</desc>
    <sym>City</sym>
  </wpt>
  <wpt lat="41.582675" lon="-90.346478">
    <name>Rapids City, IL</name>
    <desc>Rapids City, IL</desc>
    <sym>City</sym>
  </wpt>
  <wpt lat="41.556903" lon="-90.41409">
    <name>Hampton, IL</name>
    <desc>Hampton, IL</desc>
    <sym>City</sym>
  </wpt>
  <wpt lat="41.517915" lon="-90.460947">
    <name>East Moline, IL</name>
    <desc>East Moline, IL</desc>
    <sym>City</sym>
  </wpt>
  <wpt lat="41.454978" lon="-90.726599">
    <name>Buffalo, IA</name>
    <desc>Buffalo, IA</desc>
    <sym>City</sym>
  </wpt>
  <wpt lat="41.459399" lon="-90.806862">
    <name>Montpelier, IA</name>
    <desc>Montpelier, IA</desc>
    <sym>City</sym>
  </wpt>
  <wpt lat="41.459773" lon="-90.821938">
    <name>Midway Beach, IA</name>
    <desc>Midway Beach, IA</desc>
    <sym>City</sym>
  </wpt>
  <wpt lat="41.435318" lon="-90.906463">
    <name>Fairport, IA</name>
    <desc>Fairport, IA</desc>
    <sym>City</sym>
  </wpt>
  <wpt lat="41.426746" lon="-91.035998">
    <name>Muscatine, IA</name>
    <desc>Muscatine, IA</desc>
    <sym>City</sym>
  </wpt>
  <wpt lat="41.167275" lon="-91.000809">
    <name>New Boston, IL</name>
    <desc>New Boston, IL</desc>
    <sym>City</sym>
  </wpt>
  <wpt lat="41.100704" lon="-90.942896">
    <name>Keithsburg, IL</name>
    <desc>Keithsburg, IL</desc>
    <sym>City</sym>
  </wpt>
  <wpt lat="40.936196" lon="-90.956732">
    <name>Oquawka, IL</name>
    <desc>Oquawka, IL</desc>
    <sym>City</sym>
  </wpt>
  <wpt lat="40.677744" lon="-91.07507">
    <name>Lomax, IL</name>
    <desc>Lomax, IL</desc>
    <sym>City</sym>
  </wpt>
  <wpt lat="40.630429" lon="-91.300839">
    <name>Fort Madison, IA</name>
    <desc>Fort Madison, IA</desc>
    <sym>City</sym>
  </wpt>
  <wpt lat="40.617542" lon="-91.28771">
    <name>Niota, IL</name>
    <desc>Niota, IL</desc>
    <sym>City</sym>
  </wpt>
  <wpt lat="40.5498" lon="-91.381742">
    <name>Nauvoo, IL</name>
    <desc>Nauvoo, IL</desc>
    <sym>City</sym>
  </wpt>
  <wpt lat="39.93582" lon="-91.415216">
    <name>Quincy, IL</name>
    <desc>Quincy, IL</desc>
    <sym>City</sym>
  </wpt>
  <wpt lat="39.709246" lon="-91.356889">
    <name>Hannibal, MO</name>
    <desc>Hannibal, MO</desc>
    <sym>City</sym>
  </wpt>
  <wpt lat="39.45403" lon="-91.0558">
    <name>Louisiana, MO</name>
    <desc>Louisiana, MO</desc>
    <sym>City</sym>
  </wpt>
  <wpt lat="39.230123" lon="-90.717602">
    <name>Hamburg, IL</name>
    <desc>Hamburg, IL</desc>
    <sym>City</sym>
  </wpt>
  <wpt lat="39.03264" lon="-90.65798">
    <name>Batchtown, IL</name>
    <desc>Batchtown, IL</desc>
    <sym>City</sym>
  </wpt>
  <wpt lat="38.969077" lon="-90.435154">
    <name>Grafton, IL</name>
    <desc>Grafton, IL</desc>
    <sym>City</sym>
  </wpt>
  <wpt lat="38.934803" lon="-90.274314">
    <name>Riehl, IL</name>
    <desc>Riehl, IL</desc>
    <sym>City</sym>
  </wpt>
  <wpt lat="38.589849" lon="-90.169571">
    <name>Sauget, IL</name>
    <desc>Sauget, IL</desc>
    <sym>City</sym>
  </wpt>
  <wpt lat="38.570659" lon="-90.188654">
    <name>Cahokia, IL</name>
    <desc>Cahokia, IL</desc>
    <sym>City</sym>
  </wpt>
  <wpt lat="38.519308" lon="-90.210753">
    <name>Dupo, IL</name>
    <desc>Dupo, IL</desc>
    <sym>City</sym>
  </wpt>
  <wpt lat="38.294628" lon="-90.311211">
    <name>Valmeyer, IL</name>
    <desc>Valmeyer, IL</desc>
    <sym>City</sym>
  </wpt>
  <wpt lat="37.979119" lon="-90.043021">
    <name>Ste. Genevieve, MO</name>
    <desc>Ste. Genevieve, MO</desc>
    <sym>City</sym>
  </wpt>
  <wpt lat="37.920815" lon="-89.915302">
    <name>Kaskaskia, IL</name>
    <desc>Kaskaskia, IL</desc>
    <sym>City</sym>
  </wpt>
  <wpt lat="37.905957" lon="-89.833491">
    <name>Chester, IL</name>
    <desc>Chester, IL</desc>
    <sym>City</sym>
  </wpt>
  <wpt lat="37.715866" lon="-89.488225">
    <name>Gorham, IL</name>
    <desc>Gorham, IL</desc>
    <sym>City</sym>
  </wpt>
  <wpt lat="37.631079" lon="-89.505521">
    <name>Grand Tower, IL</name>
    <desc>Grand Tower, IL</desc>
    <sym>City</sym>
  </wpt>
  <wpt lat="37.321835" lon="-89.431978">
    <name>McLure, IL</name>
    <desc>McLure, IL</desc>
    <sym>City</sym>
  </wpt>
  <wpt lat="37.22108" lon="-89.460609">
    <name>Thebes, IL</name>
    <desc>Thebes, IL</desc>
    <sym>City</sym>
  </wpt>
  <wpt lat="37.164563" lon="-89.42688">
    <name>Fayville, IL</name>
    <desc>Fayville, IL</desc>
    <sym>City</sym>
  </wpt>
  <wpt lat="37.16871" lon="-89.353291">
    <name>Olive Branch, IL</name>
    <desc>Olive Branch, IL</desc>
    <sym>City</sym>
  </wpt>
  <wpt lat="37.06282" lon="-89.231749">
    <name>Klondike, Il</name>
    <desc>Klondike, Il</desc>
    <sym>City</sym>
  </wpt>
  <wpt lat="37.029084" lon="-89.18651">
    <name>Future City, IL</name>
    <desc>Future City, IL</desc>
    <sym>City</sym>
  </wpt>
  <wpt lat="37.0031" lon="-89.172932">
    <name>Cairo, IL</name>
    <desc>Cairo, IL</desc>
    <sym>City</sym>
  </wpt>
  <wpt lat="36.964908" lon="-89.090414">
    <name>Wickliffe, KY</name>
    <desc>Wickliffe, KY</desc>
    <sym>City</sym>
  </wpt>
  <wpt lat="36.803742" lon="-89.083043">
    <name>Berkley, KY</name>
    <desc>Berkley, KY</desc>
    <sym>City</sym>
  </wpt>
  <wpt lat="36.759473" lon="-89.10347">
    <name>Columbus, KY</name>
    <desc>Columbus, KY</desc>
    <sym>City</sym>
  </wpt>
  <wpt lat="36.572419" lon="-89.194882">
    <name>Hickman, KY</name>
    <desc>Hickman, KY</desc>
    <sym>City</sym>
  </wpt>
  <wpt lat="36.583548" lon="-89.527178">
    <name>New Madrid, MO</name>
    <desc>New Madrid, MO</desc>
    <sym>City</sym>
  </wpt>
  <wpt lat="36.425184" lon="-89.69674">
    <name>Portageville, MO</name>
    <desc>Portageville, MO</desc>
    <sym>City</sym>
  </wpt>
  <wpt lat="36.234033" lon="-89.740798">
    <name>Hayti, MO</name>
    <desc>Hayti, MO</desc>
    <sym>City</sym>
  </wpt>
    <!-- === Intersections - Left/Right/Slight Left/Slight Right/Crossroads/Roundabout ===-->
  <wpt lat="47.253614" lon="-95.212219">
    <name>Cross MN SH 200</name>
    <desc>Cross MN SH 200</desc>
    <sym>Crossing</sym>
  </wpt>
  <wpt lat="47.46859" lon="-94.915704">
    <name>Cross US Route 2/MN SR 371</name>
    <desc>Cross US Route 2/MN SR 371</desc>
    <sym>Crossing</sym>
  </wpt>
  <wpt lat="47.005025" lon="-93.29446">
    <name>Cross MN SR 200</name>
    <desc>Cross MN SR 200</desc>
    <sym>Crossing</sym>
  </wpt>
  <wpt lat="46.546163" lon="-93.958131">
    <name>Cross MN SR 6</name>
    <desc>Cross MN SR 6</desc>
    <sym>Crossing</sym>
  </wpt>
  <wpt lat="46.357541" lon="-94.216182">
    <name>Cross MN SR 210</name>
    <desc>Cross MN SR 210</desc>
    <sym>Crossing</sym>
  </wpt>
  <wpt lat="45.595201" lon="-94.191041">
    <name>Cross MN SR 15</name>
    <desc>Cross MN SR 15</desc>
    <sym>Crossing</sym>
  </wpt>
    <wpt lat="47.382615" lon="-94.607534">
    <name>Cross US Route 2</name>
    <desc>Cross US Route 2</desc>
    <sym>Crossing</sym>
  </wpt>
  <wpt lat="45.559262" lon="-94.156485">
    <name>Cross MN SR 23</name>
    <desc>Cross MN SR 23</desc>
    <sym>Crossing</sym>
  </wpt>
  <wpt lat="45.305632" lon="-93.794192">
    <name>Cross MN SR 25</name>
    <desc>Cross MN SR 25</desc>
    <sym>Crossing</sym>
  </wpt>
  <wpt lat="45.28114" lon="-93.56577">
    <name>At roundabout, take exit 1 onto Parrish Avenue Northeast, CR 42</name>
    <desc>At roundabout, take exit 1 onto Parrish Avenue Northeast, CR 42</desc>
    <sym>Crossing</sym>
  </wpt>
  <wpt lat="46.312361" lon="-94.26758">
    <name>Cross Under MN SR 371</name>
    <desc>Cross Under MN SR 371</desc>
    <sym>Crossing</sym>
  </wpt>
  <wpt lat="45.263639" lon="-93.555879">
    <name>Cross Under MN SR 101</name>
    <desc>Cross Under MN SR 101</desc>
    <sym>Crossing</sym>
  </wpt>
  <wpt lat="45.19068" lon="-93.39607">
    <name>Cross Under MN SR 169</name>
    <desc>Cross Under MN SR 169</desc>
    <sym>Crossing</sym>
  </wpt>
  <wpt lat="45.127662" lon="-93.300102">
    <name>Cross Under MN SR 252</name>
    <desc>Cross Under MN SR 252</desc>
    <sym>Crossing</sym>
  </wpt>
      <!-- === Control - Cardinal Extreme ===-->
  <wpt lat="47.49514" lon="-94.83154">
    <name>Northernmost point on the full Mississippi River Ride track</name>
    <desc>Northernmost point on the full Mississippi River Ride track</desc>
    <sym>Flag</sym>
  </wpt>
  <wpt lat="36.65035" lon="-89.0256">
    <name>Easternmost point on the full Mississippi River Ride track</name>
    <desc>Easternmost point on the full Mississippi River Ride track</desc>
    <sym>Flag</sym>
  </wpt>
  <wpt lat="47.34023" lon="-95.22551">
    <name>Westernmost point on the full Mississippi River Ride track</name>
    <desc>Westernmost point on the full Mississippi River Ride track</desc>
    <sym>Flag</sym>
  </wpt>
  <wpt lat="29.23141" lon="-89.39012">
    <name>Southernmost point on the full Mississippi River Ride track</name>
    <desc>Southernmost point on the full Mississippi River Ride track</desc>
    <sym>Flag</sym>
  </wpt>
  <!-- === Control - Start Day ## ===-->
  <wpt lat="47.380625" lon="-94.591592">
    <name>Start Day 02</name>
    <desc>Start Day 02</desc>
    <sym>Flag</sym>
  </wpt>
  <wpt lat="47.335872" lon="-93.800486">
    <name>Start Day 03</name>
    <desc>Start Day 03</desc>
    <sym>Flag</sym>
  </wpt>
  <wpt lat="47.023259" lon="-93.276700">
    <name>Start Day 04</name>
    <desc>Start Day 04</desc>
    <sym>Flag</sym>
  </wpt>
  <wpt lat="46.541685" lon="-93.712353">
    <name>Start Day 05</name>
    <desc>Start Day 05</desc>
    <sym>Flag</sym>
  </wpt>
  <wpt lat="46.281588" lon="-94.329144">
    <name>Start Day 06</name>
    <desc>Start Day 06</desc>
    <sym>Flag</sym>
  </wpt>
  <wpt lat="45.559250" lon="-94.156476">
    <name>Start Day 07</name>
    <desc>Start Day 07</desc>
    <sym>Flag</sym>
  </wpt>
  <wpt lat="45.189751" lon="-93.398291">
    <name>Start Day 08</name>
    <desc>Start Day 08</desc>
    <sym>Flag</sym>
  </wpt>
  <wpt lat="44.817568" lon="-92.932024">
    <name>Start Day 09</name>
    <desc>Start Day 09</desc>
    <sym>Flag</sym>
  </wpt>
  <wpt lat="44.579378" lon="-92.456383">
    <name>Start Day 10</name>
    <desc>Start Day 10</desc>
    <sym>Flag</sym>
  </wpt>
  <wpt lat="44.053050" lon="-91.642757">
    <name>Start Day 11</name>
    <desc>Start Day 11</desc>
    <sym>Flag</sym>
  </wpt>
  <wpt lat="43.807685" lon="-91.253826">
    <name>Start Day 12</name>
    <desc>Start Day 12</desc>
    <sym>Flag</sym>
  </wpt>
  <wpt lat="43.050350" lon="-91.149294">
    <name>Start Day 13</name>
    <desc>Start Day 13</desc>
    <sym>Flag</sym>
  </wpt>
  <wpt lat="42.713668" lon="-90.992396">
    <name>Start Day 14</name>
    <desc>Start Day 14</desc>
    <sym>Flag</sym>
  </wpt>
  <wpt lat="41.863711" lon="-90.165741">
    <name>Start Day 16</name>
    <desc>Start Day 16</desc>
    <sym>Flag</sym>
  </wpt>
  <wpt lat="41.517975" lon="-90.582937">
    <name>Start Day 17</name>
    <desc>Start Day 17</desc>
    <sym>Flag</sym>
  </wpt>
  <wpt lat="41.051596" lon="-90.934768">
    <name>Start Day 18</name>
    <desc>Start Day 18</desc>
    <sym>Flag</sym>
  </wpt>
  <wpt lat="40.543025" lon="-91.386659">
    <name>Start Day 19</name>
    <desc>Start Day 19</desc>
    <sym>Flag</sym>
  </wpt>
  <wpt lat="39.454868" lon="-91.051424">
    <name>Start Day 21</name>
    <desc>Start Day 21</desc>
    <sym>Flag</sym>
  </wpt>
  <wpt lat="39.295957" lon="-90.609808">
    <name>Start Day 22</name>
    <desc>Start Day 22</desc>
    <sym>Flag</sym>
  </wpt>
  <wpt lat="38.886873" lon="-90.178224">
    <name>Start Day 23</name>
    <desc>Start Day 23</desc>
    <sym>Flag</sym>
  </wpt>
  <wpt lat="38.462898" lon="-90.220639">
    <name>Start Day 24</name>
    <desc>Start Day 24</desc>
    <sym>Flag</sym>
  </wpt>
  <wpt lat="37.979077" lon="-90.043014">
    <name>Start Day 25</name>
    <desc>Start Day 25</desc>
    <sym>Flag</sym>
  </wpt>
  <wpt lat="37.638869" lon="-89.510907">
    <name>Start Day 27</name>
    <desc>Start Day 27</desc>
    <sym>Flag</sym>
  </wpt>
  <wpt lat="37.297503" lon="-89.520534">
    <name>Start Day 28</name>
    <desc>Start Day 28</desc>
    <sym>Flag</sym>
  </wpt>
  <wpt lat="36.760111" lon="-89.104370">
    <name>Start Day 29</name>
    <desc>Start Day 29</desc>
    <sym>Flag</sym>
  </wpt>
  <wpt lat="36.519035" lon="-89.612238">
    <name>Start Day 30</name>
    <desc>Start Day 30</desc>
    <sym>Flag</sym>
  </wpt>
  <wpt lat="36.187482" lon="-89.658378">
    <name>Start Day 31</name>
    <desc>Start Day 31</desc>
    <sym>Flag</sym>
  </wpt>
  <wpt lat="35.704981" lon="-89.964011">
    <name>Start Day 32</name>
    <desc>Start Day 32</desc>
    <sym>Flag</sym>
  </wpt>
  <wpt lat="35.128251" lon="-90.061874">
    <name>Start Day 33</name>
    <desc>Start Day 33</desc>
    <sym>Flag</sym>
  </wpt>
  <wpt lat="34.689151" lon="-90.383102">
    <name>Start Day 34</name>
    <desc>Start Day 34</desc>
    <sym>Flag</sym>
  </wpt>
  <wpt lat="34.202472" lon="-90.575859">
    <name>Start Day 35</name>
    <desc>Start Day 35</desc>
    <sym>Flag</sym>
  </wpt>
  <wpt lat="33.402383" lon="-91.065009">
    <name>Start Day 36</name>
    <desc>Start Day 36</desc>
    <sym>Flag</sym>
  </wpt>
  <wpt lat="32.902034" lon="-91.049286">
    <name>Start Day 37</name>
    <desc>Start Day 37</desc>
    <sym>Flag</sym>
  </wpt>
  <wpt lat="32.521214" lon="-91.006066">
    <name>Start Day 38</name>
    <desc>Start Day 38</desc>
    <sym>Flag</sym>
  </wpt>
  <wpt lat="32.030023" lon="-91.053776">
    <name>Start Day 39</name>
    <desc>Start Day 39</desc>
    <sym>Flag</sym>
  </wpt>
  <wpt lat="31.561537" lon="-91.405258">
    <name>Start Day 40</name>
    <desc>Start Day 40</desc>
    <sym>Flag</sym>
  </wpt>
  <wpt lat="30.979714" lon="-91.807339">
    <name>Start Day 41</name>
    <desc>Start Day 41</desc>
    <sym>Flag</sym>
  </wpt>
  <wpt lat="30.686938" lon="-91.453116">
    <name>Start Day 42</name>
    <desc>Start Day 42</desc>
    <sym>Flag</sym>
  </wpt>
  <wpt lat="30.038369" lon="-90.693832">
    <name>Start Day 43</name>
    <desc>Start Day 43</desc>
    <sym>Flag</sym>
  </wpt>
  <wpt lat="29.95087" lon="-90.065969">
    <name>Start Day 44</name>
    <desc>Start Day 44</desc>
    <sym>Flag</sym>
  </wpt>
  <wpt lat="29.864501" lon="-89.900273">
    <name>Start Day 45</name>
    <desc>Start Day 45</desc>
    <sym>Flag</sym>
  </wpt>
  <wpt lat="29.864501" lon="-89.900273">
    <name>Start Day 46</name>
    <desc>Start Day 46</desc>
    <sym>Flag</sym>
  </wpt>
  <!-- === Control - State Boundary === -->
<wpt lat="44.748875" lon="-92.804668">
  <name>Leave MN/Enter WI</name>
  <cmt>Leave MN/Enter WI</cmt>
  <desc>Leave MN/Enter WI</desc>
  <sym>Flag</sym>
  <type>Control - State Boundary</type>
</wpt>
<wpt lat="44.062830" lon="-91.637075">
  <name>Leave WI/Enter MN</name>
  <cmt>Leave WI/Enter MN</cmt>
  <desc>Leave WI/Enter MN</desc>
  <sym>Flag</sym>
  <type>Control - State Boundary</type>
</wpt>
<wpt lat="43.818719" lon="-91.273105">
  <name>Leave MN/Enter WI</name>
  <cmt>Leave MN/Enter WI</cmt>
  <desc>Leave MN/Enter WI</desc>
  <sym>Flag</sym>
  <type>Control - State Boundary</type>
</wpt>
<wpt lat="43.046893" lon="-91.158712">
  <name>Leave WI/Enter IA</name>
  <cmt>Leave WI/Enter IA</cmt>
  <desc>Leave WI/Enter IA</desc>
  <sym>Flag</sym>
  <type>Control - State Boundary</type>
</wpt>
<wpt lat="42.713090" lon="-90.994705">
  <name>Leave IA/Enter WI</name>
  <cmt>Leave IA/Enter WI</cmt>
  <desc>Leave IA/Enter WI</desc>
  <sym>Flag</sym>
  <type>Control - State Boundary</type>
</wpt>
<wpt lat="42.508014" lon="-90.609812">
  <name>Leave WI/Enter IL</name>
  <cmt>Leave WI/Enter IL</cmt>
  <desc>Leave WI/Enter IL</desc>
  <sym>Flag</sym>
  <type>Control - State Boundary</type>
</wpt>
<wpt lat="42.491622" lon="-90.656110">
  <name>Leave IL/Enter IA</name>
  <cmt>Leave IL/Enter IA</cmt>
  <desc>Leave IL/Enter IA</desc>
  <sym>Flag</sym>
  <type>Control - State Boundary</type>
</wpt>
<wpt lat="42.104061" lon="-90.161156">
  <name>Leave IA/Enter IL</name>
  <cmt>Leave IA/Enter IL</cmt>
  <desc>Leave IA/Enter IL</desc>
  <sym>Flag</sym>
  <type>Control - State Boundary</type>
</wpt>
<wpt lat="41.864733" lon="-90.173201">
  <name>Leave IL/Enter IA</name>
  <cmt>Leave IL/Enter IA</cmt>
  <desc>Leave IL/Enter IA</desc>
  <sym>Flag</sym>
  <type>Control - State Boundary</type>
</wpt>
<wpt lat="41.837830" lon="-90.183277">
  <name>Leave IA/Enter IL</name>
  <cmt>Leave IA/Enter IL</cmt>
  <desc>Leave IA/Enter IL</desc>
  <sym>Flag</sym>
  <type>Control - State Boundary</type>
</wpt>
<wpt lat="41.517993" lon="-90.566242">
  <name>Leave IL/Enter IA</name>
  <cmt>Leave IL/Enter IA</cmt>
  <desc>Leave IL/Enter IA</desc>
  <sym>Flag</sym>
  <type>Control - State Boundary</type>
</wpt>
<wpt lat="41.421396" lon="-91.033216">
  <name>Leave IA/Enter IL</name>
  <cmt>Leave IA/Enter IL</cmt>
  <desc>Leave IA/Enter IL</desc>
  <sym>Flag</sym>
  <type>Control - State Boundary</type>
</wpt>
<wpt lat="40.812164" lon="-91.096691">
  <name>Leave IL/Enter IA</name>
  <cmt>Leave IL/Enter IA</cmt>
  <desc>Leave IL/Enter IA</desc>
  <sym>Flag</sym>
  <type>Control - State Boundary</type>
</wpt>
<wpt lat="40.812082" lon="-91.096719">
  <name>Leave IA/Enter IL</name>
  <cmt>Leave IA/Enter IL</cmt>
  <desc>Leave IA/Enter IL</desc>
  <sym>Flag</sym>
  <type>Control - State Boundary</type>
</wpt>
<wpt lat="39.720322" lon="-91.358243">
  <name>Leave IL/Enter MO</name>
  <cmt>Leave IL/Enter MO</cmt>
  <desc>Leave IL/Enter MO</desc>
  <sym>Flag</sym>
  <type>Control - State Boundary</type>
</wpt>
<wpt lat="39.456684" lon="-91.047340">
  <name>Leave MO/Enter IL</name>
  <cmt>Leave MO/Enter IL</cmt>
  <desc>Leave MO/Enter IL</desc>
  <sym>Flag</sym>
  <type>Control - State Boundary</type>
</wpt>
<wpt lat="38.759435" lon="-90.172681">
  <name>Leave IL/Enter MO</name>
  <cmt>Leave IL/Enter MO</cmt>
  <desc>Leave IL/Enter MO</desc>
  <sym>Flag</sym>
  <type>Control - State Boundary</type>
</wpt>
<wpt lat="38.628893" lon="-90.178628">
  <name>Leave MO/Enter IL</name>
  <cmt>Leave MO/Enter IL</cmt>
  <desc>Leave MO/Enter IL</desc>
  <sym>Flag</sym>
  <type>Control - State Boundary</type>
</wpt>
<wpt lat="38.007143" lon="-90.055867">
  <name>Leave IL/Enter MO</name>
  <cmt>Leave IL/Enter MO</cmt>
  <desc>Leave IL/Enter MO</desc>
  <sym>Flag</sym>
  <type>Control - State Boundary</type>
</wpt>
<wpt lat="37.880032" lon="-89.947978">
  <name>Leave MO/Enter IL</name>
  <cmt>Leave MO/Enter IL</cmt>
  <desc>Leave MO/Enter IL</desc>
  <sym>Flag</sym>
  <type>Control - State Boundary</type>
</wpt>
<wpt lat="37.880007" lon="-89.948004">
  <name>Leave IL/Enter MO</name>
  <cmt>Leave IL/Enter MO</cmt>
  <desc>Leave IL/Enter MO</desc>
  <sym>Flag</sym>
  <type>Control - State Boundary</type>
</wpt>
<wpt lat="37.295332" lon="-89.515741">
  <name>Leave IL/Enter MO</name>
  <cmt>Leave IL/Enter MO</cmt>
  <desc>Leave IL/Enter MO</desc>
  <sym>Flag</sym>
  <type>Control - State Boundary</type>
</wpt>
<wpt lat="37.295220" lon="-89.515807">
  <name>Leave MO/Enter IL</name>
  <cmt>Leave MO/Enter IL</cmt>
  <desc>Leave MO/Enter IL</desc>
  <sym>Flag</sym>
  <type>Control - State Boundary</type>
</wpt>
<wpt lat="36.978176" lon="-89.147519">
  <name>Leave IL/Enter MO</name>
  <cmt>Leave IL/Enter MO</cmt>
  <desc>Leave IL/Enter MO</desc>
  <sym>Flag</sym>
  <type>Control - State Boundary</type>
</wpt>
<wpt lat="36.978180" lon="-89.147494">
  <name>Leave MO/Enter IL</name>
  <cmt>Leave MO/Enter IL</cmt>
  <desc>Leave MO/Enter IL</desc>
  <sym>Flag</sym>
  <type>Control - State Boundary</type>
</wpt>
<wpt lat="36.991638" lon="-89.148176">
  <name>Leave IL/Enter KY</name>
  <cmt>Leave IL/Enter KY</cmt>
  <desc>Leave IL/Enter KY</desc>
  <sym>Flag</sym>
  <type>Control - State Boundary</type>
</wpt>
<wpt lat="36.578721" lon="-89.215268">
  <name>Leave KY/Enter MO</name>
  <cmt>Leave KY/Enter MO</cmt>
  <desc>Leave KY/Enter MO</desc>
  <sym>Flag</sym>
  <type>Control - State Boundary</type>
</wpt>
<wpt lat="36.000699" lon="-89.743240">
  <name>Leave MO/Enter AR</name>
  <cmt>Leave MO/Enter AR</cmt>
  <desc>Leave MO/Enter AR</desc>
  <sym>Flag</sym>
  <type>Control - State Boundary</type>
</wpt>
<wpt lat="35.127989" lon="-90.074314">
  <name>Leave AR/Enter TN</name>
  <cmt>Leave AR/Enter TN</cmt>
  <desc>Leave AR/Enter TN</desc>
  <sym>Flag</sym>
  <type>Control - State Boundary</type>
</wpt>
<wpt lat="34.994695" lon="-90.127500">
  <name>Leave TN/Enter MS</name>
  <cmt>Leave TN/Enter MS</cmt>
  <desc>Leave TN/Enter MS</desc>
  <sym>Flag</sym>
  <type>Control - State Boundary</type>
</wpt>
<wpt lat="34.496565" lon="-90.587453">
  <name>Leave MS/Enter AR</name>
  <cmt>Leave MS/Enter AR</cmt>
  <desc>Leave MS/Enter AR</desc>
  <sym>Flag</sym>
  <type>Control - State Boundary</type>
</wpt>
<wpt lat="34.496548" lon="-90.587465">
  <name>Leave AR/Enter MS</name>
  <cmt>Leave AR/Enter MS</cmt>
  <desc>Leave AR/Enter MS</desc>
  <sym>Flag</sym>
  <type>Control - State Boundary</type>
</wpt>
<wpt lat="33.297106" lon="-91.140336">
  <name>Leave MS/Enter AR</name>
  <cmt>Leave MS/Enter AR</cmt>
  <desc>Leave MS/Enter AR</desc>
  <sym>Flag</sym>
  <type>Control - State Boundary</type>
</wpt>
<wpt lat="33.296990" lon="-91.140297">
  <name>Leave AR/Enter MS</name>
  <cmt>Leave AR/Enter MS</cmt>
  <desc>Leave AR/Enter MS</desc>
  <sym>Flag</sym>
  <type>Control - State Boundary</type>
</wpt>
<wpt lat="31.566469" lon="-91.427369">
  <name>Leave MS/Enter LA</name>
  <cmt>Leave MS/Enter LA</cmt>
  <desc>Leave MS/Enter LA</desc>
  <sym>Flag</sym>
  <type>Control - State Boundary</type>
</wpt>
  <!-- === Hill Categories ===-->
  <!-- === Hill - Begin Climb ===-->
  <wpt lat="47.225759" lon="-92.742855">
    <name>Hill - Begin Climb: Begin 318 Foot Elevation Gain Next 1.9 Miles</name>
    <desc>Begin 318 Foot Elevation Gain Next 1.9 Miles</desc>
    <sym>Flag</sym>
  </wpt>
  <wpt lat="44.588124" lon="-92.441280">
    <name>Hill - Begin Climb: Begin 449 Foot Elevation Gain Next 2.3 Miles</name>
    <desc>Begin 449 Foot Elevation Gain Next 2.3 Miles</desc>
    <sym>Flag</sym>
  </wpt>
  <wpt lat="42.937944" lon="-91.177483">
    <name>Hill - Begin Climb: Begin 476 Foot Elevation Gain Next 2.2 Miles</name>
    <desc>Begin 476 Foot Elevation Gain Next 2.2 Miles</desc>
    <sym>Flag</sym>
  </wpt>
  <wpt lat="42.705754" lon="-91.094025">
    <name>Hill - Begin Climb: Begin 454 Foot Elevation Gain Next 1.9 Miles</name>
    <desc>Begin 454 Foot Elevation Gain Next 1.9 Miles</desc>
    <sym>Flag</sym>
  </wpt>
  <wpt lat="42.639546" lon="-90.945129">
    <name>Hill - Begin Climb: Begin 325 Foot Elevation Gain Next 1.2 Miles</name>
    <desc>Begin 325 Foot Elevation Gain Next 1.2 Miles</desc>
    <sym>Flag</sym>
  </wpt>
  <wpt lat="42.697208" lon="-90.827849">
    <name>Hill - Begin Climb: Begin 289 Foot Elevation Gain Next 1.1 Miles</name>
    <desc>Begin 289 Foot Elevation Gain Next 1.1 Miles</desc>
    <sym>Flag</sym>
  </wpt>
  <wpt lat="42.630742" lon="-90.624366">
    <name>Hill - Begin Climb: Begin 227 Foot Elevation Gain Next 1.3 Miles</name>
    <desc>Begin 227 Foot Elevation Gain Next 1.3 Miles</desc>
    <sym>Flag</sym>
  </wpt>
  <wpt lat="42.622269" lon="-90.622269">
    <name>Hill - Begin Climb: Begin 226 Foot Elevation Gain Next 0.7 Miles</name>
    <desc>Begin 226 Foot Elevation Gain Next 0.7 Miles</desc>
    <sym>Flag</sym>
  </wpt>
  <wpt lat="42.484455" lon="-90.664964">
    <name>Hill - Begin Climb: Begin 210 Foot Elevation Gain Next 0.8 Miles</name>
    <desc>Begin 210 Foot Elevation Gain Next 0.8 Miles</desc>
    <sym>Flag</sym>
  </wpt>
  <wpt lat="42.430550" lon="-90.593712">
    <name>Hill - Begin Climb: Begin 210 Foot Elevation Gain Next 1.1 Miles</name>
    <desc>Begin 210 Foot Elevation Gain Next 1.1 Miles</desc>
    <sym>Flag</sym>
  </wpt>
  <wpt lat="42.351059" lon="-90.520930">
    <name>Hill - Begin Climb: Begin 353 Foot Elevation Gain Next 2.0 Miles</name>
    <desc>Begin 353 Foot Elevation Gain Next 2.0 Miles</desc>
    <sym>Flag</sym>
  </wpt>
  <wpt lat="42.161426" lon="-90.325496">
    <name>Hill - Begin Climb: Begin 215 Foot Elevation Gain Next 1.3 Miles</name>
    <desc>Begin 215 Foot Elevation Gain Next 1.3 Miles</desc>
    <sym>Flag</sym>
  </wpt>
  <wpt lat="42.131216" lon="-90.282190">
    <name>Hill - Begin Climb: Begin 195 Foot Elevation Gain Next 0.8 Miles</name>
    <desc>Begin 195 Foot Elevation Gain Next 0.8 Miles</desc>
    <sym>Flag</sym>
  </wpt>
  <wpt lat="39.702380" lon="-91.373329">
    <name>Hill - Begin Climb: Begin 158 Foot Elevation Gain Next 0.8 Miles</name>
    <desc>Begin 158 Foot Elevation Gain Next 0.8 Miles</desc>
    <sym>Flag</sym>
  </wpt>
  <wpt lat="39.548368" lon="-91.354309">
    <name>Hill - Begin Climb: Begin 174 Foot Elevation Gain Next 0.8 Miles</name>
    <desc>Begin 174 Foot Elevation Gain Next 0.8 Miles</desc>
    <sym>Flag</sym>
  </wpt>
  <wpt lat="39.638816" lon="-91.274309">
    <name>Hill - Begin Climb: Begin 199 Foot Elevation Gain Next 1.1 Miles</name>
    <desc>Begin 199 Foot Elevation Gain Next 1.1 Miles</desc>
    <sym>Flag</sym>
  </wpt>
  <wpt lat="39.571409" lon="-91.245553">
    <name>Hill - Begin Climb: Begin 320 Foot Elevation Gain Next 1.1 Miles</name>
    <desc>Begin 320 Foot Elevation Gain Next 1.1 Miles</desc>
    <sym>Flag</sym>
  </wpt>
  <wpt lat="39.576889" lon="-91.198779">
    <name>Hill - Begin Climb: Begin 294 Foot Elevation Gain Next 0.9 Miles</name>
    <desc>Begin 294 Foot Elevation Gain Next 0.9 Miles</desc>
    <sym>Flag</sym>
  </wpt>
  <wpt lat="39.482287" lon="-91.155419">
    <name>Hill - Begin Climb: Begin 160 Foot Elevation Gain Next 0.7 Miles</name>
    <desc>Begin 160 Foot Elevation Gain Next 0.7 Miles</desc>
    <sym>Flag</sym>
  </wpt>
  <wpt lat="39.467826" lon="-91.086367">
    <name>Hill - Begin Climb: Begin 245 Foot Elevation Gain Next 0.7 Miles</name>
    <desc>Begin 245 Foot Elevation Gain Next 0.7 Miles</desc>
    <sym>Flag</sym>
  </wpt>
  <wpt lat="37.860243" lon="-89.938007">
    <name>Hill - Begin Climb: Begin 178 Foot Elevation Gain Next 1.0 Miles</name>
    <desc>Begin 178 Foot Elevation Gain Next 1.0 Miles</desc>
    <sym>Flag</sym>
  </wpt>
  <!-- === Hill - End Climb ===-->
  <wpt lat="29.267967" lon="-89.355452">
    <name>Hill - End Climb: End 318 Foot Elevation Gain</name>
    <desc>End 318 Foot Elevation Gain</desc>
    <sym>Flag</sym>
  </wpt>
  <wpt lat="44.608225" lon="-92.398562">
    <name>Hill - End Climb: End 449 Foot Elevation Gain</name>
    <desc>End 449 Foot Elevation Gain</desc>
    <sym>Flag</sym>
  </wpt>
  <wpt lat="42.480870" lon="-91.173099">
    <name>Hill - End Climb: End 476 Foot Elevation Gain</name>
    <desc>End 476 Foot Elevation Gain</desc>
    <sym>Flag</sym>
  </wpt>
  <wpt lat="42.705754" lon="-91.094025">
    <name>Hill - End Climb: End 454 Foot Elevation Gain</name>
    <desc>End 454 Foot Elevation Gain</desc>
    <sym>Flag</sym>
  </wpt>
  <wpt lat="42.639546" lon="-90.945129">
    <name>Hill - End Climb: End 325 Foot Elevation Gain</name>
    <desc>End 325 Foot Elevation Gain</desc>
    <sym>Flag</sym>
  </wpt>
  <wpt lat="42.697208" lon="-90.827849">
    <name>Hill - End Climb: End 289 Foot Elevation Gain</name>
    <desc>End 289 Foot Elevation Gain</desc>
    <sym>Flag</sym>
  </wpt>
  <wpt lat="42.630742" lon="-90.624366">
    <name>Hill - End Climb: End 227 Foot Elevation Gain</name>
    <desc>End 227 Foot Elevation Gain</desc>
    <sym>Flag</sym>
  </wpt>
  <wpt lat="42.543195" lon="-90.605839">
    <name>Hill - End Climb: End 226 Foot Elevation Gain</name>
    <desc>End 226 Foot Elevation Gain</desc>
    <sym>Flag</sym>
  </wpt>
  <wpt lat="42.480022" lon="-90.601190">
    <name>Hill - End Climb: End 210 Foot Elevation Gain</name>
    <desc>End 210 Foot Elevation Gain</desc>
    <sym>Flag</sym>
  </wpt>
  <wpt lat="42.450802" lon="-90.631142">
    <name>Hill - End Climb: End 210 Foot Elevation Gain</name>
    <desc>End 210 Foot Elevation Gain</desc>
    <sym>Flag</sym>
  </wpt>
  <wpt lat="42.335105" lon="-90.511297">
    <name>Hill - End Climb: End 353 Foot Elevation Gain</name>
    <desc>End 353 Foot Elevation Gain</desc>
    <sym>Flag</sym>
  </wpt>
  <wpt lat="42.144130" lon="-90.623194">
    <name>Hill - End Climb: End 215 Foot Elevation Gain</name>
    <desc>End 215 Foot Elevation Gain</desc>
    <sym>Flag</sym>
  </wpt>
  <wpt lat="42.131216" lon="-90.282190">
    <name>Hill - End Climb: End 195 Foot Elevation Gain</name>
    <desc>End 195 Foot Elevation Gain</desc>
    <sym>Flag</sym>
  </wpt>
  <wpt lat="39.719766" lon="-91.373329">
    <name>Hill - End Climb: End 158 Foot Elevation Gain</name>
    <desc>End 158 Foot Elevation Gain</desc>
    <sym>Flag</sym>
  </wpt>
  <wpt lat="39.648376" lon="-91.311401">
    <name>Hill - End Climb: End 174 Foot Elevation Gain</name>
    <desc>End 174 Foot Elevation Gain</desc>
    <sym>Flag</sym>
  </wpt>
  <wpt lat="39.627429" lon="-91.263077">
    <name>Hill - End Climb: End 199 Foot Elevation Gain</name>
    <desc>End 199 Foot Elevation Gain</desc>
    <sym>Flag</sym>
  </wpt>
  <wpt lat="39.600809" lon="-91.231519">
    <name>Hill - End Climb: End 320 Foot Elevation Gain</name>
    <desc>End 320 Foot Elevation Gain</desc>
    <sym>Flag</sym>
  </wpt>
  <wpt lat="39.567019" lon="-91.190243">
    <name>Hill - End Climb: End 294 Foot Elevation Gain</name>
    <desc>End 294 Foot Elevation Gain</desc>
    <sym>Flag</sym>
  </wpt>
  <wpt lat="39.472269" lon="-91.155006">
    <name>Hill - End Climb: End 160 Foot Elevation Gain</name>
    <desc>End 160 Foot Elevation Gain</desc>
    <sym>Flag</sym>
  </wpt>
  <wpt lat="39.463325" lon="-89.922044">
    <name>Hill - End Climb: End 245 Foot Elevation Gain</name>
    <desc>End 245 Foot Elevation Gain</desc>
    <sym>Flag</sym>
  </wpt>
  <wpt lat="37.857363" lon="-89.922044">
    <name>Hill - End Climb: End 178 Foot Elevation Gain</name>
    <desc>End 178 Foot Elevation Gain</desc>
    <sym>Flag</sym>
  </wpt>
  <!-- === Hill - Begin Descent ===-->
<!-- === Hill - Crest of Hill === -->
<wpt lat="29.267967" lon="-89.355452">
  <name>Crest of Hill</name>
  <cmt>Crest of Hill</cmt>
  <desc>End LA SR 23 – Steep final descent into Venice area. Caution: narrow levee road, sharp turns possible.</desc>
  <sym>Flag</sym>
  <type>Hill - Crest of Hill</type>
</wpt>
<wpt lat="44.992561" lon="-93.274588">
  <name>Crest of Hill</name>
  <cmt>Crest of Hill</cmt>
  <desc>318 Foot Elevation Loss – Steep initial drop after summit. Watch for traffic and curves.</desc>
  <sym>Flag</sym>
  <type>Hill - Crest of Hill</type>
</wpt>
<wpt lat="44.902443" lon="-93.133554">
  <name>Crest of Hill</name>
  <cmt>Crest of Hill</cmt>
  <desc>318 Foot Elevation Loss – Long gradual-to-steep descent. Potential narrow shoulders.</desc>
  <sym>Flag</sym>
  <type>Hill - Crest of Hill</type>
</wpt>
<wpt lat="44.748696" lon="-92.801775">
  <name>Crest of Hill</name>
  <cmt>Crest of Hill</cmt>
  <desc>449 Foot Elevation Loss – Significant drop with possible sharp curves and river proximity.</desc>
  <sym>Flag</sym>
  <type>Hill - Crest of Hill</type>
</wpt>
<wpt lat="44.661143" lon="-92.636436">
  <name>Crest of Hill</name>
  <cmt>Crest of Hill</cmt>
  <desc>476 Foot Elevation Loss – Steep and sustained. Extra caution required on descent.</desc>
  <sym>Flag</sym>
  <type>Hill - Crest of Hill</type>
</wpt>
<wpt lat="44.648518" lon="-92.623816">
  <name>Crest of Hill</name>
  <cmt>Crest of Hill</cmt>
  <desc>454 Foot Elevation Loss – Long descent with potential narrow roadway.</desc>
  <sym>Flag</sym>
  <type>Hill - Crest of Hill</type>
</wpt>
<wpt lat="44.603130" lon="-92.562892">
  <name>Crest of Hill</name>
  <cmt>Crest of Hill</cmt>
  <desc>321 Foot Elevation Loss – Moderate but sustained drop. Watch for turns.</desc>
  <sym>Flag</sym>
  <type>Hill - Crest of Hill</type>
</wpt>
<wpt lat="44.601440" lon="-92.538200">
  <name>Crest of Hill</name>
  <cmt>Crest of Hill</cmt>
  <desc>351 Foot Elevation Loss – Steep section after summit. Caution advised.</desc>
  <sym>Flag</sym>
  <type>Hill - Crest of Hill</type>
</wpt>
<wpt lat="44.601315" lon="-92.527930">
  <name>Crest of Hill</name>
  <cmt>Crest of Hill</cmt>
  <desc>285 Foot Elevation Loss – Gradual but long descent. Possible narrow road.</desc>
  <sym>Flag</sym>
  <type>Hill - Crest of Hill</type>
</wpt>
<wpt lat="44.584395" lon="-92.450600">
  <name>Crest of Hill</name>
  <cmt>Crest of Hill</cmt>
  <desc>289 Foot Elevation Loss – Steep drop with river proximity risk.</desc>
  <sym>Flag</sym>
  <type>Hill - Crest of Hill</type>
</wpt>
<wpt lat="44.584389" lon="-92.450599">
  <name>Crest of Hill</name>
  <cmt>Crest of Hill</cmt>
  <desc>227 Foot Elevation Loss – Short but steep. Extra control needed.</desc>
  <sym>Flag</sym>
  <type>Hill - Crest of Hill</type>
</wpt>
<wpt lat="44.588055" lon="-92.395800">
  <name>Crest of Hill</name>
  <cmt>Crest of Hill</cmt>
  <desc>226 Foot Elevation Loss – Sustained downgrade. Watch for curves.</desc>
  <sym>Flag</sym>
  <type>Hill - Crest of Hill</type>
</wpt>
<wpt lat="44.560645" lon="-92.309734">
  <name>Crest of Hill</name>
  <cmt>Crest of Hill</cmt>
  <desc>210 Foot Elevation Loss – Moderate descent, possible narrow sections.</desc>
  <sym>Flag</sym>
  <type>Hill - Crest of Hill</type>
</wpt>
<wpt lat="44.482986" lon="-92.262162">
  <name>Crest of Hill</name>
  <cmt>Crest of Hill</cmt>
  <desc>223 Foot Elevation Loss – Steep initial drop. Caution on descent.</desc>
  <sym>Flag</sym>
  <type>Hill - Crest of Hill</type>
</wpt>
<wpt lat="44.438990" lon="-92.148517">
  <name>Crest of Hill</name>
  <cmt>Crest of Hill</cmt>
  <desc>500 Foot Elevation Loss – One of the longest/steepest descents. High caution required.</desc>
  <sym>Flag</sym>
  <type>Hill - Crest of Hill</type>
</wpt>
<wpt lat="44.420775" lon="-92.008870">
  <name>Crest of Hill</name>
  <cmt>Crest of Hill</cmt>
  <desc>353 Foot Elevation Loss – Long sustained drop. Watch for sharp turns.</desc>
  <sym>Flag</sym>
  <type>Hill - Crest of Hill</type>
</wpt>
<wpt lat="44.319837" lon="-91.914744">
  <name>Crest of Hill</name>
  <cmt>Crest of Hill</cmt>
  <desc>215 Foot Elevation Loss – Steep section with potential narrow road.</desc>
  <sym>Flag</sym>
  <type>Hill - Crest of Hill</type>
</wpt>
<wpt lat="44.230548" lon="-91.864539">
  <name>Crest of Hill</name>
  <cmt>Crest of Hill</cmt>
  <desc>158 Foot Elevation Loss – Short but steep drop. Extra care needed.</desc>
  <sym>Flag</sym>
  <type>Hill - Crest of Hill</type>
</wpt>
<wpt lat="43.783282" lon="-91.229367">
  <name>Crest of Hill</name>
  <cmt>Crest of Hill</cmt>
  <desc>174 Foot Elevation Loss – Moderate descent with river proximity.</desc>
  <sym>Flag</sym>
  <type>Hill - Crest of Hill</type>
</wpt>
<wpt lat="43.761220" lon="-91.206939">
  <name>Crest of Hill</name>
  <cmt>Crest of Hill</cmt>
  <desc>199 Foot Elevation Loss – Steep final approach to river area. Caution advised.</desc>
  <sym>Flag</sym>
  <type>Hill - Crest of Hill</type>
</wpt>
  <!-- === Hill - End Descent ===-->
<!-- === Hill - Bottom of Hill === -->
<wpt lat="29.305102" lon="-89.379748">
  <name>Bottom of Hill</name>
  <cmt>Bottom of Hill</cmt>
  <desc>Bottom of final descent into Venice. Caution: narrow road and possible sharp turn.</desc>
  <sym>Flag</sym>
  <type>Hill - Bottom of Hill</type>
</wpt>
<wpt lat="44.992561" lon="-93.274588">
  <name>Bottom of Hill</name>
  <cmt>Bottom of Hill</cmt>
  <desc>Bottom of steep descent. Caution advised.</desc>
  <sym>Flag</sym>
  <type>Hill - Bottom of Hill</type>
</wpt>
<wpt lat="44.902443" lon="-93.133554">
  <name>Bottom of Hill</name>
  <cmt>Bottom of Hill</cmt>
  <desc>Bottom of long descent. Watch for traffic.</desc>
  <sym>Flag</sym>
  <type>Hill - Bottom of Hill</type>
</wpt>
<wpt lat="44.748696" lon="-92.801775">
  <name>Bottom of Hill</name>
  <cmt>Bottom of Hill</cmt>
  <desc>Bottom of significant drop. Caution: possible sharp curves.</desc>
  <sym>Flag</sym>
  <type>Hill - Bottom of Hill</type>
</wpt>
<wpt lat="44.661143" lon="-92.636436">
  <name>Bottom of Hill</name>
  <cmt>Bottom of Hill</cmt>
  <desc>Bottom of steep and sustained descent. Extra caution required.</desc>
  <sym>Flag</sym>
  <type>Hill - Bottom of Hill</type>
</wpt>
<wpt lat="44.648518" lon="-92.623816">
  <name>Bottom of Hill</name>
  <cmt>Bottom of Hill</cmt>
  <desc>Bottom of long descent. Potential narrow roadway.</desc>
  <sym>Flag</sym>
  <type>Hill - Bottom of Hill</type>
</wpt>
<wpt lat="44.603130" lon="-92.562892">
  <name>Bottom of Hill</name>
  <cmt>Bottom of Hill</cmt>
  <desc>Bottom of moderate but sustained drop. Watch for turns.</desc>
  <sym>Flag</sym>
  <type>Hill - Bottom of Hill</type>
</wpt>
<wpt lat="44.601440" lon="-92.538200">
  <name>Bottom of Hill</name>
  <cmt>Bottom of Hill</cmt>
  <desc>Bottom of steep section. Caution advised.</desc>
  <sym>Flag</sym>
  <type>Hill - Bottom of Hill</type>
</wpt>
<wpt lat="44.601315" lon="-92.527930">
  <name>Bottom of Hill</name>
  <cmt>Bottom of Hill</cmt>
  <desc>Bottom of gradual but long descent. Possible narrow road.</desc>
  <sym>Flag</sym>
  <type>Hill - Bottom of Hill</type>
</wpt>
<wpt lat="44.584395" lon="-92.450600">
  <name>Bottom of Hill</name>
  <cmt>Bottom of Hill</cmt>
  <desc>Bottom of steep drop with river proximity risk.</desc>
  <sym>Flag</sym>
  <type>Hill - Bottom of Hill</type>
</wpt>
<wpt lat="44.584389" lon="-92.450599">
  <name>Bottom of Hill</name>
  <cmt>Bottom of Hill</cmt>
  <desc>Bottom of short but steep descent. Extra control needed.</desc>
  <sym>Flag</sym>
  <type>Hill - Bottom of Hill</type>
</wpt>
<wpt lat="44.588055" lon="-92.395800">
  <name>Bottom of Hill</name>
  <cmt>Bottom of Hill</cmt>
  <desc>Bottom of sustained downgrade. Watch for curves.</desc>
  <sym>Flag</sym>
  <type>Hill - Bottom of Hill</type>
</wpt>
<wpt lat="44.560645" lon="-92.309734">
  <name>Bottom of Hill</name>
  <cmt>Bottom of Hill</cmt>
  <desc>Bottom of moderate descent, possible narrow sections.</desc>
  <sym>Flag</sym>
  <type>Hill - Bottom of Hill</type>
</wpt>
<wpt lat="44.482986" lon="-92.262162">
  <name>Bottom of Hill</name>
  <cmt>Bottom of Hill</cmt>
  <desc>Bottom of steep initial drop. Caution on descent.</desc>
  <sym>Flag</sym>
  <type>Hill - Bottom of Hill</type>
</wpt>
<wpt lat="44.438990" lon="-92.148517">
  <name>Bottom of Hill</name>
  <cmt>Bottom of Hill</cmt>
  <desc>Bottom of one of the longest/steepest descents. High caution required.</desc>
  <sym>Flag</sym>
  <type>Hill - Bottom of Hill</type>
</wpt>
<wpt lat="44.420775" lon="-92.008870">
  <name>Bottom of Hill</name>
  <cmt>Bottom of Hill</cmt>
  <desc>Bottom of long sustained drop. Watch for sharp turns.</desc>
  <sym>Flag</sym>
  <type>Hill - Bottom of Hill</type>
</wpt>
<wpt lat="44.319837" lon="-91.914744">
  <name>Bottom of Hill</name>
  <cmt>Bottom of Hill</cmt>
  <desc>Bottom of steep section with potential narrow road.</desc>
  <sym>Flag</sym>
  <type>Hill - Bottom of Hill</type>
</wpt>
<wpt lat="44.230548" lon="-91.864539">
  <name>Bottom of Hill</name>
  <cmt>Bottom of Hill</cmt>
  <desc>Bottom of short but steep drop. Extra care needed.</desc>
  <sym>Flag</sym>
  <type>Hill - Bottom of Hill</type>
</wpt>
<wpt lat="43.783282" lon="-91.229367">
  <name>Bottom of Hill</name>
  <cmt>Bottom of Hill</cmt>
  <desc>Bottom of moderate descent with river proximity.</desc>
  <sym>Flag</sym>
  <type>Hill - Bottom of Hill</type>
</wpt>
<wpt lat="43.761220" lon="-91.206939">
  <name>Bottom of Hill</name>
  <cmt>Bottom of Hill</cmt>
  <desc>Bottom of steep final approach to river area. Caution advised.</desc>
  <sym>Flag</sym>
  <type>Hill - Bottom of Hill</type>
</wpt>
  <!-- === Mississippi River Crossing - Bridge === -->
<wpt lat="47.240130" lon="-95.209776">
  <name>Mississippi River Crossing 01</name>
  <cmt>Mississippi River Crossing 01</cmt>
  <desc>Near Itasca State Park</desc>
  <sym>Bridge</sym>
  <type>Mississippi River Crossing - Bridge</type>
</wpt>
<wpt lat="47.243276" lon="-95.210882">
  <name>Mississippi River Crossing 02</name>
  <cmt>Mississippi River Crossing 02</cmt>
  <desc>Near Park Rapids</desc>
  <sym>Bridge</sym>
  <type>Mississippi River Crossing - Bridge</type>
</wpt>
<wpt lat="47.326129" lon="-95.224555">
  <name>Mississippi River Crossing 03</name>
  <cmt>Mississippi River Crossing 03</cmt>
  <desc>Near Bemidji</desc>
  <sym>Bridge</sym>
  <type>Mississippi River Crossing - Bridge</type>
</wpt>
<wpt lat="47.340080" lon="-95.209755">
  <name>Mississippi River Crossing 04</name>
  <cmt>Mississippi River Crossing 04</cmt>
  <desc>Near Cass Lake</desc>
  <sym>Bridge</sym>
  <type>Mississippi River Crossing - Bridge</type>
</wpt>
<wpt lat="47.435340" lon="-94.998583">
  <name>Mississippi River Crossing 05</name>
  <cmt>Mississippi River Crossing 05</cmt>
  <desc>Near Grand Rapids</desc>
  <sym>Bridge</sym>
  <type>Mississippi River Crossing - Bridge</type>
</wpt>
<wpt lat="47.453000" lon="-94.949000">
  <name>Mississippi River Crossing 06</name>
  <cmt>Mississippi River Crossing 06</cmt>
  <desc>Near Aitkin</desc>
  <sym>Bridge</sym>
  <type>Mississippi River Crossing - Bridge</type>
</wpt>
<wpt lat="47.466925" lon="-94.878341">
  <name>Mississippi River Crossing 07</name>
  <cmt>Mississippi River Crossing 07</cmt>
  <desc>Near Brainerd</desc>
  <sym>Bridge</sym>
  <type>Mississippi River Crossing - Bridge</type>
</wpt>
<wpt lat="47.491755" lon="-94.834431">
  <name>Mississippi River Crossing 08</name>
  <cmt>Mississippi River Crossing 08</cmt>
  <desc>Near Little Falls</desc>
  <sym>Bridge</sym>
  <type>Mississippi River Crossing - Bridge</type>
</wpt>
<wpt lat="47.491596" lon="-94.832250">
  <name>Mississippi River Crossing 09</name>
  <cmt>Mississippi River Crossing 09</cmt>
  <desc>Near Little Falls</desc>
  <sym>Bridge</sym>
  <type>Mississippi River Crossing - Bridge</type>
</wpt>
<wpt lat="47.482849" lon="-94.727658">
  <name>Mississippi River Crossing 10</name>
  <cmt>Mississippi River Crossing 10</cmt>
  <desc>Near St. Cloud</desc>
  <sym>Bridge</sym>
  <type>Mississippi River Crossing - Bridge</type>
</wpt>
<wpt lat="47.438045" lon="-94.671971">
  <name>Mississippi River Crossing 11</name>
  <cmt>Mississippi River Crossing 11</cmt>
  <desc>Near St. Cloud</desc>
  <sym>Bridge</sym>
  <type>Mississippi River Crossing - Bridge</type>
</wpt>
<wpt lat="47.429560" lon="-94.051221">
  <name>Mississippi River Crossing 12</name>
  <cmt>Mississippi River Crossing 12</cmt>
  <desc>Near Minneapolis</desc>
  <sym>Bridge</sym>
  <type>Mississippi River Crossing - Bridge</type>
</wpt>
<wpt lat="47.228898" lon="-93.757909">
  <name>Mississippi River Crossing 13</name>
  <cmt>Mississippi River Crossing 13</cmt>
  <desc>Near Minneapolis</desc>
  <sym>Bridge</sym>
  <type>Mississippi River Crossing - Bridge</type>
</wpt>
<wpt lat="47.232197" lon="-93.528404">
  <name>Mississippi River Crossing 14</name>
  <cmt>Mississippi River Crossing 14</cmt>
  <desc>Near Minneapolis</desc>
  <sym>Bridge</sym>
  <type>Mississippi River Crossing - Bridge</type>
</wpt>
<wpt lat="47.228955" lon="-93.511925">
  <name>Mississippi River Crossing 15</name>
  <cmt>Mississippi River Crossing 15</cmt>
  <desc>Near Minneapolis</desc>
  <sym>Bridge</sym>
  <type>Mississippi River Crossing - Bridge</type>
</wpt>
<wpt lat="46.709251" lon="-93.484214">
  <name>Mississippi River Crossing 16</name>
  <cmt>Mississippi River Crossing 16</cmt>
  <desc>Near Aitkin</desc>
  <sym>Bridge</sym>
  <type>Mississippi River Crossing - Bridge</type>
</wpt>
<wpt lat="46.709272" lon="-93.484198">
  <name>Mississippi River Crossing 17</name>
  <cmt>Mississippi River Crossing 17</cmt>
  <desc>Near Aitkin</desc>
  <sym>Bridge</sym>
  <type>Mississippi River Crossing - Bridge</type>
</wpt>
<wpt lat="46.540422" lon="-93.707593">
  <name>Mississippi River Crossing 18</name>
  <cmt>Mississippi River Crossing 18</cmt>
  <desc>Near Aitkin</desc>
  <sym>Bridge</sym>
  <type>Mississippi River Crossing - Bridge</type>
</wpt>
<wpt lat="46.540419" lon="-93.707574">
  <name>Mississippi River Crossing 19</name>
  <cmt>Mississippi River Crossing 19</cmt>
  <desc>Near Aitkin</desc>
  <sym>Bridge</sym>
  <type>Mississippi River Crossing - Bridge</type>
</wpt>
<wpt lat="46.355602" lon="-94.210304">
  <name>Mississippi River Crossing 20</name>
  <cmt>Mississippi River Crossing 20</cmt>
  <desc>Near Little Falls</desc>
  <sym>Bridge</sym>
  <type>Mississippi River Crossing - Bridge</type>
</wpt>
<wpt lat="46.348528" lon="-94.207688">
  <name>Mississippi River Crossing 21</name>
  <cmt>Mississippi River Crossing 21</cmt>
  <desc>Near Little Falls</desc>
  <sym>Bridge</sym>
  <type>Mississippi River Crossing - Bridge</type>
</wpt>
<wpt lat="46.313194" lon="-94.267400">
  <name>Mississippi River Crossing 22</name>
  <cmt>Mississippi River Crossing 22</cmt>
  <desc>Near Little Falls</desc>
  <sym>Bridge</sym>
  <type>Mississippi River Crossing - Bridge</type>
</wpt>
<wpt lat="46.074396" lon="-94.334879">
  <name>Mississippi River Crossing 23</name>
  <cmt>Mississippi River Crossing 23</cmt>
  <desc>Near Little Falls</desc>
  <sym>Bridge</sym>
  <type>Mississippi River Crossing - Bridge</type>
</wpt>
<wpt lat="45.977149" lon="-94.368229">
  <name>Mississippi River Crossing 24</name>
  <cmt>Mississippi River Crossing 24</cmt>
  <desc>Near Little Falls</desc>
  <sym>Bridge</sym>
  <type>Mississippi River Crossing - Bridge</type>
</wpt>
<wpt lat="45.977143" lon="-94.368228">
  <name>Mississippi River Crossing 25</name>
  <cmt>Mississippi River Crossing 25</cmt>
  <desc>Near Little Falls</desc>
  <sym>Bridge</sym>
  <type>Mississippi River Crossing - Bridge</type>
</wpt>
<wpt lat="45.860385" lon="-94.359326">
  <name>Mississippi River Crossing 26</name>
  <cmt>Mississippi River Crossing 26</cmt>
  <desc>Near Little Falls</desc>
  <sym>Bridge</sym>
  <type>Mississippi River Crossing - Bridge</type>
</wpt>
<wpt lat="45.825621" lon="-94.356534">
  <name>Mississippi River Crossing 27</name>
  <cmt>Mississippi River Crossing 27</cmt>
  <desc>Near Little Falls</desc>
  <sym>Bridge</sym>
  <type>Mississippi River Crossing - Bridge</type>
</wpt>
<wpt lat="45.747860" lon="-94.261744">
  <name>Mississippi River Crossing 28</name>
  <cmt>Mississippi River Crossing 28</cmt>
  <desc>Near Little Falls</desc>
  <sym>Bridge</sym>
  <type>Mississippi River Crossing - Bridge</type>
</wpt>
<wpt lat="45.616075" lon="-94.201383">
  <name>Mississippi River Crossing 29</name>
  <cmt>Mississippi River Crossing 29</cmt>
  <desc>Near Little Falls</desc>
  <sym>Bridge</sym>
  <type>Mississippi River Crossing - Bridge</type>
</wpt>
<wpt lat="45.548942" lon="-94.147246">
  <name>Mississippi River Crossing 30</name>
  <cmt>Mississippi River Crossing 30</cmt>
  <desc>Near Little Falls</desc>
  <sym>Bridge</sym>
  <type>Mississippi River Crossing - Bridge</type>
</wpt>
<wpt lat="45.417462" lon="-94.043447">
  <name>Mississippi River Crossing 31</name>
  <cmt>Mississippi River Crossing 31</cmt>
  <desc>Near Little Falls</desc>
  <sym>Bridge</sym>
  <type>Mississippi River Crossing - Bridge</type>
</wpt>
<wpt lat="45.069595" lon="-93.281444">
  <name>Mississippi River Crossing 32</name>
  <cmt>Mississippi River Crossing 32</cmt>
  <desc>Near Minneapolis</desc>
  <sym>Bridge</sym>
  <type>Mississippi River Crossing - Bridge</type>
</wpt>
<wpt lat="45.013209" lon="-93.274569">
  <name>Mississippi River Crossing 33</name>
  <cmt>Mississippi River Crossing 33</cmt>
  <desc>Near Minneapolis</desc>
  <sym>Bridge</sym>
  <type>Mississippi River Crossing - Bridge</type>
</wpt>
<wpt lat="44.980753" lon="-93.253487">
  <name>Mississippi River Crossing 34</name>
  <cmt>Mississippi River Crossing 34</cmt>
  <desc>Near Minneapolis</desc>
  <sym>Bridge</sym>
  <type>Mississippi River Crossing - Bridge</type>
</wpt>
<wpt lat="44.977672" lon="-93.241204">
  <name>Mississippi River Crossing 35</name>
  <cmt>Mississippi River Crossing 35</cmt>
  <desc>Near Minneapolis</desc>
  <sym>Bridge</sym>
  <type>Mississippi River Crossing - Bridge</type>
</wpt>
<wpt lat="44.963702" lon="-93.222826">
  <name>Mississippi River Crossing 36</name>
  <cmt>Mississippi River Crossing 36</cmt>
  <desc>Near Minneapolis</desc>
  <sym>Bridge</sym>
  <type>Mississippi River Crossing - Bridge</type>
</wpt>
<wpt lat="44.904494" lon="-93.138832">
  <name>Mississippi River Crossing 37</name>
  <cmt>Mississippi River Crossing 37</cmt>
  <desc>Near Minneapolis</desc>
  <sym>Bridge</sym>
  <type>Mississippi River Crossing - Bridge</type>
</wpt>
<wpt lat="44.942166" lon="-93.091013">
  <name>Mississippi River Crossing 38</name>
  <cmt>Mississippi River Crossing 38</cmt>
  <desc>Near Minneapolis</desc>
  <sym>Bridge</sym>
  <type>Mississippi River Crossing - Bridge</type>
</wpt>
<wpt lat="44.943854" lon="-93.087372">
  <name>Mississippi River Crossing 39</name>
  <cmt>Mississippi River Crossing 39</cmt>
  <desc>Near Minneapolis</desc>
  <sym>Bridge</sym>
  <type>Mississippi River Crossing - Bridge</type>
</wpt>
<wpt lat="44.883247" lon="-93.016105">
  <name>Mississippi River Crossing 40</name>
  <cmt>Mississippi River Crossing 40</cmt>
  <desc>Near Minneapolis</desc>
  <sym>Bridge</sym>
  <type>Mississippi River Crossing - Bridge</type>
</wpt>
<wpt lat="44.062830" lon="-91.637075">
  <name>Mississippi River Crossing 41</name>
  <cmt>Mississippi River Crossing 41</cmt>
  <desc>Near Hastings</desc>
  <sym>Bridge</sym>
  <type>Mississippi River Crossing - Bridge</type>
</wpt>
<wpt lat="43.809037" lon="-91.259689">
  <name>Mississippi River Crossing 42</name>
  <cmt>Mississippi River Crossing 42</cmt>
  <desc>Near Winona</desc>
  <sym>Bridge</sym>
  <type>Mississippi River Crossing - Bridge</type>
</wpt>
<wpt lat="43.046893" lon="-91.158712">
  <name>Mississippi River Crossing 43</name>
  <cmt>Mississippi River Crossing 43</cmt>
  <desc>Near La Crosse</desc>
  <sym>Bridge</sym>
  <type>Mississippi River Crossing - Bridge</type>
</wpt>
<wpt lat="42.715782" lon="-91.001987">
  <name>Mississippi River Crossing 44</name>
  <cmt>Mississippi River Crossing 44</cmt>
  <desc>Near Prairie du Chien</desc>
  <sym>Bridge</sym>
  <type>Mississippi River Crossing - Bridge</type>
</wpt>
<wpt lat="42.491663" lon="-90.654278">
  <name>Mississippi River Crossing 45</name>
  <cmt>Mississippi River Crossing 45</cmt>
  <desc>Near Dubuque</desc>
  <sym>Bridge</sym>
  <type>Mississippi River Crossing - Bridge</type>
</wpt>
<wpt lat="42.104061" lon="-90.161156">
  <name>Mississippi River Crossing 46</name>
  <cmt>Mississippi River Crossing 46</cmt>
  <desc>Near Dubuque</desc>
  <sym>Bridge</sym>
  <type>Mississippi River Crossing - Bridge</type>
</wpt>
<wpt lat="41.864733" lon="-90.173201">
  <name>Mississippi River Crossing 47</name>
  <cmt>Mississippi River Crossing 47</cmt>
  <desc>Near Clinton</desc>
  <sym>Bridge</sym>
  <type>Mississippi River Crossing - Bridge</type>
</wpt>
<wpt lat="41.837830" lon="-90.183277">
  <name>Mississippi River Crossing 48</name>
  <cmt>Mississippi River Crossing 48</cmt>
  <desc>Near Clinton</desc>
  <sym>Bridge</sym>
  <type>Mississippi River Crossing - Bridge</type>
</wpt>
<wpt lat="41.517993" lon="-90.566242">
  <name>Mississippi River Crossing 49</name>
  <cmt>Mississippi River Crossing 49</cmt>
  <desc>Near Muscatine</desc>
  <sym>Bridge</sym>
  <type>Mississippi River Crossing - Bridge</type>
</wpt>
<wpt lat="41.421396" lon="-91.033216">
  <name>Mississippi River Crossing 50</name>
  <cmt>Mississippi River Crossing 50</cmt>
  <desc>Near Muscatine</desc>
  <sym>Bridge</sym>
  <type>Mississippi River Crossing - Bridge</type>
</wpt>
<wpt lat="40.812164" lon="-91.096691">
  <name>Mississippi River Crossing 51</name>
  <cmt>Mississippi River Crossing 51</cmt>
  <desc>Near Burlington</desc>
  <sym>Bridge</sym>
  <type>Mississippi River Crossing - Bridge</type>
</wpt>
<wpt lat="40.812082" lon="-91.096719">
  <name>Mississippi River Crossing 52</name>
  <cmt>Mississippi River Crossing 52</cmt>
  <desc>Near Burlington</desc>
  <sym>Bridge</sym>
  <type>Mississippi River Crossing - Bridge</type>
</wpt>
<wpt lat="40.390146" lon="-91.372942">
  <name>Mississippi River Crossing 53</name>
  <cmt>Mississippi River Crossing 53</cmt>
  <desc>Near Fort Madison</desc>
  <sym>Bridge</sym>
  <type>Mississippi River Crossing - Bridge</type>
</wpt>
<wpt lat="40.390079" lon="-91.373039">
  <name>Mississippi River Crossing 54</name>
  <cmt>Mississippi River Crossing 54</cmt>
  <desc>Near Fort Madison</desc>
  <sym>Bridge</sym>
  <type>Mississippi River Crossing - Bridge</type>
</wpt>
<wpt lat="39.720322" lon="-91.358243">
  <name>Mississippi River Crossing 55</name>
  <cmt>Mississippi River Crossing 55</cmt>
  <desc>Near Hannibal</desc>
  <sym>Bridge</sym>
  <type>Mississippi River Crossing - Bridge</type>
</wpt>
<wpt lat="39.456684" lon="-91.047340">
  <name>Mississippi River Crossing 56</name>
  <cmt>Mississippi River Crossing 56</cmt>
  <desc>Near Hannibal</desc>
  <sym>Bridge</sym>
  <type>Mississippi River Crossing - Bridge</type>
</wpt>
<wpt lat="38.760301" lon="-90.175601">
  <name>Mississippi River Crossing 57</name>
  <cmt>Mississippi River Crossing 57</cmt>
  <desc>Near St. Louis</desc>
  <sym>Bridge</sym>
  <type>Mississippi River Crossing - Bridge</type>
</wpt>
<wpt lat="38.628906" lon="-90.178759">
  <name>Mississippi River Crossing 58</name>
  <cmt>Mississippi River Crossing 58</cmt>
  <desc>Near St. Louis</desc>
  <sym>Bridge</sym>
  <type>Mississippi River Crossing - Bridge</type>
</wpt>
<wpt lat="38.006922" lon="-90.055993">
  <name>Mississippi River Crossing 59</name>
  <cmt>Mississippi River Crossing 59</cmt>
  <desc>Near Ste. Genevieve</desc>
  <sym>Bridge</sym>
  <type>Mississippi River Crossing - Bridge</type>
</wpt>
<wpt lat="37.902780" lon="-89.836674">
  <name>Mississippi River Crossing 60</name>
  <cmt>Mississippi River Crossing 60</cmt>
  <desc>Near Chester</desc>
  <sym>Bridge</sym>
  <type>Mississippi River Crossing - Bridge</type>
</wpt>
<wpt lat="37.295312" lon="-89.516279">
  <name>Mississippi River Crossing 61</name>
  <cmt>Mississippi River Crossing 61</cmt>
  <desc>Near Cape Girardeau</desc>
  <sym>Bridge</sym>
  <type>Mississippi River Crossing - Bridge</type>
</wpt>
<wpt lat="37.295201" lon="-89.516322">
  <name>Mississippi River Crossing 62</name>
  <cmt>Mississippi River Crossing 62</cmt>
  <desc>Near Cape Girardeau</desc>
  <sym>Bridge</sym>
  <type>Mississippi River Crossing - Bridge</type>
</wpt>
<wpt lat="36.978177" lon="-89.147518">
  <name>Mississippi River Crossing 63</name>
  <cmt>Mississippi River Crossing 63</cmt>
  <desc>Near Cairo</desc>
  <sym>Bridge</sym>
  <type>Mississippi River Crossing - Bridge</type>
</wpt>
<wpt lat="36.978215" lon="-89.147511">
  <name>Mississippi River Crossing 64</name>
  <cmt>Mississippi River Crossing 64</cmt>
  <desc>Near Cairo</desc>
  <sym>Bridge</sym>
  <type>Mississippi River Crossing - Bridge</type>
</wpt>
<wpt lat="36.578296" lon="-89.215350">
  <name>Mississippi River Crossing 65</name>
  <cmt>Mississippi River Crossing 65</cmt>
  <desc>Near Cairo</desc>
  <sym>Bridge</sym>
  <type>Mississippi River Crossing - Bridge</type>
</wpt>
<wpt lat="35.128649" lon="-90.075148">
  <name>Mississippi River Crossing 66</name>
  <cmt>Mississippi River Crossing 66</cmt>
  <desc>Near Memphis</desc>
  <sym>Bridge</sym>
  <type>Mississippi River Crossing - Bridge</type>
</wpt>
<wpt lat="34.496570" lon="-90.587492">
  <name>Mississippi River Crossing 67</name>
  <cmt>Mississippi River Crossing 67</cmt>
  <desc>Near West Helena</desc>
  <sym>Bridge</sym>
  <type>Mississippi River Crossing - Bridge</type>
</wpt>
<wpt lat="34.496549" lon="-90.587469">
  <name>Mississippi River Crossing 68</name>
  <cmt>Mississippi River Crossing 68</cmt>
  <desc>Near West Helena</desc>
  <sym>Bridge</sym>
  <type>Mississippi River Crossing - Bridge</type>
</wpt>
<wpt lat="33.287387" lon="-91.153860">
  <name>Mississippi River Crossing 69</name>
  <cmt>Mississippi River Crossing 69</cmt>
  <desc>Near Greenville</desc>
  <sym>Bridge</sym>
  <type>Mississippi River Crossing - Bridge</type>
</wpt>
<wpt lat="33.287272" lon="-91.153803">
  <name>Mississippi River Crossing 70</name>
  <cmt>Mississippi River Crossing 70</cmt>
  <desc>Near Greenville</desc>
  <sym>Bridge</sym>
  <type>Mississippi River Crossing - Bridge</type>
</wpt>
<wpt lat="31.559144" lon="-91.419438">
  <name>Mississippi River Crossing 71</name>
  <cmt>Mississippi River Crossing 71</cmt>
  <desc>Near Natchez</desc>
  <sym>Bridge</sym>
  <type>Mississippi River Crossing - Bridge</type>
</wpt>
<wpt lat="30.506864" lon="-91.197221">
  <name>Mississippi River Crossing 72</name>
  <cmt>Mississippi River Crossing 72</cmt>
  <desc>Near Baton Rouge</desc>
  <sym>Bridge</sym>
  <type>Mississippi River Crossing - Bridge</type>
</wpt>
<wpt lat="29.951190" lon="-90.058782">
  <name>Mississippi River Crossing 73</name>
  <cmt>Mississippi River Crossing 73</cmt>
  <desc>Near New Orleans</desc>
  <sym>Bridge</sym>
  <type>Mississippi River Crossing - Bridge</type>
</wpt>
<wpt lat="29.925247" lon="-89.972109">
  <name>Mississippi River Crossing 74</name>
  <cmt>Mississippi River Crossing 74</cmt>
  <desc>Near New Orleans</desc>
  <sym>Bridge</sym>
  <type>Mississippi River Crossing - Bridge</type>
</wpt>
<wpt lat="29.572913" lon="-89.795372">
  <name>Mississippi River Crossing 75</name>
  <cmt>Mississippi River Crossing 75</cmt>
  <desc>Near Venice</desc>
  <sym>Bridge</sym>
  <type>Mississippi River Crossing - Bridge</type>
</wpt>
    <!-- === Point of Interest ===-->
  <wpt lat="36.984045" lon="-89.14115">
    <name>Fort Defiance State Park</name>
    <desc>Fort Defiance State Park</desc>
    <sym>POI</sym>
  </wpt>
  <wpt lat="45.958893" lon="-94.388147">
    <name>Charles A Lindbergh State Park</name>
    <desc>Charles A Lindbergh State Park to Right</desc>
    <sym>POI</sym>
  </wpt>
  <wpt lat="29.352105" lon="-89.4569">
    <name>Fort Jackson Park</name>
    <desc>Fort Jackson Park to Left</desc>
    <sym>POI</sym>
  </wpt>
  <wpt lat="30.45716" lon="-91.189866">
    <name>LA State Capitol</name>
    <desc>LA State Capitol to Left</desc>
    <sym>POI</sym>
  </wpt>
  <wpt lat="37.633825" lon="-89.508266">
    <name>Tower Rock</name>
    <desc>Tower Rock across River to Right</desc>
    <sym>POI</sym>
  </wpt>
  <wpt lat="44.980827" lon="-93.258714">
    <name>Upper St Anthony Falls and Lock &amp; Dam</name>
    <desc>Upper St Anthony Falls and Upper St Anthony Falls Lock and Dam to Left</desc>
    <sym>POI</sym>
  </wpt>
  <wpt lat="44.980995" lon="-93.247276">
    <name>Lower St Anthony Falls and Lock &amp; Dam</name>
    <desc>Lower St Anthony Falls and Lower St Anthony Falls Lock and Dam to Right</desc>
    <sym>POI</sym>
  </wpt>
  <wpt lat="42.995143" lon="-91.173696">
    <name>Pikes Peak State Park and Overlook</name>
    <desc>Junction Pikes Peak Road / Access to Pikes Peak State Park and Overlook to Left</desc>
    <sym>POI</sym>
  </wpt>
  <wpt lat="41.77668" lon="-90.230272">
    <name>Albany Mounds Site</name>
    <desc>Albany Mounds Site to Right</desc>
    <sym>POI</sym>
  </wpt>
  <wpt lat="43.991355" lon="-91.447331">
    <name>Miller Valley</name>
    <desc>Miller Valley to Right</desc>
    <sym>POI</sym>
  </wpt>
  <wpt lat="43.958639" lon="-91.39894">
    <name>Queens Bluff</name>
    <desc>Queens Bluff to Right</desc>
    <sym>POI</sym>
  </wpt>
  <wpt lat="47.472667" lon="-94.879172">
    <name>Lake Bemidji</name>
    <desc>Lake Bemidji to Left</desc>
    <sym>POI</sym>
  </wpt>
  <wpt lat="47.38008" lon="-94.58785">
    <name>Cass Lake</name>
    <desc>Cass Lake to Left</desc>
    <sym>POI</sym>
  </wpt>
  <wpt lat="47.376311" lon="-94.561165">
    <name>Pike Bay</name>
    <desc>Pike Bay to Right</desc>
    <sym>POI</sym>
  </wpt>
  <wpt lat="47.431502" lon="-94.655211">
    <name>Andrusia Lake</name>
    <desc>Andrusia Lake to Left</desc>
    <sym>POI</sym>
  </wpt>
  <wpt lat="47.482903" lon="-94.732243">
    <name>Stump Lake</name>
    <desc>Stump Lake to Left</desc>
    <sym>POI</sym>
  </wpt>
  <wpt lat="47.272207" lon="-93.74243">
    <name>Little White Oak Lake</name>
    <desc>Little White Oak Lake to Right</desc>
    <sym>POI</sym>
  </wpt>
  <wpt lat="47.228898" lon="-93.757909">
    <name>Long Lake</name>
    <desc>Long Lake to Right</desc>
    <sym>POI</sym>
  </wpt>
  <wpt lat="47.228864" lon="-93.65403">
    <name>Loon Lake</name>
    <desc>Loon Lake to Left</desc>
    <sym>POI</sym>
  </wpt>
  <wpt lat="46.549018" lon="-94.065084">
    <name>Upper Mission Lake</name>
    <desc>Upper Mission Lake to Right</desc>
    <sym>POI</sym>
  </wpt>
  <wpt lat="46.457637" lon="-94.159754">
    <name>Sorensen Lake</name>
    <desc>Sorensen Lake to Left</desc>
    <sym>POI</sym>
  </wpt>
  <wpt lat="46.391843" lon="-94.177597">
    <name>Gilbert Lake</name>
   <desc>Gilbert Lake to Right</desc>
    <sym>POI</sym>
  </wpt>
  <wpt lat="44.898932" lon="-93.159844">
    <name>Upper Lake</name>
    <desc>Upper Lake to Left</desc>
    <sym>POI</sym>
  </wpt>
  <wpt lat="44.91813" lon="-93.1229">
    <name>Crosby Lake</name>
    <desc>Crosby Lake to Left</desc>
    <sym>POI</sym>
  </wpt>
  <wpt lat="44.728446" lon="-92.758474">
    <name>Pine Coulee</name>
    <desc>Pine Coulee to Left</desc>
    <sym>POI</sym>
  </wpt>
  <wpt lat="44.650438" lon="-92.62938">
    <name>Diamond Bluff</name>
    <desc>Diamond Bluff to Left</desc>
    <sym>POI</sym>
  </wpt>
  <wpt lat="44.628304" lon="-92.584356">
    <name>Skidmore Bluff</name>
    <desc>Skidmore Bluff to Left</desc>
    <sym>POI</sym>
  </wpt>
  <wpt lat="44.582383" lon="-92.451788">
    <name>Lake Pepin</name>
    <desc>Lake Pepin to Left</desc>
    <sym>POI</sym>
  </wpt>
  <wpt lat="44.511459" lon="-92.289562">
    <name>Skunk Hollow</name>
    <desc>Skunk Hollow to Left</desc>
    <sym>POI</sym>
  </wpt>
  <wpt lat="36.880106" lon="-89.070826">
    <name>Lake Washington</name>
    <desc>Lake Washington to Right</desc>
    <sym>POI</sym>
  </wpt>
  <wpt lat="33.622507" lon="-91.055581">
    <name>Lake Bolivar</name>
    <desc>Lake Bolivar to Right</desc>
    <sym>POI</sym>
  </wpt>
  <wpt lat="31.547597" lon="-91.463666">
    <name>Whitehall Lake</name>
    <desc>Whitehall Lake to Left</desc>
    <sym>POI</sym>
  </wpt>
  <wpt lat="30.686926" lon="-91.45311">
    <name>False River</name>
    <desc>False River to Right</desc>
    <sym>POI</sym>
  </wpt>
  <wpt lat="42.130943" lon="-90.304768">
    <name>Maquoketa Lakes</name>
    <desc>Maquoketa Lakes to Right</desc>
    <sym>POI</sym>
  </wpt>
  <wpt lat="42.356882" lon="-91.114677">
    <name>Lake Winneshiek</name>
    <desc>Lake Winneshiek to Right</desc>
    <sym>POI</sym>
  </wpt>
  <wpt lat="42.105242" lon="-90.193148">
    <name>Town Lake</name>
    <desc>Town Lake to Left</desc>
    <sym>POI</sym>
  </wpt>
  <wpt lat="42.083842" lon="-91.180706">
    <name>Sabula Lakes</name>
    <desc>Sabula Lakes to Right</desc>
    <sym>POI</sym>
  </wpt>
  <wpt lat="42.075841" lon="-90.137706">
    <name>Bowens Lake</name>
    <desc>Bowens Lake to Left</desc>
    <sym>POI</sym>
  </wpt>
  <wpt lat="42.082611" lon="-90.146935">
    <name>Spring Lake / Misquakee Lake</name>
    <desc>Spring Lake to Right / Misquakee Lake to Left</desc>
    <sym>POI</sym>
  </wpt>
  <wpt lat="41.93843" lon="-90.108849">
    <name>Potter Slough</name>
    <desc>Potter Slough to Right</desc>
    <sym>POI</sym>
  </wpt>
  <wpt lat="41.867153" lon="-90.168752">
    <name>Fulton Windmill</name>
    <desc>Fulton Windmill to Left</desc>
    <sym>POI</sym>
  </wpt>
  <wpt lat="37.177941" lon="-89.440689">
    <name>Horseshoe Lake</name>
    <desc>Horseshoe Lake to Left</desc>
    <sym>POI</sym>
  </wpt>
  <wpt lat="42.512914" lon="-92.290263">
    <name>Maiden Rock Memorial</name>
    <desc>Maiden Rock Memorial to Right</desc>
    <sym>POI</sym>
  </wpt>
  <wpt lat="44.325781" lon="-91.918102">
    <name>Lock and Dam No 4</name>
    <desc>Lock and Dam No 4 to Right</desc>
    <sym>POI</sym>
  </wpt>
  <wpt lat="44.089745" lon="-91.665614">
    <name>Lock and Dam No 5A</name>
    <desc>Lock and Dam No 5A to Right</desc>
    <sym>POI</sym>
  </wpt>
  <wpt lat="43.967237" lon="-91.418801">
    <name>Lock and Dam No 6</name>
    <desc>Lock and Dam No 6 to Left</desc>
    <sym>POI</sym>
  </wpt>
  <wpt lat="43.210838" lon="-91.098196">
    <name>Lock and Dam No. 9</name>
    <desc>Lock and Dam No. 9 to Right</desc>
    <sym>POI</sym>
  </wpt>
  <wpt lat="43.991355" lon="-91.447331">
    <name>Miller Valley</name>
    <desc>Miller Valley to Right</desc>
    <sym>POI</sym>
  </wpt>
  <wpt lat="43.958639" lon="-91.39894">
    <name>Queens Bluff</name>
    <desc>Queens Bluff to Right</desc>
    <sym>POI</sym>
  </wpt>
  <wpt lat="43.325843" lon="-91.058726">
    <name>Hobbs Hollow</name>
    <desc>Hobbs Hollow to Left</desc>
    <sym>POI</sym>
  </wpt>
  <wpt lat="43.245803" lon="-91.058001">
    <name>Morgan Hollow</name>
    <desc>Morgan Hollow to Left</desc>
    <sym>POI</sym>
  </wpt>
  <wpt lat="43.216436" lon="-91.089266">
    <name>Leitner Hollow</name>
    <desc>Cross Leitner Creek, Leitner Hollow to Left</desc>
    <sym>POI</sym>
  </wpt>
  <wpt lat="43.133156" lon="-91.143331">
    <name>Indian Hollow</name>
    <desc>Indian Hollow to Left</desc>
    <sym>POI</sym>
  </wpt>
  <wpt lat="43.111483" lon="-91.141339">
    <name>Mill Coulee</name>
    <desc>Mill Coulee to Left</desc>
    <sym>POI</sym>
  </wpt>
  <wpt lat="42.065295" lon="-91.180174">
    <name>1840 Military Road</name>
    <desc>1840 Military Road to Right</desc>
    <sym>POI</sym>
  </wpt>
  <wpt lat="47.253614" lon="-95.212219">
    <name>Mary Gibbs Headwaters Center</name>
    <desc>Mary Gibbs Headwaters Center</desc>
    <sym>POI</sym>
  </wpt>
  <wpt lat="47.253614" lon="-95.212219">
    <name>Headwaters of the Mississippi River</name>
    <desc>Headwaters of the Mississippi River</desc>
    <sym>POI</sym>
  </wpt>
</gpx>
